CONFIG_ID;INSTANCES;BQ;MQ;BQR;MQR;BQRN;MQRN;BG;MG;BGR;MGR;BGRN;MGRN
1;5;32943014;33098108.6;260;249;0.787234042553192;0.753799392097264;1.47650842044978;1.73273670881462;252;244;0.762917933130699;0.738601823708207
2;5;40744927;41154209.8;322;322;0.975683890577508;0.975683890577508;25.7319769622933;26.4963068306351;322;322;0.975683890577508;0.975683890577508
3;5;33264582;33476326.6;283;284;0.857142857142857;0.860182370820669;2.009752767315;2.89714874662589;271;281;0.820668693009118;0.851063829787234
4;5;33265681;33426937;284;280;0.860182370820669;0.848024316109423;2.60393366761411;2.74346175917841;284;279;0.860182370820669;0.844984802431611
5;6;32507988;32732899.6666667;130;153;0.39209726443769;0.462006079027356;0.587276137280023;0.736698277293189;186;179;0.562310030395137;0.541033434650456
6;5;42236282;42727258.2;323;323;0.978723404255319;0.978723404255319;29.7852323177329;31.3308558261643;323;323;0.978723404255319;0.978723404255319
7;5;33062512;33437455.6;270;281;0.817629179331307;0.851063829787234;1.9772836796185;2.77724921525248;269;280;0.814589665653495;0.848024316109423
8;5;32880664;33020102.8;254;237;0.768996960486322;0.717325227963526;1.22214378920748;1.49332144222164;244;234;0.738601823708207;0.708206686930091
9;5;32751456;32938355.6;233;224;0.70516717325228;0.677811550151976;1.06547279551056;1.24203043040989;233;220;0.70516717325228;0.665653495440729
10;5;33923181;34088907.4;300;297;0.908814589665654;0.899696048632219;4.30686761661978;4.77985825073657;298;296;0.90273556231003;0.896656534954407
11;5;42748458;43259861.8;324;324;0.981762917933131;0.981762917933131;31.4343565936262;32.964491006467;324;324;0.981762917933131;0.981762917933131
12;5;33788863;34051421.4;297;295;0.899696048632219;0.893617021276596;4.26673593741095;4.66272320602584;297;295;0.899696048632219;0.893617021276596
13;5;33141978;33288234.8;274;268;0.829787234042553;0.811550151975684;2.0935496485749;2.3174591679783;274;264;0.829787234042553;0.799392097264438
14;5;33754511;33964257.6;296;294;0.896656534954407;0.890577507598784;4.11167015119127;4.39553729276343;295;294;0.893617021276596;0.890577507598784
15;5;38030105;38568539;306;304;0.927051671732523;0.9209726443769;16.9273142405054;18.546949692201;303;304;0.917933130699088;0.9209726443769
16;5;32943770;33182168.8;261;258;0.790273556231003;0.781155015197568;1.6589213840312;1.99163639769763;260;256;0.787234042553192;0.775075987841945
17;5;33203975;33359233;280;275;0.848024316109423;0.832826747720365;1.84849316672587;2.53684960813609;266;271;0.805471124620061;0.820668693009118
18;5;33057378;33327669;268;271;0.811550151975684;0.820668693009118;2.00949652283884;2.43815763110058;270;269;0.817629179331307;0.814589665653495
19;5;33335143;33554970.4;287;287;0.869300911854103;0.869300911854103;2.86663249416924;3.13748412515375;288;286;0.872340425531915;0.866261398176292
20;5;37954854;39361664.2;305;313;0.924012158054711;0.948328267477204;17.0671155711491;20.9829106823034;305;312;0.924012158054711;0.945288753799392
21;5;34735441;34949256.6;302;302;0.914893617021277;0.914893617021277;7.18771609499016;7.42272778175344;302;302;0.914893617021277;0.914893617021277
22;6;32567683;32766134.3333333;166;177;0.501519756838906;0.534954407294833;0.563790662502399;0.838514582456626;181;190;0.547112462006079;0.574468085106383
23;5;32749454;33079279.4;232;245;0.702127659574468;0.741641337386018;1.0592949609576;1.67441719171053;232;240;0.702127659574468;0.726443768996961
24;5;39890595;40387325.8;320;320;0.969604863221885;0.969604863221885;22.8622337777943;24.1381316576659;320;320;0.969604863221885;0.969604863221885
25;5;38571363;38903656.2;312;310;0.945288753799392;0.939209726443769;19.0247248232953;19.5756696455159;312;310;0.945288753799392;0.939209726443769
26;5;33143238;33351809.2;275;273;0.832826747720365;0.826747720364742;2.22627317570764;2.51311015237563;277;270;0.838905775075988;0.817629179331307
27;5;33197119;33364127.8;278;276;0.841945288753799;0.835866261398176;2.39246254516455;2.55052973072625;280;272;0.848024316109423;0.82370820668693
28;5;32756867;32894302;235;216;0.711246200607903;0.653495440729483;0.858662980523725;1.10714954321567;219;211;0.662613981762918;0.638297872340426
29;5;39328578;39838061;316;317;0.957446808510638;0.96048632218845;21.3613626809481;22.4480089859895;317;316;0.96048632218845;0.957446808510638
30;5;32917994;33124750;258;252;0.781155015197568;0.762917933130699;1.3986022520388;1.8156550348391;250;246;0.756838905775076;0.74468085106383
31;6;32521880;32763747.8333333;138;176;0.416413373860182;0.531914893617021;0.612850480953226;0.831453900541871;192;188;0.580547112462006;0.56838905775076
32;5;33466898;33673471.4;293;290;0.887537993920973;0.878419452887538;3.27320621620995;3.50161778463471;290;289;0.878419452887538;0.875379939209726
33;5;34150087;34281175.8;301;299;0.911854103343465;0.905775075987842;5.13052908092981;5.37004671930966;301;299;0.911854103343465;0.905775075987842
34;5;32800937;33022130;243;238;0.735562310030395;0.720364741641337;1.1704875118471;1.49937161707805;239;236;0.723404255319149;0.714285714285714
35;5;38495870;39111447.4;311;311;0.942249240121581;0.942249240121581;18.2915539588272;20.2143391011675;309;311;0.936170212765957;0.942249240121581
36;5;33616989;33793238.6;294;292;0.890577507598784;0.884498480243161;3.55393487304936;3.86955780924623;294;291;0.890577507598784;0.881458966565349
37;5;33407076;33478550.8;288;285;0.872340425531915;0.86322188449848;2.49143855651941;2.90348057694101;281;282;0.851063829787234;0.854103343465046
38;5;32812087;32995353;245;235;0.741641337386018;0.711246200607903;1.13063520376032;1.41653269688818;236;229;0.714285714285714;0.693009118541033
39;5;37929706;38831770.6;304;308;0.9209726443769;0.933130699088146;17.0446794757678;19.3546325195137;304;306;0.9209726443769;0.927051671732523
40;6;32722346;32836676.5;227;202;0.68693009118541;0.610942249240122;0.633939222991702;1.05626234585698;198;206;0.598784194528875;0.623100303951368
41;5;32781093;33153252.4;237;255;0.717325227963526;0.772036474164134;1.15692758204709;1.90200382113431;238;252;0.720364741641337;0.762917933130699
42;5;39546403;39772284.8;318;316;0.963525835866261;0.957446808510638;21.6564923479739;22.2468024925533;318;315;0.963525835866261;0.954407294832827
43;6;32511723;32728299.6666667;134;147;0.404255319148936;0.443768996960486;0.61912898153307;0.722508227703218;193;176;0.583586626139818;0.531914893617021
44;5;33873753;34090169.8;299;298;0.905775075987842;0.90273556231003;4.47945754921248;4.78203901158015;299;297;0.905775075987842;0.899696048632219
45;5;33258315;33375838.6;282;277;0.854103343465046;0.838905775075988;2.07670476102083;2.58766705546902;272;275;0.82370820668693;0.832826747720365
46;5;39196886;39611074.4;314;314;0.951367781155015;0.951367781155015;20.9549833662885;21.9280277766028;316;314;0.957446808510638;0.951367781155015
47;5;51658846;52295188.6;327;327;0.990881458966565;0.990881458966565;59.4104914010684;60.9734619827986;327;327;0.990881458966565;0.990881458966565
48;5;38243742;38798454.2;308;306;0.933130699088146;0.927051671732523;18.4385589791397;19.4264247750919;310;307;0.939209726443769;0.930091185410334
49;5;40384080;40869381.4;321;321;0.972644376899696;0.972644376899696;25.0670564846478;25.7998314931729;321;321;0.972644376899696;0.972644376899696
50;5;32550195;32726842.4;152;145;0.458966565349544;0.437689969604863;0.444415273051184;0.737381529784068;168;180;0.507598784194529;0.544072948328267
51;8;32424908;32716252.375;72;139;0.21580547112462;0.419452887537994;0.417981549796528;0.568035875933387;157;154;0.474164133738602;0.465045592705167
52;5;38387146;38800018.8;309;307;0.936170212765957;0.930091185410334;18.8571895993914;19.4295405688739;311;308;0.942249240121581;0.933130699088146
53;5;33034932;33220314.8;267;261;0.808510638297872;0.790273556231003;2.20902909672927;2.25643285565182;276;262;0.835866261398176;0.793313069908815
54;5;39328388;40220284.6;315;319;0.954407294832827;0.966565349544073;20.8497465108775;23.8033583284176;314;319;0.951367781155015;0.966565349544073
55;5;32565609;32782699.2;163;188;0.492401215805471;0.56838905775076;0.662604582003864;0.908827101149724;203;199;0.613981762917933;0.601823708206687
56;5;32948990;33109599;262;251;0.793313069908815;0.759878419452888;1.7063208643788;1.91605465188223;262;253;0.793313069908815;0.765957446808511
57;5;32534449;32940175.8;149;225;0.449848024316109;0.680851063829787;0.757223410311483;1.3930440516574;211;227;0.638297872340426;0.68693009118541
58;5;32925463;33100700.6;259;250;0.78419452887538;0.756838905775076;1.60242906776693;1.88867911392613;258;251;0.781155015197568;0.759878419452888
59;5;33100713;33270176.8;272;266;0.82370820668693;0.805471124620061;2.33929282516098;2.40998204176184;278;266;0.841945288753799;0.805471124620061
60;5;32510549;32741444;132;158;0.398176291793313;0.477203647416413;0.653819794911322;0.782073672356158;199;183;0.601823708206687;0.553191489361702
61;5;33452327;33609328;292;288;0.884498480243161;0.872340425531915;3.1696203925082;3.45444354924896;289;288;0.875379939209726;0.872340425531915
62;5;39731539;40107368;319;318;0.966565349544073;0.963525835866261;22.0885640326027;23.4562512579074;319;318;0.966565349544073;0.963525835866261
63;5;32468261;32881863.8;100;213;0.300911854103343;0.644376899696049;0.552243172192753;1.21295676029217;180;218;0.544072948328267;0.659574468085106
64;5;37906710;38443643.4;303;303;0.917933130699088;0.917933130699088;17.3947912325144;18.3347826472669;307;303;0.930091185410334;0.917933130699088
65;5;32642888;33157309.8;209;256;0.632218844984802;0.775075987841945;1.09305244338934;2.06010629390661;235;258;0.711246200607903;0.781155015197568
66;5;32484825;32753486.8;113;169;0.340425531914894;0.51063829787234;0.603540879695603;0.819013833306567;190;185;0.574468085106383;0.559270516717325
67;5;33076320;33255971;271;265;0.820668693009118;0.802431610942249;2.14865517768418;2.36581553756126;275;265;0.832826747720365;0.802431610942249
68;5;32826479;33043434.2;246;239;0.74468085106383;0.723404255319149;1.48350112387524;1.7110670737469;253;242;0.765957446808511;0.732522796352584
69;5;33418767;33745306.2;290;291;0.878419452887538;0.881458966565349;3.49590284181991;3.87188237044524;293;292;0.887537993920973;0.884498480243161
70;5;32707229;32833430;226;200;0.683890577507599;0.604863221884498;0.710446570469246;1.06640800764694;207;208;0.626139817629179;0.629179331306991
71;5;33136880;33326997.2;273;270;0.826747720364742;0.817629179331307;2.0876549389925;2.58559719622207;273;274;0.826747720364742;0.829787234042553
72;5;55640820;56266369.2;329;329;0.996960486322188;0.996960486322188;72.316258728492;73.1921750197515;329;329;0.996960486322188;0.996960486322188
73;5;33873652;34055166.6;298;296;0.90273556231003;0.896656534954407;4.63022811319223;4.82581764374687;300;298;0.908814589665654;0.90273556231003
74;5;32687321;32905050.8;223;220;0.674772036474164;0.665653495440729;1.040406955297;1.28585819188915;229;223;0.693009118541033;0.674772036474164
75;5;32575432;32809608;170;195;0.513677811550152;0.589665653495441;0.79968087565528;0.991841176906794;215;204;0.650455927051672;0.617021276595745
76;5;32454478;32900735.4;91;218;0.273556231003039;0.659574468085106;0.509558053712206;1.27113691640927;176;222;0.531914893617021;0.671732522796353
77;5;33178960;33514260.8;276;286;0.835866261398176;0.866261398176292;2.75323504761947;3.16089268853207;287;287;0.869300911854103;0.869300911854103
78;8;32354585;32679490.125;18;103;0.0516717325227964;0.310030395136778;0.200195466439673;0.454986592332976;89;125;0.267477203647416;0.376899696048632
79;5;33419133;33650667.2;291;289;0.881458966565349;0.875379939209726;3.46379239292448;3.58110820982586;291;290;0.881458966565349;0.878419452887538
80;5;33201209;33342471.4;279;272;0.844984802431611;0.82370820668693;2.49795586810502;2.63261296820772;282;277;0.854103343465046;0.838905775075988
81;5;33417065;34308216.4;289;300;0.875379939209726;0.908814589665654;3.49063185062395;5.60065797696041;292;300;0.884498480243161;0.908814589665654
82;5;33058787;33456646;269;282;0.814589665653495;0.854103343465046;2.38106652529757;2.98321589118017;279;284;0.844984802431611;0.860182370820669
83;5;32755278;32973890;234;230;0.708206686930091;0.696048632218845;0.94325302907887;1.49921663961746;225;235;0.680851063829787;0.711246200607903
84;5;32743471;32887293;231;214;0.699088145896657;0.64741641337386;1.04083243142195;1.23171639766052;230;219;0.696048632218845;0.662613981762918
85;5;32760090;32970349.2;236;229;0.714285714285714;0.693009118541033;1.13408634799605;1.48781964839402;237;233;0.717325227963526;0.70516717325228
86;5;33638468;34324378.8;295;301;0.893617021276596;0.911854103343465;4.17630356846104;5.74001109835722;296;301;0.896656534954407;0.911854103343465
87;5;32475541;32661173.6;104;72;0.31306990881459;0.21580547112462;0.574788892466886;0.618412276919356;183;167;0.553191489361702;0.504559270516717
88;5;33280349;33422653;286;278;0.866261398176292;0.841945288753799;2.64917532369313;2.96417498770741;286;283;0.866261398176292;0.857142857142857
89;5;39368496;39765207;317;315;0.96048632218845;0.954407294832827;20.9150292376532;22.5077012892658;315;317;0.954407294832827;0.96048632218845
90;5;33022317;33242812.8;266;262;0.805471124620061;0.793313069908815;1.90130418654444;2.41023517450363;268;267;0.811550151975684;0.808510638297872
91;5;32450149;32730343;89;151;0.267477203647416;0.455927051671733;0.496151402192051;0.831108963485284;175;187;0.52887537993921;0.565349544072948
92;8;32416981;32698126.875;64;122;0.191489361702128;0.367781155015198;0.311654803326489;0.51218964506884;139;144;0.419452887537994;0.434650455927052
93;12;32359984;32660913.25;21;71;0.060790273556231;0.212765957446809;0.122927884035284;0.323263023211671;58;68;0.173252279635258;0.203647416413374
94;5;32850923;33084302.4;250;246;0.756838905775076;0.74468085106383;1.73732427267909;1.9220094288902;264;254;0.799392097264438;0.768996960486322
95;5;32802067;33161222.6;244;257;0.738601823708207;0.778115501519757;1.58602019167455;2.15773210685538;257;259;0.778115501519757;0.78419452887538
96;5;32853816;33060469.2;251;242;0.759878419452888;0.732522796352584;1.5666789466035;1.84828858365899;254;247;0.768996960486322;0.747720364741641
97;5;84213804;87178915.6;330;330;1;1;159.747201913992;168.567829044792;330;330;1;1
98;5;32625506;32805813.2;202;192;0.610942249240122;0.580547112462006;0.629392000011844;1.06361509003514;197;207;0.595744680851064;0.626139817629179
99;5;32829997;32952595;247;228;0.747720364741641;0.689969604863222;1.27057557700692;1.51632916472363;247;237;0.747720364741641;0.717325227963526
100;5;52480848;53981127.6;328;328;0.993920972644377;0.993920972644377;62.0834237649698;66.295931106213;328;328;0.993920972644377;0.993920972644377
101;5;32619120;33017598;200;236;0.604863221884498;0.714285714285714;1.01944438302181;1.71542215998324;227;243;0.68693009118541;0.735562310030395
102;5;32845465;33296627.8;249;269;0.753799392097264;0.814589665653495;1.72042117635269;2.57485595317059;263;273;0.796352583586626;0.826747720364742
103;5;32562687;32694185.2;162;117;0.48936170212766;0.35258358662614;0.600741213038973;0.720194515024082;189;175;0.571428571428571;0.52887537993921
104;5;32863129;33800069.2;253;293;0.765957446808511;0.887537993920973;1.77512551741344;4.12344741783181;265;293;0.802431610942249;0.887537993920973
105;5;32466340;32647243.8;96;63;0.288753799392097;0.188449848024316;0.43244846688053;0.575689669137193;164;155;0.495440729483283;0.468085106382979
106;5;32492769;32845201.8;120;205;0.361702127659574;0.620060790273556;0.628142967862872;1.18471456551512;196;216;0.592705167173252;0.653495440729483
107;5;32597412;32733331.4;182;154;0.550151975683891;0.465045592705167;0.747169161976415;0.840901605188961;209;192;0.632218844984802;0.580547112462006
108;5;32674879;32941282.2;216;226;0.653495440729483;0.683890577507599;1.192126638072;1.48093882367122;241;232;0.729483282674772;0.702127659574468
109;5;45632683;45958068;325;325;0.984802431610942;0.984802431610942;40.5631416668427;41.5821882764191;325;325;0.984802431610942;0.984802431610942
110;5;32683692;33246343.4;222;263;0.671732522796353;0.796352583586626;1.21941996675002;2.41955104949992;243;268;0.735562310030395;0.811550151975684
111;5;32530757;32735617.6;145;156;0.437689969604863;0.47112462006079;0.478161863714415;0.847260764979629;172;193;0.519756838905775;0.583586626139818
112;5;32504122;32633633.6;127;57;0.382978723404255;0.170212765957447;0.254997864376693;0.534157299159365;114;148;0.343465045592705;0.446808510638298
113;5;32506685;32657389.4;129;69;0.389057750759878;0.206686930091185;0.279731491326359;0.60658611191603;123;164;0.370820668693009;0.495440729483283
114;5;32565847;32771300.8;164;181;0.495440729483283;0.547112462006079;0.726954795385417;0.957807979540576;208;203;0.629179331306991;0.613981762917933
115;5;32469804;32675481.6;101;95;0.303951367781155;0.285714285714286;0.469749949214929;0.6619744862117;171;171;0.516717325227964;0.516717325227964
116;5;32682393;32842446.4;221;204;0.668693009118541;0.617021276595745;0.793609286567333;1.17707110685105;214;215;0.64741641337386;0.650455927051672
117;5;32796029;33189068.4;240;259;0.726443768996961;0.78419452887538;1.56732087038125;2.24340245883582;255;261;0.772036474164134;0.790273556231003
118;5;32602752;32926488.4;188;222;0.56838905775076;0.671732522796353;0.968753675680185;1.43544144695186;226;231;0.683890577507599;0.699088145896657
119;5;38613674;39317602.4;313;312;0.948328267477204;0.945288753799392;19.1552894375662;21.1270740492061;313;313;0.948328267477204;0.948328267477204
120;5;32581670;32754240.8;173;170;0.522796352583587;0.513677811550152;0.54154181778369;0.905010688429569;179;198;0.541033434650456;0.598784194528875
121;5;32560620;32708830.6;160;133;0.483282674772036;0.401215805471125;0.625049195828638;0.765340471100687;195;181;0.589665653495441;0.547112462006079
122;5;32984774;33097076;265;248;0.802431610942249;0.750759878419453;1.67815984965067;1.9617939224749;261;255;0.790273556231003;0.772036474164134
123;5;32916808;33067969.4;257;244;0.778115501519757;0.738601823708207;1.57572119661014;1.87116442937394;256;250;0.775075987841945;0.756838905775076
124;5;32628999;32741792.2;204;159;0.617021276595745;0.480243161094225;0.687591134245795;0.866989694553819;205;195;0.620060790273556;0.589665653495441
125;5;33270922;33468595.4;285;283;0.86322188449848;0.857142857142857;2.64387823248327;3.10627300421619;285;285;0.86322188449848;0.86322188449848
126;5;32550929;33045667.4;153;240;0.462006079027356;0.726443768996961;0.808260974888094;1.80134018050944;216;245;0.653495440729483;0.741641337386018
127;5;32530740;32728984.6;144;148;0.434650455927052;0.446808510638298;0.661958041626931;0.827680942883101;202;186;0.610942249240122;0.562310030395137
128;5;32574389;32904190.2;168;219;0.507598784194529;0.662613981762918;0.880915177859409;1.36647127540432;220;224;0.665653495440729;0.677811550151976
129;10;32446767;32706752.3;88;128;0.264437689969605;0.386018237082067;0.0877939339960135;0.468010105585682;46;130;0.13677811550152;0.39209726443769
130;5;32692482;33060758;225;243;0.680851063829787;0.735562310030395;0.883488971871011;1.62480756906895;221;239;0.668693009118541;0.723404255319149
131;5;38134317;38606273.2;307;305;0.930091185410334;0.924012158054711;17.1805603325376;18.6719945652762;306;305;0.927051671732523;0.924012158054711
132;5;32956047;33194899.8;263;260;0.796352583586626;0.787234042553192;1.26857795317125;2.03804118187821;246;257;0.74468085106383;0.778115501519757
133;5;32615449;32895428.2;198;217;0.598784194528875;0.656534954407295;0.443649438793972;1.11594578478518;167;212;0.504559270516717;0.641337386018237
134;5;33250996;33423699.2;281;279;0.851063829787234;0.844984802431611;2.57975522869922;2.74034351075492;283;278;0.857142857142857;0.841945288753799
135;5;32604480;32756669.2;189;172;0.571428571428571;0.519756838905775;0.564539868793029;0.690130157490464;182;172;0.550151975683891;0.519756838905775
136;5;32629378;32861705.4;205;210;0.620060790273556;0.635258358662614;0.688760664363464;1.0126282192634;206;205;0.623100303951368;0.620060790273556
137;12;32352271;32671880.5;17;91;0.0486322188449848;0.273556231003039;0.193029148209681;0.356891717126591;88;87;0.264437689969605;0.261398176291793
138;5;32497314;32713820;124;135;0.373860182370821;0.407294832826748;0.281233420406239;0.55846258621042;125;152;0.376899696048632;0.458966565349544
139;5;32687459;32820068.2;224;198;0.677811550151976;0.598784194528875;0.511764565397242;0.885563211638735;177;196;0.534954407294833;0.592705167173252
140;5;32566331;32724658;165;144;0.498480243161094;0.434650455927052;0.486454763176258;0.591547680488067;174;159;0.525835866261398;0.480243161094225
141;10;32470885;32686215.6;103;112;0.310030395136778;0.337386018237082;0.223374080811816;0.405048141033412;100;111;0.300911854103343;0.334346504559271
142;5;32595344;32908538;181;221;0.547112462006079;0.668693009118541;0.583737476963111;1.1562720147272;185;214;0.559270516717325;0.64741641337386
143;5;32783751;32937838;238;223;0.720364741641337;0.674772036474164;1.05571635202193;1.24709719659217;231;221;0.699088145896657;0.668693009118541
144;5;32797231;33253558.4;241;264;0.729483282674772;0.799392097264438;1.20672672990708;2.21655179306018;242;260;0.732522796352584;0.787234042553192
145;6;32540989;32687506.8333333;150;114;0.452887537993921;0.343465045592705;0.416007108768183;0.481602324739691;156;135;0.47112462006079;0.407294832826748
146;5;32598033;32721138.6;183;143;0.553191489361702;0.43161094224924;0.294141226567962;0.580894895448129;129;158;0.389057750759878;0.477203647416413
147;5;32605551;32729205;190;149;0.574468085106383;0.449848024316109;0.300078299550378;0.606027655724778;134;163;0.404255319148936;0.492401215805471
148;5;32844790;33086836;248;247;0.750759878419453;0.747720364741641;1.35348578760154;1.70522468876416;248;241;0.750759878419453;0.729483282674772
149;5;32739259;32889577.2;229;215;0.693009118541033;0.650455927051672;0.655783634949592;1.09893744415426;200;210;0.604863221884498;0.635258358662614
150;5;32741091;32991513.4;230;233;0.696048632218845;0.70516717325228;1.03348815258276;1.4120154409778;228;228;0.689969604863222;0.689969604863222
151;5;32608558;32759719.2;191;175;0.577507598784195;0.52887537993921;0.624513653677816;0.69961048970417;194;173;0.586626139817629;0.522796352583587
152;5;32679732;32976770.2;219;231;0.662613981762918;0.699088145896657;0.844144620946803;1.36677534562703;218;225;0.659574468085106;0.680851063829787
153;5;32915171;33049514.2;256;241;0.775075987841945;0.729483282674772;1.35685100532436;1.5906611383042;249;238;0.753799392097264;0.720364741641337
154;5;32965243;33136346.8;264;254;0.799392097264438;0.768996960486322;1.60736443616458;1.85684977235518;259;249;0.78419452887538;0.753799392097264
155;5;33195252;33275517.2;277;267;0.838905775075988;0.808510638297872;1.87259707892324;2.28573517480546;267;263;0.808510638297872;0.796352583586626
156;5;32612747;32786411.2;196;189;0.592705167173252;0.571428571428571;0.350075515287138;0.781870827574609;146;182;0.440729483282675;0.550151975683891
157;6;32494005;32696792.1666667;122;120;0.367781155015198;0.361702127659574;0.271022404154615;0.509853490501597;120;143;0.361702127659574;0.43161094224924
158;5;32636666;32727022.8;208;146;0.629179331306991;0.440729483282675;0.251242598142674;0.599520375198047;111;161;0.334346504559271;0.486322188449848
159;5;32592579;32732089;177;152;0.534954407294833;0.458966565349544;0.29496686154353;0.61500793867467;130;166;0.39209726443769;0.501519756838906
160;5;32593667;32809328;179;194;0.541033434650456;0.586626139817629;0.531188489792313;0.851684575160306;178;194;0.537993920972644;0.586626139817629
161;5;32738115;32840759;228;203;0.689969604863222;0.613981762917933;0.748937697076266;0.949153599950819;210;200;0.635258358662614;0.604863221884498
162;5;32552475;32719816.6;154;142;0.465045592705167;0.428571428571429;0.404136792409765;0.576917953085278;155;156;0.468085106382979;0.47112462006079
163;5;32862190;32995085.8;252;234;0.762917933130699;0.708206686930091;1.23149633355284;1.42328365791387;245;230;0.741641337386018;0.696048632218845
164;5;32528240;32793617;143;190;0.43161094224924;0.574468085106383;0.37666584367542;0.803260922527879;151;184;0.455927051671733;0.556231003039514
165;5;32791098;32984031.8;239;232;0.723404255319149;0.702127659574468;1.18780132565467;1.38916238770447;240;226;0.726443768996961;0.683890577507599
166;5;38418149;38866043.6;310;309;0.939209726443769;0.936170212765957;17.6308009139025;19.4717570357166;308;309;0.933130699088146;0.936170212765957
167;5;46007739;47115540;326;326;0.987841945288754;0.987841945288754;41.3743069176548;44.8278203871402;326;326;0.987841945288754;0.987841945288754
168;6;32559281;32703884.3333333;158;125;0.477203647416413;0.376899696048632;0.42592944974224;0.531851552071651;163;147;0.492401215805471;0.443768996960486
169;5;32882334;33133512.4;255;253;0.772036474164134;0.765957446808511;1.42154662555479;1.84845399076498;251;248;0.759878419452888;0.750759878419453
170;5;32543501;32733974;151;155;0.455927051671733;0.468085106382979;0.65779854648996;0.71477651744014;201;174;0.60790273556231;0.525835866261398
171;5;32635344;32850849.2;207;208;0.626139817629179;0.629179331306991;0.931753572511629;1.07391360094518;223;209;0.674772036474164;0.632218844984802
172;5;32440232;32646891.2;86;62;0.258358662613982;0.185410334346505;0.322286276901678;0.446879876742069;142;122;0.428571428571429;0.367781155015198
173;10;32446134;32671417.7;87;89;0.261398176291793;0.267477203647416;0.122058849654253;0.359816884246495;57;88;0.170212765957447;0.264437689969605
174;5;32620884;32810748;201;196;0.60790273556231;0.592705167173252;0.78203932311358;0.950847184118989;213;201;0.644376899696049;0.60790273556231
175;5;32592670;33357691;178;274;0.537993920972644;0.829787234042553;0.937530330652189;2.63017151177938;224;276;0.677811550151976;0.835866261398176
176;5;32460274;32632743.2;93;56;0.279635258358663;0.167173252279635;0.274636098918222;0.403148701392928;121;110;0.364741641337386;0.331306990881459
177;5;32476116;32677405.6;105;98;0.316109422492401;0.29483282674772;0.393202814389368;0.540273341002632;153;149;0.462006079027356;0.449848024316109
178;5;32431720;32623735.8;80;52;0.240121580547112;0.155015197568389;0.23253083841805;0.375694035145975;102;95;0.306990881458967;0.285714285714286
179;5;32521098;32739944.2;137;157;0.413373860182371;0.474164133738602;0.591609202098804;0.733142493788944;188;177;0.56838905775076;0.534954407294833
180;10;32418837;32672567.8;67;93;0.200607902735562;0.279635258358663;0.246909138350362;0.363138066795038;109;90;0.328267477203647;0.270516717325228
181;14;32407115;32628700.7857143;58;55;0.173252279635258;0.164133738601824;0.177012113508526;0.315318656312285;80;62;0.240121580547112;0.185410334346505
182;5;32490661;32657592;117;70;0.35258358662614;0.209726443768997;0.297700106623338;0.479883579068763;133;133;0.401215805471125;0.401215805471125
183;5;32481658;32665291.6;110;80;0.331306990881459;0.240121580547112;0.4187627562486;0.503502290633025;158;141;0.477203647416413;0.425531914893617
184;5;32554825;32696956.6;155;121;0.468085106382979;0.364741641337386;0.465361695134653;0.600812312097;170;162;0.513677811550152;0.48936170212766
185;5;32435668;32667103;84;84;0.252279635258359;0.252279635258359;0.421891768096977;0.508845848502589;161;142;0.486322188449848;0.428571428571429
186;5;32534044;32682310;147;106;0.443768996960486;0.319148936170213;0.480327097050076;0.555902884692096;173;151;0.522796352583587;0.455927051671733
187;16;32385041;32608804.8125;41;33;0.121580547112462;0.0972644376899696;0.064578969138191;0.243854383643148;36;30;0.106382978723404;0.088145896656535
188;5;32491464;32680141.4;118;104;0.355623100303951;0.31306990881459;0.306796448096917;0.548536312827998;137;150;0.413373860182371;0.452887537993921
189;5;32431325;32642664;78;61;0.234042553191489;0.182370820668693;0.257636067346049;0.433191477399306;117;121;0.35258358662614;0.364741641337386
190;5;32630219;32868031.8;206;211;0.623100303951368;0.638297872340426;0.904712830839634;1.12709343845696;222;213;0.671732522796353;0.644376899696049
191;5;32427105;32654811.6;74;67;0.221884498480243;0.200607902735562;0.369683348208787;0.47102950169881;150;132;0.452887537993921;0.398176291793313
192;10;32427603;32683471.9;75;110;0.224924012158055;0.331306990881459;0.252925162380163;0.39626957828534;113;108;0.340425531914894;0.325227963525836
193;5;32496448;32708805.8;123;132;0.370820668693009;0.398176291793313;0.575683456891567;0.637243784755947;184;169;0.556231003039514;0.51063829787234
194;5;32465819;32653057;95;65;0.285714285714286;0.194528875379939;0.269973932124719;0.466014058236653;119;129;0.358662613981763;0.389057750759878
195;5;32410573;32634787.6;62;59;0.185410334346505;0.17629179331307;0.244304158984404;0.409357549491911;107;114;0.322188449848024;0.343465045592705
196;10;32439134;32686436.9;85;113;0.25531914893617;0.340425531914894;0.233505918674576;0.405665972998986;104;112;0.31306990881459;0.337386018237082
197;5;32400396;32650358.6;54;64;0.161094224924012;0.191489361702128;0.297162482325515;0.456935615288478;132;126;0.398176291793313;0.379939209726444
198;16;32362666;32601870.9375;24;23;0.0699088145896656;0.0668693009118541;0.0301339324892753;0.222485369090612;23;21;0.0668693009118541;0.060790273556231
199;14;32360037;32623710.8571429;22;51;0.0638297872340425;0.151975683890578;0.117150844095551;0.299719997908206;55;56;0.164133738601824;0.167173252279635
200;5;32419325;32654495.6;68;66;0.203647416413374;0.197568389057751;0.32231985315821;0.470217874517427;143;131;0.43161094224924;0.395136778115502
201;5;32466595;32661608.8;97;73;0.291793313069909;0.218844984802432;0.287528798837115;0.491472749567342;127;138;0.382978723404255;0.416413373860182
202;10;32385770;32677538.7;43;99;0.127659574468085;0.297872340425532;0.102051531718783;0.377730368602043;51;97;0.151975683890578;0.291793313069909
203;14;32329921;32619182.2142857;5;49;0.0121580547112462;0.145896656534954;0.123812548192251;0.285775790813673;59;51;0.17629179331307;0.151975683890578
204;10;32319931;32679328.2;3;102;0.0060790273556231;0.306990881458967;0.0928741216072794;0.383431031477219;48;100;0.142857142857143;0.300911854103343
205;5;32521086;32702793.6;136;124;0.410334346504559;0.373860182370821;0.423225661197379;0.619251449195785;162;168;0.48936170212766;0.507598784194529
206;10;32399052;32669605.7;52;86;0.155015197568389;0.258358662613982;0.20188743646003;0.353918264318569;92;86;0.276595744680851;0.258358662613982
207;10;32428745;32666337;76;81;0.227963525835866;0.243161094224924;0.14072107014533;0.343943796791415;69;80;0.206686930091185;0.240121580547112
208;10;32413330;32676922.1;63;97;0.188449848024316;0.291793313069909;0.188257318967307;0.376193115110159;85;96;0.25531914893617;0.288753799392097
209;12;32364536;32673884.6666667;26;94;0.0759878419452888;0.282674772036474;0.179233735580016;0.363121614307944;82;89;0.246200607902736;0.267477203647416
210;5;32476659;32700034;106;123;0.319148936170213;0.370820668693009;0.321098950692859;0.610026282023168;141;165;0.425531914893617;0.498480243161094
211;14;32373385;32615083.1428571;35;45;0.103343465045593;0.133738601823708;0.0388693311908833;0.273035844530631;26;45;0.0759878419452888;0.133738601823708
212;5;32524461;32704979;141;126;0.425531914893617;0.379939209726444;0.287631381956245;0.453187553595719;128;124;0.386018237082067;0.373860182370821
213;14;32388101;32610914.2857143;46;37;0.13677811550152;0.109422492401216;0.00637667092805245;0.260508750475347;18;41;0.0516717325227964;0.121580547112462
214;14;32392611;32616844.2857143;49;47;0.145896656534954;0.139817629179331;0.16222013880001;0.278767976155635;73;50;0.218844984802432;0.148936170212766
215;5;32534423;32716084.8;148;138;0.446808510638298;0.416413373860182;0.435393585362895;0.487521425276652;165;137;0.498480243161094;0.413373860182371
216;14;32379275;32607919.5;37;32;0.109422492401216;0.0942249240121581;0.0645942942309483;0.251352294154113;37;35;0.109422492401216;0.103343465045593
217;5;32380057;32663983.2;38;76;0.112462006079027;0.227963525835866;0.053688380956807;0.326718328340414;32;72;0.0942249240121581;0.21580547112462
218;18;32400194;32591833.0555556;53;14;0.158054711246201;0.0395136778115502;0.000771809198557326;0.203805554712454;16;14;0.0455927051671733;0.0395136778115502
219;5;32680839;32868272;220;212;0.665653495440729;0.641337386018237;0.835743588177909;0.954727088789988;217;202;0.656534954407295;0.610942249240122
220;5;32499545;32664624.6;126;79;0.379939209726444;0.237082066869301;0.114697698659462;0.329770208021908;54;75;0.161094224924012;0.224924012158055
221;5;32797781;32946713;242;227;0.732522796352584;0.68693009118541;1.08155468562858;1.19596523753638;234;217;0.708206686930091;0.656534954407295
222;14;32388885;32628390.1428571;47;54;0.139817629179331;0.161094224924012;0.0809667134510051;0.314078569006632;41;60;0.121580547112462;0.179331306990881
223;18;32385090;32589583;42;9;0.124620060790274;0.0243161094224924;0;0.196847071083594;1;9;0;0.0243161094224924
224;5;32487317;32718575.6;115;141;0.346504559270517;0.425531914893617;0.339534835284792;0.494710442509388;144;140;0.434650455927052;0.422492401215805
225;5;32408702;32657119.8;59;68;0.17629179331307;0.203647416413374;0.142200822539986;0.30596201629385;70;58;0.209726443768997;0.173252279635258
226;14;32420735;32634133.7857143;70;58;0.209726443768997;0.173252279635258;0.0867366188415951;0.33186407783139;45;77;0.133738601823708;0.231003039513678
227;14;32435643;32613060.5714286;83;43;0.249240121580547;0.127659574468085;0.120902447623518;0.267207747248359;56;43;0.167173252279635;0.127659574468085
228;5;32429251;32688086.4;77;115;0.231003039513678;0.346504559270517;0.205696796081363;0.401244750179325;94;109;0.282674772036474;0.328267477203647
229;5;32483978;32682662.4;112;107;0.337386018237082;0.322188449848024;0.282062427730427;0.38487843419795;126;102;0.379939209726444;0.306990881458967
230;5;32599713;32751189.4;185;166;0.559270516717325;0.501519756838906;0.383972073548966;0.59526742929154;152;160;0.458966565349544;0.483282674772036
231;5;32527083;32664456;142;78;0.428571428571429;0.234042553191489;0.216010490447457;0.329150058036058;98;74;0.29483282674772;0.221884498480243
232;5;32424436;32670140;71;87;0.212765957446809;0.261398176291793;0.190818548351462;0.345871523241673;87;81;0.261398176291793;0.243161094224924
233;5;32418048;32683105.4;66;109;0.197568389057751;0.328267477203647;0.171079764031918;0.385847321935975;77;104;0.231003039513678;0.31306990881459
234;5;32587506;32729604.8;176;150;0.531914893617021;0.452887537993921;0.346383179833803;0.529230873673851;145;146;0.437689969604863;0.440729483282675
235;5;32554852;32713860.8;156;136;0.47112462006079;0.410334346504559;0.245832042340977;0.480225397879089;108;134;0.325227963525836;0.404255319148936
236;5;32560676;32695335.2;161;118;0.486322188449848;0.355623100303951;0.303095829959068;0.423721338231749;136;120;0.410334346504559;0.361702127659574
237;5;32480022;32670432.4;108;88;0.325227963525836;0.264437689969605;0.25712933929787;0.347189001345126;116;83;0.349544072948328;0.249240121580547
238;14;32381866;32624210.9285714;39;53;0.115501519756839;0.158054711246201;0.134348072899093;0.301415093246792;66;57;0.197568389057751;0.170212765957447
239;5;32479066;32671977.4;107;92;0.322188449848024;0.276595744680851;0.162312458148599;0.3514654157971;74;85;0.221884498480243;0.25531914893617
240;5;32609450;32849060.8;192;207;0.580547112462006;0.626139817629179;0.762507878673344;0.895451437030755;212;197;0.641337386018237;0.595744680851064
241;5;32470372;32683862.2;102;111;0.306990881458967;0.334346504559271;0.203664497444993;0.388308321242518;93;107;0.279635258358663;0.322188449848024
242;5;32509629;32678466.6;131;100;0.395136778115502;0.300911854103343;0.249933656695741;0.371612102021579;110;93;0.331306990881459;0.279635258358663
243;14;32326109;32605362.7857143;4;28;0.00911854103343465;0.0820668693009119;0;0.243294449990106;1;29;0;0.0851063829787234
244;5;32506609;32664260.8;128;77;0.386018237082067;0.231003039513678;0.260357053535736;0.328263085962519;118;73;0.355623100303951;0.218844984802432
245;5;32659403;32828417.2;214;199;0.64741641337386;0.601823708206687;0.682828418110629;0.832454795687944;204;189;0.617021276595745;0.571428571428571
246;5;32555532;32706889.6;157;129;0.474164133738602;0.389057750759878;0.39946639773591;0.459302299510598;154;127;0.465045592705167;0.382978723404255
247;16;32336131;32612770.5;7;42;0.0182370820668693;0.124620060790274;0;0.256109617097812;1;39;0;0.115501519756839
248;5;32499189;32715243.8;125;137;0.376899696048632;0.413373860182371;0.421803730605517;0.484746880147366;160;136;0.483282674772036;0.410334346504559
249;14;32409390;32615478.1428571;60;46;0.179331306990881;0.13677811550152;0.0984700137843879;0.27457350042512;49;47;0.145896656534954;0.139817629179331
250;5;32481750;32671479.2;111;90;0.334346504559271;0.270516717325228;0.237659606532012;0.350096800033215;106;84;0.319148936170213;0.252279635258359
251;16;32368870;32611286.75;32;38;0.0942249240121581;0.112462006079027;0.0465619449387218;0.251507346751332;29;36;0.0851063829787234;0.106382978723404
252;5;32652979;32757547.8;212;173;0.641337386018237;0.522796352583587;0.215793415419624;0.341059355207352;97;79;0.291793313069909;0.237082066869301
253;16;32344811;32604604.375;11;26;0.0303951367781155;0.0759878419452888;0.0516052689364015;0.230945270544068;31;25;0.0911854103343465;0.0729483282674772
254;5;32610234;32749178.4;194;163;0.586626139817629;0.492401215805471;0.158037703699168;0.315563061847951;72;63;0.21580547112462;0.188449848024316
255;5;32677964;32835632.6;218;201;0.659574468085106;0.60790273556231;0.420046699412185;0.579915282071925;159;157;0.480243161094225;0.474164133738602
256;16;32384112;32607030.75;40;31;0.11854103343465;0.0911854103343465;0.0662182448290287;0.238459420634477;38;28;0.112462006079027;0.0820668693009119
257;5;32612749;32767261.8;197;178;0.595744680851064;0.537993920972644;0.275190340214954;0.370659330097184;122;92;0.367781155015198;0.276595744680851
258;5;32599463;32772013;184;183;0.556231003039514;0.553191489361702;0.215076872598661;0.385348821157961;96;103;0.288753799392097;0.310030395136778
259;16;32349871;32609481.4375;15;34;0.0425531914893617;0.100303951367781;0.0632705342362508;0.246000924939793;35;32;0.103343465045593;0.0942249240121581
260;18;32346900;32581384.2222222;12;3;0.033434650455927;0.0060790273556231;0.00761304271877031;0.171679082823735;19;3;0.0547112462006079;0.0060790273556231
261;5;32676520;32797497.8;217;191;0.656534954407295;0.577507598784195;0.36609987648477;0.463475418751432;148;128;0.446808510638298;0.386018237082067
262;18;32402179;32590373.1111111;56;11;0.167173252279635;0.0303951367781155;0;0.199393386180538;1;11;0;0.0303951367781155
263;5;32573733;32749092;167;162;0.504559270516717;0.48936170212766;0.129110867171501;0.314908605713077;63;61;0.188449848024316;0.182370820668693
264;5;32609602;32771102.4;193;180;0.583586626139818;0.544072948328267;0.190056873905223;0.382756908021897;86;99;0.258358662613982;0.297872340425532
265;16;32434688;32634826.5625;82;60;0.246200607902736;0.179331306990881;0.125342501734718;0.324225854402102;60;69;0.179331306990881;0.206686930091185
266;5;32579579;32748720;172;161;0.519756838905775;0.486322188449848;0.147081014533165;0.313647783514314;71;59;0.212765957446809;0.17629179331307
267;5;32655640;32772937.4;213;185;0.644376899696049;0.559270516717325;0.176581917048786;0.3882989823761;79;106;0.237082066869301;0.319148936170213
268;5;32650252;32807275.2;211;193;0.638297872340426;0.583586626139818;0.448673550237168;0.493099189877304;169;139;0.51063829787234;0.419452887537994
269;5;32617422;32752450.8;199;168;0.601823708206687;0.507598784194529;0.216026582139153;0.325326827320474;99;70;0.297872340425532;0.209726443768997
270;16;32370000;32603116.4375;34;24;0.100303951367781;0.0699088145896656;0;0.226480337876779;1;23;0;0.0668693009118541
271;18;32349352;32585595.4444444;14;4;0.0395136778115502;0.00911854103343465;0.0469310776149774;0.184741082448236;30;4;0.088145896656535;0.00911854103343465
272;16;32390061;32606722.6875;48;30;0.142857142857143;0.088145896656535;0.105880471976546;0.237519087370362;52;27;0.155015197568389;0.0790273556231003
273;5;32611649;32780729.8;195;186;0.589665653495441;0.562310030395137;0.236227279023515;0.411776162747472;105;115;0.316109422492401;0.346504559270517
274;16;32385970;32610476.5;44;36;0.130699088145897;0.106382978723404;0;0.249156732594891;1;34;0;0.100303951367781
275;16;32401890;32599062.5625;55;20;0.164133738601824;0.0577507598784195;0.013567351987303;0.214021082731642;21;20;0.060790273556231;0.0577507598784195
276;5;32587011;32767988.6;175;179;0.52887537993921;0.541033434650456;0.23295595950698;0.372950117429332;103;94;0.310030395136778;0.282674772036474
277;16;32418042;32611955.1875;65;39;0.194528875379939;0.115501519756839;0.0863301508036367;0.253857052230887;44;37;0.130699088145897;0.109422492401216
278;5;32669462;32855303.2;215;209;0.650455927051672;0.632218844984802;0.436118525897964;0.640264744917249;166;170;0.501519756838906;0.513677811550152
279;5;32586286;32751267.2;174;167;0.525835866261398;0.504559270516717;0.167697808641046;0.321482903761203;76;67;0.227963525835866;0.200607902735562
280;16;32365367;32612556.3125;27;41;0.0790273556231003;0.121580547112462;0.114401784165293;0.255386259053106;53;38;0.158054711246201;0.112462006079027
281;16;32357842;32603152.6875;20;25;0.0577507598784195;0.0729483282674772;0.0574742991121186;0.226417687879056;33;22;0.0972644376899696;0.0638297872340425
282;5;32601902;32759361.2;187;174;0.565349544072948;0.525835866261398;0.185560659327604;0.346639915246157;84;82;0.252279635258359;0.246200607902736
283;5;32601852;32749672;186;165;0.562310030395137;0.498480243161094;0.165668302115249;0.316846671757878;75;65;0.224924012158055;0.194528875379939
284;16;32347130;32596520.0625;13;19;0.0364741641337386;0.0547112462006079;0.0349864052256254;0.206172477313617;25;17;0.0729483282674772;0.0486322188449848
285;5;32593885;32781712.8;180;187;0.544072948328267;0.565349544072948;0.280511985600217;0.414966233008435;124;116;0.373860182370821;0.349544072948328
286;5;32575605;32771965.6;171;182;0.516717325227964;0.550151975683891;0.134865248947251;0.384748139461986;67;101;0.200607902735562;0.303951367781155
287;16;32410126;32622595.0625;61;50;0.182370820668693;0.148936170212766;0.0705489773313024;0.286396061592316;40;52;0.11854103343465;0.155015197568389
288;16;32366144;32618640.4375;30;48;0.088145896656535;0.142857142857143;0.0928156803916956;0.274285913760819;47;46;0.139817629179331;0.13677811550152
289;5;32627846;32772536.2;203;184;0.613981762917933;0.556231003039514;0.295450002337718;0.386773504936745;131;105;0.395136778115502;0.316109422492401
290;5;32575137;32749428;169;164;0.51063829787234;0.495440729483283;0.133426653503313;0.3159103364667;65;64;0.194528875379939;0.191489361702128
291;5;32493125;32709131.6;121;134;0.364741641337386;0.404255319148936;0.200747265051056;0.419242265386004;91;119;0.273556231003039;0.358662613981763
292;5;32510563;32662231.4;133;74;0.401215805471125;0.221884498480243;0.0820087238372146;0.275902442380683;42;49;0.124620060790274;0.145896656534954
293;18;32361201;32592090.9444444;23;16;0.0668693009118541;0.0455927051671733;0;0.204587642657251;1;16;0;0.0455927051671733
294;18;32365981;32609528.8333333;29;35;0.0851063829787234;0.103343465045593;0.100603528471466;0.258250205290371;50;40;0.148936170212766;0.11854103343465
295;5;32431634;32662291.6;79;75;0.237082066869301;0.224924012158055;0.181765678665819;0.275344527538695;83;48;0.249240121580547;0.142857142857143
296;18;32425357;32592862.3888889;73;17;0.218844984802432;0.0486322188449848;0;0.207112282229581;1;18;0;0.0516717325227964
297;18;32339954;32606428.1666667;8;29;0.0212765957446809;0.0851063829787234;0;0.248641737812754;1;33;0;0.0972644376899696
298;18;32386676;32589633.8888889;45;10;0.133738601823708;0.027355623100304;0;0.197004061379831;1;10;0;0.027355623100304
299;5;32492676;32708764.2;119;131;0.358662613981763;0.395136778115502;0.368119790023179;0.418282779244083;149;118;0.449848024316109;0.355623100303951
300;18;32330478;32601721.3333333;6;22;0.0151975683890578;0.0638297872340425;0.0339065670355007;0.233947926050696;24;26;0.0699088145896656;0.0759878419452888
301;18;32312689;32613279.3888889;2;44;0.00303951367781155;0.130699088145897;0.0704460850378734;0.269592980549226;39;44;0.115501519756839;0.130699088145897
302;5;32531871;32754884.2;146;171;0.440729483282675;0.516717325227964;0.318259059202716;0.559687518126844;140;153;0.422492401215805;0.462006079027356
303;5;32480966;32742310.4;109;160;0.328267477203647;0.483282674772036;0.365495047660141;0.521024546475703;147;145;0.443768996960486;0.437689969604863
304;5;32489746;32718155.6;116;140;0.349544072948328;0.422492401215805;0.308020665173427;0.447365802829691;138;123;0.416413373860182;0.370820668693009
305;18;32374860;32600003.8333333;36;21;0.106382978723404;0.060790273556231;0.0421678866964159;0.22886862262136;28;24;0.0820668693009119;0.0699088145896656
306;5;32453059;32696645.4;90;119;0.270516717325228;0.358662613981763;0.224492378093383;0.38106220901374;101;98;0.303951367781155;0.29483282674772
307;18;32402673;32605235.3888889;57;27;0.170212765957447;0.0790273556231003;0.125688820099537;0.244951763621785;62;31;0.185410334346505;0.0911854103343465
308;18;32369010;32591515.6666667;33;12;0.0972644376899696;0.033434650455927;0.0403633340557348;0.20281880865914;27;12;0.0790273556231003;0.033434650455927
309;5;32523791;32705170.6;140;127;0.422492401215805;0.382978723404255;0.125562287015869;0.407090006652131;61;113;0.182370820668693;0.340425531914894
310;5;32559889;32846296.4;159;206;0.480243161094225;0.623100303951368;0.609365441343829;0.840228816878955;191;191;0.577507598784195;0.577507598784195
311;5;32464532;32667408.2;94;85;0.282674772036474;0.25531914893617;0.177073324733554;0.29114753361237;81;55;0.243161094224924;0.164133738601824
312;18;32362682;32591967.5;25;15;0.0729483282674772;0.0425531914893617;0;0.2040866735433;1;15;0;0.0425531914893617
313;5;32484886;32675989.4;114;96;0.343465045592705;0.288753799392097;0.257125825721377;0.317816453780017;115;66;0.346504559270517;0.197568389057751
314;5;32523587;32666706;139;83;0.419452887537994;0.249240121580547;0.205824015598314;0.289483953678615;95;54;0.285714285714286;0.161094224924012
315;18;32351983;32588805.6111111;16;7;0.0455927051671733;0.0182370820668693;0;0.19426507738728;1;7;0;0.0182370820668693
316;5;32468203;32682992.4;99;108;0.297872340425532;0.325227963525836;0.251440677192156;0.339187329032695;112;78;0.337386018237082;0.234042553191489
317;5;32467973;32678603.2;98;101;0.29483282674772;0.303951367781155;0.200398325309254;0.325890416805925;90;71;0.270516717325228;0.212765957446809
318;5;32518790;32707954.4;135;130;0.407294832826748;0.39209726443769;0.300210080683188;0.415701272622979;135;117;0.407294832826748;0.35258358662614
319;18;32365692;32594133.2222222;28;18;0.0820668693009119;0.0516717325227964;0.0831817118476723;0.21077649514817;43;19;0.127659574468085;0.0547112462006079
320;5;32419478;32680344.8;69;105;0.206686930091185;0.316109422492401;0.175498433658867;0.330594286159143;78;76;0.234042553191489;0.227963525835866
321;18;32394161;32572432.1666667;50;1;0.148936170212766;0;0.00773961654489557;0.144205133577071;20;1;0.0577507598784195;0
322;5;32432495;32692056.8;81;116;0.243161094224924;0.349544072948328;0.13624961593372;0.366747926460746;68;91;0.203647416413374;0.273556231003039
323;18;32289942;32591765.7777778;1;13;0;0.0364741641337386;0;0.203402930649944;1;13;0;0.0364741641337386
324;5;32457949;32666345.6;92;82;0.276595744680851;0.246200607902736;0.132869196942799;0.288085416495318;64;53;0.191489361702128;0.158054711246201
325;18;32355527;32588549.0555556;19;6;0.0547112462006079;0.0151975683890578;0.0584456475689804;0.193506515517212;34;6;0.100303951367781;0.0151975683890578
326;5;32644244;32811551.4;210;197;0.635258358662614;0.595744680851064;0.589964102393714;0.734207952255966;187;178;0.565349544072948;0.537993920972644
327;18;32344362;32587885.5555556;10;5;0.027355623100304;0.0121580547112462;0;0.191591692205632;1;5;0;0.0121580547112462
328;18;32368427;32581380.7222222;31;2;0.0911854103343465;0.00303951367781155;0.00514129474098744;0.171657190194917;17;2;0.0486322188449848;0.00303951367781155
329;18;32341262;32589303.3888889;9;8;0.0243161094224924;0.0212765957446809;0;0.195990835299922;1;8;0;0.0212765957446809
330;18;32394811;32612152.8888889;51;40;0.151975683890578;0.11854103343465;0.016561610929999;0.266285356424821;22;42;0.0638297872340425;0.124620060790274
