CONFIG_ID;INSTANCES;BQ;BQR;BQRN;MQ;MQR;MQRN;BG;BGR;BGRN;MG;MGR;MGRN
1;5;32586381;384;0.639398998330551;32783489.2;340;0.565943238731219;0.742314064641847;364;0.606010016694491;0.946668495709884;360;0.599332220367279
2;5;32745712;435;0.724540901502504;33035195;424;0.706176961602671;1.48601143604107;441;0.734557595993322;1.72089440063417;438;0.729549248747913
3;5;39500645;576;0.959933222036728;39972934;575;0.958263772954925;20.9522386699611;574;0.956594323873122;23.0866824703052;576;0.959933222036728
4;5;33511715;538;0.896494156928214;33800261.6;538;0.896494156928214;3.90681552844763;540;0.89983305509182;4.07663643116822;536;0.893155258764608
5;5;34218872;555;0.924874791318865;34577885.2;556;0.926544240400668;6.29335821669774;556;0.926544240400668;6.47057985537031;556;0.926544240400668
6;6;32451866;302;0.502504173622704;32714801.8333333;268;0.445742904841402;0.348852733709983;296;0.492487479131886;0.730622381128437;333;0.554257095158598
7;5;32843823;458;0.762938230383973;33158759.2;463;0.771285475792988;1.77078798769516;461;0.767946577629382;2.10158982113789;467;0.7779632721202
8;5;37815605;560;0.93322203672788;38120713.4;560;0.93322203672788;16.9819646635657;561;0.934891485809683;17.3796745832931;560;0.93322203672788
9;5;32997453;496;0.826377295492488;33227145.4;475;0.791318864774624;2.03150399333687;483;0.804674457429048;2.31273085118846;483;0.804674457429048
10;5;32934069;483;0.804674457429048;33345978.4;500;0.8330550918197;2.30240183692906;497;0.828046744574291;2.6771721152243;503;0.838063439065108
11;5;38039149;565;0.941569282136895;39002518.4;568;0.946577629382304;18.160203846443;567;0.944908180300501;20.0886718562627;568;0.946577629382304
12;5;32643577;402;0.669449081803005;32917892;394;0.656093489148581;1.01745323072681;401;0.667779632721202;1.35928096968942;405;0.674457429048414
13;5;32824632;454;0.756260434056761;33069768.8;439;0.731218697829716;1.31121823809146;431;0.717863105175292;1.82782087871581;446;0.742904841402337
14;5;33574272;542;0.903171953255426;33863988.4;539;0.898163606010017;4.10576850826645;545;0.908180300500835;4.27271357143944;542;0.903171953255426
15;5;39096140;573;0.954924874791319;39502100.2;573;0.954924874791319;21.2772984553159;576;0.959933222036728;21.6331387670726;573;0.954924874791319
16;6;32415589;283;0.470784641068447;32745969.1666667;313;0.520868113522538;0.535925182615396;341;0.567612687813022;0.82589402819957;344;0.572621035058431
17;5;33555841;541;0.901502504173623;33717598;531;0.884808013355593;3.20954978105879;528;0.879799666110184;3.82319513987564;532;0.886477462437396
18;5;33094089;505;0.841402337228714;33353908.8;501;0.834724540901502;2.40768298619637;504;0.839732888146911;2.70218597038168;507;0.84474123539232
19;5;32439244;292;0.485809682804674;32858213;375;0.624373956594324;0.765337407114497;369;0.614357262103506;1.17477483274335;388;0.646076794657763
20;5;38406267;569;0.948247078464107;38949438;567;0.944908180300501;18.1830929746077;568;0.946577629382304;19.9327808812534;567;0.944908180300501
21;5;32906700;476;0.792988313856427;33273980.6;492;0.819699499165276;2.21738609120159;494;0.823038397328882;2.45559047661035;493;0.821368948247079
22;5;32700671;421;0.701168614357262;32901582;388;0.646076794657763;1.04727781303602;405;0.674457429048414;1.30978406135994;401;0.667779632721202
23;5;32671633;410;0.682804674457429;33042209.2;428;0.712854757929883;1.48720244178368;442;0.736227045075125;1.7421658634381;441;0.734557595993322
24;5;43429494;591;0.984974958263773;43776592.6;591;0.984974958263773;34.3031572098918;591;0.984974958263773;34.7964036526142;591;0.984974958263773
25;5;34189098;554;0.923205342237062;34541415.4;555;0.924874791318865;5.5455509138436;554;0.923205342237062;6.35991819175484;555;0.924874791318865
26;5;32949541;486;0.809682804674457;33261368.8;489;0.814691151919866;2.30508438642953;499;0.831385642737897;2.41736683722788;491;0.818030050083472
27;5;33460203;531;0.884808013355593;33710395;530;0.88313856427379;3.45159266416807;531;0.884808013355593;3.80047433000882;531;0.884808013355593
28;5;68989600;599;0.998330550918197;69477993.8;599;0.998330550918197;111.36197772969;599;0.998330550918197;113.940531658578;599;0.998330550918197
29;6;32496962;330;0.549248747913189;32723178.8333333;280;0.465776293823038;0.485185525974695;335;0.557595993322204;0.756084357095963;337;0.56093489148581
30;5;33470198;533;0.888146911519199;33761955.2;533;0.888146911519199;3.66874009302003;535;0.891485809682805;3.95901987353273;534;0.889816360601002
31;5;39693483;577;0.961602671118531;40045236.4;577;0.961602671118531;22.2610826054517;577;0.961602671118531;23.3086539088339;577;0.961602671118531
32;5;32843656;457;0.76126878130217;33122820.6;453;0.754590984974958;1.84474349223045;466;0.776293823038397;1.99063716299391;457;0.76126878130217
33;5;33375076;528;0.879799666110184;33628353;525;0.874791318864775;3.27639622540485;529;0.881469115191987;3.54784427923213;525;0.874791318864775
34;5;33234573;518;0.863105175292154;33435086.4;507;0.84474123539232;2.54531663534413;511;0.851419031719533;2.95282436489796;512;0.853088480801336
35;5;39257354;574;0.956594323873122;39497434.2;572;0.953255425709516;20.3643835447726;573;0.954924874791319;21.6203841881992;572;0.953255425709516
36;5;32778581;443;0.737896494156928;33039303.2;427;0.71118530884808;1.40094700075804;437;0.72787979966611;1.73420713735093;439;0.731218697829716
37;5;34325257;556;0.926544240400668;34491227.6;554;0.923205342237062;5.625080391393;555;0.924874791318865;6.20649658868574;554;0.923205342237062
38;5;32819931;451;0.751252086811352;33114698.8;450;0.749582637729549;1.79763726084072;463;0.771285475792988;1.96554842635383;454;0.756260434056761
39;5;50220962;595;0.991652754590985;51133520.8;595;0.991652754590985;54.5390657550821;595;0.991652754590985;57.4494875006791;595;0.991652754590985
40;5;32846779;462;0.769616026711185;33118466.8;452;0.752921535893155;1.63340037377495;453;0.754590984974958;1.97754752504531;455;0.757929883138564
41;5;32572163;378;0.629382303839733;32813511.8;356;0.592654424040067;0.71516183210523;359;0.597662771285476;1.0388855024131;374;0.622704507512521
42;5;33169461;511;0.851419031719533;33472761.8;515;0.858096828046745;2.76859859532731;516;0.859766277128548;3.0676111619593;518;0.863105175292154
43;5;32819765;450;0.749582637729549;33230627.8;478;0.796327212020033;1.94734173975223;474;0.789649415692821;2.32210949890116;484;0.806343906510851
44;5;39995760;580;0.96661101836394;40498549;578;0.963272120200334;23.4713628133117;581;0.968280467445743;24.7043734265791;578;0.963272120200334
45;5;43768816;593;0.988313856427379;44312778.8;592;0.986644407345576;35.0447237368965;592;0.986644407345576;36.4478847597102;592;0.986644407345576
46;5;32577652;382;0.636060100166945;32877625.4;381;0.634390651085142;0.963107271313914;395;0.657762938230384;1.23592012743687;394;0.656093489148581
47;5;32750627;437;0.72787979966611;33111747.8;447;0.74457429048414;1.73257983291947;459;0.764607679465776;1.95622750140641;453;0.754590984974958
48;5;34162925;553;0.921535893155259;34351461.4;553;0.921535893155259;5.40825404711209;553;0.921535893155259;5.77470682567565;553;0.921535893155259
49;5;32848565;463;0.771285475792988;33171340.4;466;0.776293823038397;1.64206766970508;454;0.756260434056761;2.13927068149489;472;0.786310517529215
50;5;32869615;471;0.784641068447412;33252701.6;487;0.81135225375626;2.04969895923533;488;0.813021702838063;2.38915220044817;490;0.816360601001669
51;5;32867491;469;0.781302170283806;33236843.8;482;0.803005008347245;2.08220787814597;489;0.814691151919866;2.34115645842882;487;0.81135225375626
52;5;41467275;589;0.981636060100167;41710723.6;589;0.981636060100167;28.0093804944208;589;0.981636060100167;28.4359398960343;589;0.981636060100167
53;5;33189750;514;0.856427378964942;33399051;505;0.841402337228714;2.66095212949729;514;0.856427378964942;2.84172357081936;511;0.851419031719533
54;5;33089823;504;0.839732888146911;33541473.2;517;0.861435726210351;2.7862171922594;517;0.861435726210351;3.27885949165562;522;0.869782971619366
55;5;32674141;411;0.684474123539232;32948075.4;408;0.679465776293823;1.22597412828035;420;0.699499165275459;1.45252325630089;415;0.691151919866444
56;5;37566469;558;0.929883138564274;37960922;558;0.929883138564274;16.1102173168503;558;0.929883138564274;16.8874052756476;558;0.929883138564274
57;5;33618259;545;0.908180300500835;34031473.2;550;0.91652754590985;4.42768676035618;550;0.91652754590985;4.78790482579957;550;0.91652754590985
58;6;32342748;221;0.367278797996661;32649875.5;196;0.325542570951586;0.432833414263233;325;0.540901502504174;0.53007924993782;307;0.510851419031719
59;5;40150048;584;0.973288814691152;40507131;579;0.964941569282137;23.0068524998256;578;0.963272120200334;24.7304061375077;579;0.964941569282137
60;5;32947180;485;0.808013355592654;33224246.2;474;0.789649415692821;2.02224125972467;481;0.801335559265442;2.30308181420212;482;0.803005008347245
61;5;32741928;434;0.722871452420701;32960503.2;411;0.684474123539232;1.31255047985329;433;0.721202003338898;1.49132246471254;424;0.706176961602671
62;5;32760056;439;0.731218697829716;32985275.4;415;0.691151919866444;1.29519227159459;426;0.709515859766277;1.56735213617224;429;0.714524207011686
63;5;33542792;540;0.89983305509182;33870385.8;541;0.901502504173623;4.14569412928967;546;0.909849749582638;4.29230107683315;543;0.904841402337229
64;5;38051408;566;0.943238731218698;38870304.2;565;0.941569282136895;18.1982837188122;569;0.948247078464107;19.6840561198925;566;0.943238731218698
65;5;73003084;600;1;73740266.6;600;1;125.44381600562;600;1;127.060775204737;600;1
66;5;32517987;347;0.57762938230384;32831304.2;364;0.606010016694491;0.978558059739754;396;0.659432387312187;1.09313695489478;380;0.632721202003339
67;5;34650201;557;0.928213689482471;34851207.2;557;0.928213689482471;7.02129933867122;557;0.928213689482471;7.31340065143315;557;0.928213689482471
68;5;32866488;468;0.779632721202003;33138932.6;460;0.766277128547579;1.88062807402967;471;0.784641068447412;2.04031066704498;464;0.772954924874791
69;5;33050221;500;0.8330550918197;33363197;503;0.838063439065108;2.44017495628862;507;0.84474123539232;2.73069655401654;510;0.84974958263773
70;5;32703917;424;0.706176961602671;33031252.6;423;0.704507512520868;1.5183194054919;444;0.739565943238731;1.70846343621416;437;0.72787979966611
71;5;33689896;549;0.914858096828047;33920457.2;546;0.909849749582638;4.03453091122144;544;0.906510851419032;4.44712341008499;547;0.911519198664441
72;5;40653908;587;0.978297161936561;41301199.6;587;0.978297161936561;26.2823744146994;588;0.979966611018364;27.1718916262866;587;0.978297161936561
73;5;32960589;488;0.813021702838063;33132486.6;457;0.76126878130217;1.5646611437395;447;0.74457429048414;2.02164478280755;461;0.767946577629382
74;5;40035812;581;0.968280467445743;40593126.4;582;0.969949916527546;24.3623958852988;583;0.971619365609349;24.9916864140327;581;0.968280467445743
75;5;32900451;474;0.789649415692821;33166604;465;0.774624373956594;1.24069229221171;422;0.702838063439065;2.12522323556146;469;0.781302170283806
76;5;32914136;477;0.79465776293823;33232148;480;0.799666110183639;2.2374720581001;496;0.826377295492488;2.32722355716004;485;0.808013355592654
77;5;32689188;418;0.696160267111853;32892143.2;384;0.639398998330551;1.09601272309058;408;0.679465776293823;1.28108491737221;398;0.662771285475793
78;5;32768850;441;0.734557595993322;33030637.6;422;0.702838063439065;1.5804354939816;449;0.747913188647746;1.70716990923675;436;0.726210350584307
79;5;52085473;596;0.993322203672788;52897145.8;596;0.993322203672788;60.7936524793116;596;0.993322203672788;62.8777870669744;596;0.993322203672788
80;5;32987019;493;0.821368948247079;33338792.4;499;0.831385642737897;2.46687930180792;508;0.846410684474123;2.65574710164912;501;0.834724540901502
81;5;33523270;539;0.898163606010017;33882504.2;543;0.904841402337229;3.83649795528542;538;0.896494156928214;4.32984297479171;544;0.906510851419032
82;5;37626923;559;0.931552587646077;38070683;559;0.931552587646077;16.6987377673814;559;0.931552587646077;17.2256370757284;559;0.931552587646077
83;5;32621555;397;0.66110183639399;32932637;404;0.672787979966611;0.850324062161186;382;0.636060100166945;1.40509706001509;410;0.682804674457429
84;5;32492047;325;0.540901502504174;32795157.8;346;0.575959933222037;0.847374485165251;381;0.634390651085142;0.981998623475688;366;0.609348914858097
85;8;32381676;263;0.437395659432387;32674812.875;239;0.397328881469115;0.216629667127924;210;0.348914858096828;0.469777032333074;284;0.47245409015025
86;5;32845700;461;0.767946577629382;33357970.6;502;0.836393989983305;1.93509397876845;473;0.787979966611018;2.71206448884083;508;0.846410684474123
87;5;33498746;536;0.893155258764608;33789155.6;535;0.891485809682805;3.80439544142327;537;0.894824707846411;4.04244737338832;535;0.891485809682805
88;5;40228415;585;0.974958263772955;40757489.4;583;0.971619365609349;24.7829374864283;586;0.976627712854758;25.4966534002535;583;0.971619365609349
89;5;33245583;519;0.864774624373957;33435150.8;508;0.846410684474123;2.71972880805093;515;0.858096828046745;2.95311903628433;513;0.854757929883139
90;5;33323062;526;0.876460767946578;33575768.6;522;0.869782971619366;3.03503957062909;524;0.873121869782972;3.38641412898878;524;0.873121869782972
91;5;38979292;572;0.953255425709516;39209643.4;569;0.948247078464107;19.5234741676881;571;0.951585976627713;20.8641705919685;570;0.94991652754591
92;5;32565961;372;0.619365609348915;32809287;354;0.589315525876461;1.03881373383479;404;0.672787979966611;1.13362922516105;383;0.637729549248748
93;5;32513385;345;0.574290484140234;32759436.2;326;0.542570951585977;0.648688524114445;356;0.592654424040067;0.979586883781853;365;0.607679465776294
94;5;32800612;446;0.742904841402337;33005016.8;416;0.692821368948247;1.37069910424464;435;0.724540901502504;1.73743757367531;440;0.732888146911519
95;5;37870563;561;0.934891485809683;38365627.2;561;0.934891485809683;17.6365287209648;562;0.936560934891486;18.2593495222542;562;0.936560934891486
96;5;32924722;480;0.799666110183639;33083095.8;442;0.736227045075125;1.59012482898558;450;0.749582637729549;1.97852932466278;456;0.759599332220367
97;5;32708805;426;0.709515859766277;33036275.6;425;0.707846410684474;1.5771083387609;448;0.746243739565943;1.83322065748891;448;0.746243739565943
98;5;32683969;415;0.691151919866444;32808135.6;353;0.587646076794658;0.660315305637791;358;0.595993322203673;1.13065045480569;382;0.636060100166945
99;5;33460871;532;0.886477462437396;33626184.8;523;0.871452420701169;3.15492745101277;526;0.876460767946578;3.65293686397615;526;0.876460767946578
100;5;32492418;326;0.542570951585977;32770836.8;335;0.557595993322204;0.888516581194571;386;0.642737896494157;1.01466623147718;370;0.616026711185309
101;5;32989416;494;0.823038397328882;33160008.8;464;0.772954924874791;1.79874506845284;464;0.772954924874791;2.21539623533829;475;0.791318864774624
102;5;33961839;552;0.919866444073456;34151792.2;551;0.918196994991653;5.12642307341564;552;0.919866444073456;5.2721130589875;552;0.919866444073456
103;5;32723980;430;0.716193656093489;32915335.4;392;0.652754590984975;1.21438545895869;418;0.696160267111853;1.46051714381677;417;0.69449081803005
104;5;32588954;385;0.641068447412354;32811688.2;355;0.590984974958264;0.951683311146847;394;0.656093489148581;1.14093089701333;384;0.639398998330551
105;5;38004583;563;0.938230383973289;38661669.6;563;0.938230383973289;18.0528322118631;566;0.943238731218698;19.1710225106876;563;0.938230383973289
106;5;32559443;371;0.617696160267112;32856602.6;373;0.621035058430718;0.996817526498268;397;0.66110183639399;1.27907344443813;397;0.66110183639399
107;5;32447722;296;0.492487479131886;32721083.8;276;0.459098497495826;0.549209449450127;343;0.570951585976628;0.860952261460456;351;0.584307178631052
108;5;32497356;332;0.552587646076795;32794393;344;0.572621035058431;0.398749818709389;320;0.532554257095159;1.08701000350178;378;0.629382303839733
109;5;33580534;543;0.904841402337229;33871971;542;0.903171953255426;4.27922846418437;548;0.913188647746244;4.4090339363166;546;0.909849749582638
110;5;32919415;479;0.797996661101836;33133727.6;458;0.762938230383973;2.04917276102662;487;0.81135225375626;2.1336943244174;470;0.782971619365609
111;5;33184376;513;0.854757929883139;33242041.8;484;0.806343906510851;2.03199111827249;484;0.806343906510851;2.46901695577776;494;0.823038397328882
112;5;33598200;544;0.906510851419032;33769781;534;0.889816360601002;3.74533819138845;536;0.893155258764608;4.09507537669861;537;0.894824707846411
113;5;32479576;316;0.525876460767947;32723103.2;279;0.464106844741235;0.767187876574048;370;0.616026711185309;0.867769116826506;352;0.585976627712855
114;5;32620346;396;0.659432387312187;32922795.4;399;0.664440734557596;1.25582895296403;424;0.706176961602671;1.48283161029453;422;0.702838063439065
115;5;32601232;391;0.651085141903172;32883791.4;382;0.636060100166945;1.21192947487756;417;0.69449081803005;1.36301537882419;406;0.676126878130217
116;5;32591184;386;0.642737896494157;32855360.8;372;0.619365609348915;1.0803310802203;407;0.67779632721202;1.27541701563086;396;0.659432387312187
117;5;32522791;352;0.585976627712855;32689857.2;260;0.432387312186978;0.642425879728486;354;0.589315525876461;0.765882487226215;338;0.562604340567613
118;5;39761961;578;0.963272120200334;40531791.4;580;0.96661101836394;23.2542123170678;579;0.964941569282137;24.9343321958841;580;0.96661101836394
119;5;33115925;509;0.848080133555927;33206565.4;472;0.786310517529215;2.01374078342006;480;0.799666110183639;2.3594643892616;488;0.813021702838063
120;5;33287356;522;0.869782971619366;33414441;506;0.843071786310517;2.5956957601964;513;0.854757929883139;2.99979612342309;514;0.856427378964942
121;5;33086593;503;0.838063439065108;33277028.8;493;0.821368948247079;1.81924260691517;465;0.774624373956594;2.57590296647957;498;0.829716193656094
122;5;32374968;254;0.42237061769616;32686250;258;0.429048414023372;0.565678228029445;348;0.579298831385643;0.754096584991278;336;0.559265442404007
123;6;32377579;259;0.430717863105175;32683631.1666667;255;0.424040066777963;0.37824522542735;313;0.520868113522538;0.633757642552029;322;0.535893155258765
124;5;32966227;489;0.814691151919866;33265136;490;0.816360601001669;2.35695007717685;501;0.834724540901502;2.53831216916662;497;0.828046744574291
125;5;32634998;400;0.666110183639399;32857599.2;374;0.622704507512521;0.899063155726576;389;0.647746243739566;1.28244903927941;399;0.664440734557596
126;5;38114644;567;0.944908180300501;39544839.2;574;0.956594323873122;18.3947123678977;570;0.94991652754591;21.8867131538929;574;0.956594323873122
127;10;32274142;129;0.213689482470785;32680880.7;254;0.42237061769616;0.200549252614555;197;0.327212020033389;0.395986578923469;234;0.3889816360601
128;5;32975240;491;0.818030050083472;33298549.4;495;0.824707846410685;2.43029044328463;506;0.843071786310517;2.6411803504828;500;0.8330550918197
129;6;32333065;206;0.342237061769616;32676399.1666667;243;0.404006677796327;0.435515825558835;328;0.545909849749583;0.611652242065255;319;0.530884808013356
130;5;32472775;313;0.520868113522538;32738941.2;309;0.514190317195326;0.869494043089058;384;0.639398998330551;0.916545710299668;357;0.59432387312187
131;5;32984726;492;0.819699499165276;33173565.4;467;0.7779632721202;2.04501675097465;485;0.808013355592654;2.25668812974498;479;0.797996661101836
132;10;32354522;234;0.3889816360601;32691862.4;261;0.434056761268781;0.123519308500091;135;0.223706176961603;0.430005660851021;260;0.432387312186978
133;5;42524402;590;0.98330550918197;43529730.6;590;0.98330550918197;30.8553459583977;590;0.98330550918197;34.1855738927031;590;0.98330550918197
134;5;32512456;344;0.572621035058431;32658012;206;0.342237061769616;0.403069842962256;322;0.535893155258765;0.667972403701432;325;0.540901502504174
135;5;32845051;460;0.766277128547579;33070388;440;0.732888146911519;1.60741986304168;451;0.751252086811352;1.93825259104816;452;0.752921535893155
136;10;32341683;220;0.365609348914858;32713578.4;266;0.442404006677796;0.340438105849664;292;0.485809682804674;0.496665143100729;297;0.49415692821369
137;5;33504158;537;0.894824707846411;33692805.8;529;0.881469115191987;3.43106489719209;530;0.88313856427379;3.85735434448925;533;0.888146911519199
138;5;32512285;343;0.570951585976628;32724629.6;284;0.47245409015025;0.479523948425173;332;0.552587646076795;0.873154589081568;353;0.587646076794658
139;5;33412664;530;0.88313856427379;33637904.8;526;0.876460767946578;3.14861273553193;525;0.874791318864775;3.68774985309241;528;0.879799666110184
140;5;33005290;497;0.828046744574291;33228761.8;477;0.79465776293823;2.3028540282337;498;0.829716193656094;2.4267330076535;492;0.819699499165276
141;5;32707483;425;0.707846410684474;32918635.6;395;0.657762938230384;1.14454960311788;411;0.684474123539232;1.47038714559875;419;0.697829716193656
142;5;32609871;392;0.652754590984975;32870602;380;0.632721202003339;0.938166951102812;392;0.652754590984975;1.32188013562049;402;0.669449081803005
143;5;32651400;404;0.672787979966611;32929965.4;401;0.667779632721202;1.21084280213681;416;0.692821368948247;1.50529004059432;426;0.709515859766277
144;5;32951895;487;0.81135225375626;33136594.2;459;0.764607679465776;2.00489518193226;478;0.796327212020033;2.14270559606015;473;0.787979966611018
145;5;32766267;440;0.732888146911519;32922450.8;398;0.662771285475793;1.11863186396947;409;0.681135225375626;1.48302404447488;423;0.704507512520868
146;5;32852222;465;0.774624373956594;33174303.8;468;0.779632721202003;2.04816223224653;486;0.809682804674457;2.25845168508116;480;0.799666110183639
147;10;32407292;278;0.462437395659432;32687070.6;259;0.430717863105175;0.250654884329733;240;0.398998330550918;0.415458884276126;252;0.419031719532554
148;5;32898501;473;0.787979966611018;33091165;445;0.741235392320534;1.78163647446912;462;0.769616026711185;2.0028544848765;458;0.762938230383973
149;5;32576668;381;0.634390651085142;32837051.4;365;0.607679465776294;0.798110363766053;376;0.626043405676127;1.2194138806553;393;0.654424040066778
150;5;39866987;579;0.964941569282137;40576056;581;0.968280467445743;23.8379783591765;582;0.969949916527546;25.0731331861527;582;0.969949916527546
151;5;33315385;524;0.873121869782972;33655857.2;528;0.879799666110184;3.18292910390041;527;0.878130217028381;3.74191205932132;529;0.881469115191987
152;5;32759323;438;0.729549248747913;32956810;410;0.682804674457429;1.30055924087185;428;0.712854757929883;1.5887501814089;431;0.717863105175292
153;5;32810896;449;0.747913188647746;33045602.2;431;0.717863105175292;1.61227630817018;452;0.752921535893155;1.86223441511844;450;0.749582637729549
154;6;32371302;250;0.415692821368948;32652705.1666667;199;0.330550918196995;0.354029535763503;297;0.49415692821369;0.539184684658769;310;0.515859766277129
155;5;33638996;546;0.909849749582638;33790639.8;536;0.893155258764608;3.90773767936193;541;0.901502504173623;4.15917700384711;539;0.898163606010017
156;5;32523307;353;0.587646076794658;32715116.2;269;0.447412353923205;0.379830602803843;315;0.524207011686144;0.843756860593515;348;0.579298831385643
157;5;32844230;459;0.764607679465776;33094375.2;446;0.742904841402337;1.96282649551951;475;0.791318864774624;2.01227987743558;459;0.764607679465776
158;5;32836791;455;0.757929883138564;33019784.6;419;0.697829716193656;1.47690215521682;440;0.732888146911519;1.78249393401189;443;0.737896494156928
159;5;32497581;333;0.554257095158598;32758327.6;325;0.540901502504174;0.891699639590979;387;0.64440734557596;0.976313371010728;364;0.606010016694491
160;5;32693342;419;0.697829716193656;32919994.8;396;0.659432387312187;1.30979010521807;430;0.716193656093489;1.47498307060914;421;0.701168614357262
161;5;33684242;548;0.913188647746244;33929892.8;547;0.911519198664441;4.41058916717801;549;0.914858096828047;4.58788486305492;549;0.914858096828047
162;5;32570944;377;0.62771285475793;32779521.6;339;0.564273789649416;0.92247777197216;391;0.651085141903172;1.04202909263864;375;0.624373956594324
163;5;32519274;348;0.579298831385643;32825803;360;0.599332220367279;0.919383628139234;390;0.649415692821369;1.18399059317501;391;0.651085141903172
164;5;33644273;547;0.911519198664441;33866810.2;540;0.89983305509182;4.25751546442101;547;0.911519198664441;4.3934125372314;545;0.908180300500835
165;12;32327134;200;0.332220367278798;32678963;253;0.420701168614357;0.192505460460359;189;0.313856427378965;0.363802628327721;211;0.350584307178631
166;5;47255593;594;0.989983305509182;48090019.2;594;0.989983305509182;46.7890488760551;594;0.989983305509182;48.2333565530098;594;0.989983305509182
167;5;33318329;525;0.874791318864775;33469084.4;514;0.856427378964942;2.85739009065673;518;0.863105175292154;3.16805415191443;520;0.86644407345576
168;5;32820371;453;0.754590984974958;33047085;432;0.719532554257095;1.70280079278471;458;0.762938230383973;1.86697076256522;451;0.751252086811352
169;5;33021476;499;0.831385642737897;33212161;473;0.787979966611018;2.14916045081951;492;0.819699499165276;2.37558227180625;489;0.814691151919866
170;5;40939154;588;0.979966611018364;41374723.2;588;0.979966611018364;26.1151093969153;587;0.978297161936561;27.5344342664358;588;0.979966611018364
171;5;38849590;571;0.951585976627713;39386329;571;0.951585976627713;19.594307201645;572;0.953255425709516;21.407829983571;571;0.951585976627713
172;5;32849522;464;0.772954924874791;33113519;449;0.747913188647746;1.41129762957393;438;0.729549248747913;2.07107678533464;466;0.776293823038397
173;5;32945065;484;0.806343906510851;33180666.2;470;0.782971619365609;2.02787558089513;482;0.803005008347245;2.27811902067211;481;0.801335559265442
174;5;33063283;501;0.834724540901502;33252481.6;486;0.809682804674457;1.8775059805042;470;0.782971619365609;2.50038373292822;496;0.826377295492488
175;5;33724930;550;0.91652754590985;33915912.8;544;0.906510851419032;3.86761530048995;539;0.898163606010017;4.54506380787634;548;0.913188647746244
176;5;40259457;586;0.976627712854758;41175198.2;585;0.974958263772955;23.2757452894006;580;0.96661101836394;26.4104901390439;585;0.974958263772955
177;5;32919125;478;0.796327212020033;33232046.2;479;0.797996661101836;1.73335685188174;460;0.766277128547579;2.02633172256534;462;0.769616026711185
178;5;32453380;304;0.50584307178631;32795131;345;0.574290484140234;0.436990687830297;329;0.547579298831386;0.68425998959207;328;0.545909849749583
179;5;32407729;279;0.464106844741235;32719712.8;274;0.45575959933222;0.269068838418993;251;0.417362270450751;0.453110337900671;269;0.447412353923205
180;5;32896555;472;0.786310517529215;33268760.4;491;0.818030050083472;1.98351799505558;477;0.79465776293823;2.13828328183814;471;0.784641068447412
181;5;32728884;431;0.717863105175292;33124350.8;454;0.756260434056761;1.66504001197781;455;0.757929883138564;1.69487830139121;433;0.721202003338898
182;5;32433106;288;0.479131886477462;32765592.2;331;0.550918196994992;0.364049384249886;306;0.509181969949916;0.594057876221407;316;0.525876460767947
183;5;32781297;444;0.739565943238731;33154348.6;462;0.769616026711185;1.3751400122881;436;0.726210350584307;1.78771777897867;444;0.739565943238731
184;5;40058758;582;0.969949916527546;41192976.2;586;0.976627712854758;24.4336725596918;584;0.973288814691152;26.4654530701975;586;0.976627712854758
185;5;32795309;445;0.741235392320534;33236740.6;481;0.801335559265442;1.86668968399182;468;0.779632721202003;2.03926655964742;463;0.771285475792988
186;5;32837150;456;0.759599332220367;33257328.6;488;0.813021702838063;1.86884051869496;469;0.781302170283806;2.10320320756575;468;0.779632721202003
187;5;32534445;357;0.59432387312187;32889706;383;0.637729549248748;0.729948317784483;362;0.602671118530885;0.975058347574341;363;0.604340567612688
188;5;32617679;393;0.654424040066778;33088143.8;443;0.737896494156928;1.31960627294375;434;0.722871452420701;1.58321310093555;430;0.716193656093489
189;5;32540665;362;0.602671118530885;32844282;369;0.614357262103506;0.745973660548612;365;0.607679465776294;0.835812428119984;347;0.57762938230384
190;5;32400090;274;0.45575959933222;32829307.6;362;0.602671118530885;0.643714165190666;355;0.590984974958264;0.788403800365393;340;0.565943238731219
191;5;32750609;436;0.726210350584307;33115482.8;451;0.751252086811352;1.49635384644736;443;0.737896494156928;1.6676143347381;432;0.719532554257095
192;5;37961524;562;0.936560934891486;38852411.6;564;0.939899833055092;17.9190789510469;564;0.939899833055092;19.2768412451551;564;0.939899833055092
193;5;33127900;510;0.84974958263773;33444870.6;511;0.851419031719533;2.47966632276988;509;0.848080133555927;2.6797331682602;504;0.839732888146911
194;10;32346758;228;0.378964941569282;32684761.8;256;0.425709515859766;0.257474014732319;243;0.404006677796327;0.40809544051686;248;0.412353923205342
195;5;32376411;256;0.425709515859766;32805454.6;352;0.585976627712855;0.570160588403764;350;0.582637729549249;0.715215063314231;330;0.549248747913189
196;5;33098990;507;0.84474123539232;33445427;512;0.853088480801336;2.4075198955235;503;0.838063439065108;2.68083710560199;505;0.841402337228714
197;5;32553744;368;0.612687813021703;32900292;386;0.642737896494157;0.796857950485672;375;0.624373956594324;1.00709952875252;368;0.612687813021703
198;5;32332628;205;0.340567612687813;33067633.2;437;0.72787979966611;0.434158381703272;326;0.542570951585977;1.51571158471177;427;0.71118530884808
199;5;33209326;516;0.859766277128548;33558898;519;0.864774624373957;2.89132676988817;519;0.864774624373957;3.02954304327346;516;0.859766277128548
200;5;32996423;495;0.824707846410685;33378013.2;504;0.839732888146911;2.30752079156947;500;0.8330550918197;2.47389114861362;495;0.824707846410685
201;5;33479419;534;0.889816360601002;33936398.6;548;0.913188647746244;3.9964110054217;542;0.903171953255426;4.18741510540414;540;0.89983305509182
202;10;32269850;123;0.203672787979967;32674765;238;0.395659432387312;0.239152408329052;233;0.387312186978297;0.377259434893193;221;0.367278797996661
203;5;32549335;366;0.609348914858097;32928110.2;400;0.666110183639399;1.00242353708053;398;0.662771285475793;1.0923888207926;379;0.631051752921536
204;5;33198504;515;0.858096828046745;33559371.8;520;0.86644407345576;2.91764597999954;520;0.86644407345576;3.03068914408838;517;0.861435726210351
205;5;32631364;399;0.664440734557596;33013252;417;0.69449081803005;0.860844883537874;383;0.637729549248748;1.35313848031828;404;0.672787979966611
206;5;32658873;406;0.676126878130217;33127347.2;456;0.759599332220367;1.44756632371277;439;0.731218697829716;1.70323841999301;435;0.724540901502504
207;5;32771895;442;0.736227045075125;33126448.6;455;0.757929883138564;1.31218755058119;432;0.719532554257095;1.70092864894018;434;0.722871452420701
208;5;32378829;261;0.434056761268781;32730066;289;0.480801335559265;0.361570071076498;302;0.502504173622704;0.484796230313516;289;0.480801335559265
209;5;32522243;351;0.584307178631052;32829092.2;361;0.601001669449082;0.553702065958792;345;0.574290484140234;0.78900646057283;341;0.567612687813022
210;5;32629556;398;0.662771285475793;33018860.8;418;0.696160267111853;1.20085201029256;414;0.689482470784641;1.37084964693229;407;0.67779632721202
211;5;32509147;341;0.567612687813022;32894508.4;385;0.641068447412354;0.755722780626457;368;0.612687813021703;0.988941599053721;367;0.6110183639399
212;5;32468116;310;0.515859766277129;32815025.2;358;0.595993322203673;0.369554397689101;311;0.517529215358932;0.745994549356915;334;0.555926544240401
213;12;32255841;100;0.165275459098498;32662295.1666667;211;0.350584307178631;0.0236789193919734;37;0.0601001669449082;0.312369424188919;148;0.245409015025042
214;5;32584076;383;0.637729549248748;33036530.8;426;0.709515859766277;1.2152259848923;419;0.697829716193656;1.4248181366742;412;0.686143572621035
215;5;33856485;551;0.918196994991653;34215523;552;0.919866444073456;4.93048116669722;551;0.918196994991653;5.04538099932161;551;0.918196994991653
216;5;32712520;428;0.712854757929883;33029489.6;421;0.701168614357262;1.1219745910886;410;0.682804674457429;1.40407226607165;409;0.681135225375626
217;5;32635040;401;0.667779632721202;33045112;430;0.716193656093489;1.03296563274518;403;0.671118530884808;1.45097481890611;414;0.689482470784641
218;5;32300216;158;0.262103505843072;32736615.6;303;0.504173622704507;0.312962081610552;279;0.464106844741235;0.504405303324769;302;0.502504173622704
219;5;38009470;564;0.939899833055092;38379091.4;562;0.936560934891486;16.9620761873463;560;0.93322203672788;17.8308306407136;561;0.934891485809683
220;12;32286524;136;0.225375626043406;32674878;240;0.398998330550918;0.172315506825417;175;0.290484140233723;0.351057496554375;200;0.332220367278798
221;5;33314803;523;0.871452420701169;33941530.6;549;0.914858096828047;3.48506780696092;532;0.886477462437396;4.20211312515805;541;0.901502504173623
222;5;33076946;502;0.836393989983305;33442572.8;510;0.84974958263773;2.51367899705626;510;0.84974958263773;2.6724196836493;502;0.836393989983305
223;5;32926007;481;0.801335559265442;33293738.2;494;0.823038397328882;2.08311831686001;490;0.816360601001669;2.21525314956487;474;0.789649415692821
224;5;32599593;389;0.647746243739566;32943782.4;407;0.67779632721202;0.838494579586335;380;0.632721202003339;1.14103711022976;385;0.641068447412354
225;12;32256076;102;0.168614357262103;32672961.4166667;234;0.3889816360601;0.0899404197184865;111;0.183639398998331;0.345510979530572;196;0.325542570951586
226;5;32478094;315;0.524207011686144;32787193;342;0.569282136894825;0.362240925822738;304;0.50584307178631;0.660707511999337;324;0.539232053422371
227;5;64180025;598;0.996661101836394;65017415.2;598;0.996661101836394;95.6560263526432;597;0.994991652754591;99.620287636808;598;0.996661101836394
228;12;32302666;160;0.265442404006678;32669270.9166667;226;0.375626043405676;0.0686419198473535;88;0.145242070116861;0.334034472121099;177;0.293823038397329
229;5;40135295;583;0.971619365609349;40950874.8;584;0.973288814691152;24.6714178237038;585;0.974958263772955;25.7190218600864;584;0.973288814691152
230;5;32376105;255;0.424040066777963;32777288.8;338;0.562604340567613;0.569210067076985;349;0.580968280467446;0.629424813112998;321;0.534223706176962
231;5;32310696;176;0.292153589315526;32719513.8;273;0.454090150250417;0.366031474059776;309;0.514190317195326;0.451812800368358;268;0.445742904841402
232;5;33214739;517;0.861435726210351;33571324.6;521;0.868113522537563;2.92106522458841;521;0.868113522537563;3.06791675235692;519;0.864774624373957
233;5;32680982;413;0.687813021702838;33068051;438;0.729549248747913;1.30298647328996;429;0.714524207011686;1.52201765365957;428;0.712854757929883
234;5;32967504;490;0.816360601001669;33303082;496;0.826377295492488;1.98051466492867;476;0.792988313856427;2.24384911371515;477;0.79465776293823
235;5;32509282;342;0.569282136894825;32842614.4;368;0.612687813021703;0.548749815206369;342;0.569282136894825;0.830542014019694;346;0.575959933222037
236;5;32558050;370;0.616026711185309;32867044.4;377;0.62771285475793;0.749874536359265;366;0.609348914858097;0.905562548694435;355;0.590984974958264
237;5;32810551;448;0.746243739565943;33177679.4;469;0.781302170283806;1.66939217214017;456;0.759599332220367;1.85893135228564;449;0.747913188647746
238;5;33279523;521;0.868113522537563;33551035.2;518;0.863105175292154;2.22669458081795;495;0.824707846410685;3.00637684957262;515;0.858096828046745
239;5;33491305;535;0.891485809682805;33919022.8;545;0.908180300500835;4.03333223578147;543;0.904841402337229;4.13430100341106;538;0.896494156928214
240;5;38513267;570;0.94991652754591;38871710.8;566;0.943238731218698;17.8852798864769;563;0.938230383973289;19.3422526674624;565;0.941569282136895
241;5;32701513;422;0.702838063439065;33051885.4;434;0.722871452420701;1.16137175872674;413;0.687813021702838;1.47231384133246;420;0.699499165275459
242;5;32853754;466;0.776293823038397;33238437.6;483;0.804674457429048;1.93180594302412;472;0.786310517529215;2.04520820411247;465;0.774624373956594
243;5;32697234;420;0.699499165275459;33050450.8;433;0.721202003338898;1.29675873877577;427;0.71118530884808;1.46849955617272;418;0.696160267111853
244;5;32733416;432;0.719532554257095;33150304.2;461;0.767946577629382;1.67911766770644;457;0.76126878130217;1.77436023752914;442;0.736227045075125
245;5;33096647;506;0.843071786310517;33457909;513;0.854757929883139;2.55262422552345;512;0.853088480801336;2.71931776984058;509;0.848080133555927
246;5;32433617;289;0.480801335559265;32842019.4;367;0.6110183639399;0.479794296503767;333;0.554257095158598;0.827404334798443;345;0.574290484140234
247;5;32303303;161;0.267111853088481;32732078;294;0.48914858096828;0.343066754553649;294;0.48914858096828;0.490202679961201;291;0.484140233722871
248;5;63927963;597;0.994991652754591;64770350.6;597;0.994991652754591;98.0644091224922;598;0.996661101836394;98.8498111527621;597;0.994991652754591
249;5;32868809;470;0.782971619365609;33227826;476;0.792988313856427;1.86108680371959;467;0.7779632721202;2.01316460549532;460;0.766277128547579
250;5;32534577;358;0.595993322203673;32931622.8;402;0.669449081803005;1.00295166724904;399;0.664440734557596;1.10343046357949;381;0.634390651085142
251;5;32382519;266;0.442404006677796;32734990.6;300;0.499165275459099;0.385251382532746;318;0.529215358931553;0.499982478612029;301;0.500834724540901
252;5;32902049;475;0.791318864774624;33332270.6;497;0.828046744574291;2.17032532991068;493;0.821368948247079;2.33330978914819;486;0.809682804674457
253;5;32371841;251;0.417362270450751;32720003.6;275;0.457429048414023;0.316263756366729;281;0.467445742904841;0.453855216471143;270;0.449081803005008
254;5;32346067;226;0.375626043405676;32724144.6;283;0.470784641068447;0.384512417354571;317;0.52754590984975;0.466078839064725;282;0.469115191986644
255;5;33249720;520;0.86644407345576;33648339;527;0.878130217028381;2.96775139975705;522;0.869782971619366;3.30371110652724;523;0.871452420701169
256;5;32304591;165;0.273789649415693;32869821;379;0.631051752921536;0.347067641706888;295;0.490818030050083;0.91004375470755;356;0.592654424040067
257;5;32412292;281;0.467445742904841;32748172.6;316;0.525876460767947;0.225834553322536;221;0.367278797996661;0.540666830624401;311;0.517529215358932
258;5;33176075;512;0.853088480801336;33628349.4;524;0.873121869782972;3.01412289644703;523;0.871452420701169;3.2417657381186;521;0.868113522537563
259;5;32383429;268;0.445742904841402;32723423.6;281;0.467445742904841;0.172869958882687;176;0.292153589315526;0.464204780091944;280;0.465776293823038
260;5;32380667;262;0.435726210350584;32738348.8;306;0.509181969949916;0.284754162189025;261;0.434056761268781;0.509881500064009;303;0.504173622704507
261;5;32430611;287;0.477462437395659;32784684.4;341;0.567612687813022;0.379662025897848;314;0.522537562604341;0.562419192173022;314;0.522537562604341
262;15;32197964;29;0.0467445742904841;32625850.6;79;0.130217028380634;0.0110981651383511;22;0.0350584307178631;0.219375150560775;37;0.0601001669449082
263;5;32321463;191;0.317195325542571;32742196.8;312;0.519198664440735;0.153333251406865;161;0.267111853088481;0.430880270353331;262;0.435726210350584
264;5;32361365;243;0.404006677796327;32710538.4;264;0.43906510851419;0.132829580992844;146;0.242070116861436;0.334295573580629;178;0.295492487479132
265;12;32360645;241;0.400667779632721;32675493.5833333;241;0.400667779632721;0.0542461502808673;77;0.126878130217028;0.353499324003559;201;0.333889816360601
266;5;39378837;575;0.958263772954925;40012530.8;576;0.959933222036728;21.2235374793274;575;0.958263772954925;22.7345934722528;575;0.958263772954925
267;12;32322978;194;0.32220367278798;32672637.6666667;233;0.387312186978297;0.0999215594671191;123;0.203672787979967;0.344442685535686;194;0.32220367278798
268;5;32347072;229;0.380634390651085;32746218.8;314;0.522537562604341;0.149923547886757;157;0.260434056761269;0.443144420781654;264;0.43906510851419
269;5;32569902;376;0.626043405676127;33028272.8;420;0.699499165275459;0.777074853485138;373;0.621035058430718;1.30901615044213;400;0.666110183639399
270;5;32331688;204;0.33889816360601;32731847.6;293;0.487479131886477;0.307263643830419;275;0.457429048414023;0.399147769664046;237;0.393989983305509
271;5;32296600;154;0.25542570951586;32734134.4;297;0.49415692821369;0.322245367451043;282;0.469115191986644;0.406156901356901;245;0.407345575959933
272;5;32339699;219;0.363939899833055;32756091.6;323;0.537562604340568;0.342375001942178;293;0.487479131886477;0.473796950012489;285;0.474123539232053
273;5;32703798;423;0.704507512520868;33042229.4;429;0.714524207011686;0.950666524479951;393;0.654424040066778;1.35291998162296;403;0.671118530884808
274;5;33019188;498;0.829716193656094;33441759;509;0.848080133555927;2.41055659933486;505;0.841402337228714;2.57713193205881;499;0.831385642737897
275;5;32679815;412;0.686143572621035;32975928.8;413;0.687813021702838;0.821444450911923;378;0.629382303839733;1.14899863087923;386;0.642737896494157
276;5;32308018;172;0.285475792988314;32758288;324;0.539232053422371;0.35771285931104;301;0.500834724540901;0.480046612533833;287;0.477462437395659
277;5;32336383;211;0.350584307178631;32749817.8;317;0.52754590984975;0.177065505052125;178;0.295492487479132;0.455002260992168;272;0.452420701168614
278;12;32333437;208;0.345575959933222;32663827.5;214;0.35559265442404;0.124152005430612;137;0.227045075125209;0.317287386857295;158;0.262103505843072
279;5;33372705;527;0.878130217028381;33796890.8;537;0.894824707846411;3.52107638172962;533;0.888146911519199;3.66646981689361;527;0.878130217028381
280;5;32373628;252;0.419031719532554;32770635.2;333;0.554257095158598;0.47677527123305;331;0.550918196994992;0.518223510012019;305;0.507512520868113
281;5;32327405;201;0.333889816360601;32735487.6;301;0.500834724540901;0.224790089218231;220;0.365609348914858;0.410798970278542;250;0.415692821368948
282;5;32440912;294;0.48914858096828;32750213.2;318;0.529215358931553;0.207055358317413;203;0.337228714524207;0.456182005947309;275;0.457429048414023
283;5;32413056;282;0.469115191986644;32731590.2;292;0.485809682804674;0.223892545643179;216;0.358931552587646;0.399736648023886;238;0.395659432387312
284;5;32347444;230;0.382303839732888;32768185.4;332;0.552587646076795;0.364253046507746;307;0.510851419031719;0.51032134539683;304;0.50584307178631
285;5;32337388;214;0.35559265442404;32741969.2;311;0.517529215358932;0.334636964963606;287;0.477462437395659;0.43061726427821;261;0.434056761268781
286;5;32574090;380;0.632721202003339;32846927.2;370;0.616026711185309;0.550023725740983;344;0.572621035058431;0.753909524674547;335;0.557595993322204
287;5;32820272;452;0.752921535893155;33191825.4;471;0.784641068447412;1.55714156928665;446;0.742904841402337;1.81108702087262;445;0.741235392320534
288;5;32367802;248;0.412353923205342;32738895.6;308;0.512520868113522;0.23289890332556;227;0.377295492487479;0.42105448951471;256;0.425709515859766
289;5;32656452;405;0.674457429048414;32949082;409;0.681135225375626;0.894811894947621;388;0.646076794657763;1.0666310114237;377;0.62771285475793
290;5;32371053;249;0.414023372287145;32725204.6;285;0.474123539232053;0.293928045210265;270;0.449081803005008;0.37934090668007;222;0.368948247078464
291;5;32686677;416;0.692821368948247;33067424.8;436;0.726210350584307;1.24273361003028;423;0.704507512520868;1.4293203848128;413;0.687813021702838
292;13;32292279;147;0.243739565943239;32677987.3076923;248;0.412353923205342;0.132086510550571;145;0.240400667779633;0.329333314257076;171;0.283806343906511
293;5;32377472;258;0.429048414023372;32750768.2;319;0.530884808013356;0.354095446281263;298;0.495826377295493;0.458012075698382;276;0.459098497495826
294;5;32295384;152;0.252086811352254;32721993;277;0.460767946577629;0.275166457579848;257;0.427378964941569;0.369051830259721;215;0.357262103505843
295;5;32377230;257;0.427378964941569;32722274.4;278;0.462437395659432;0.197478069224843;193;0.320534223706177;0.370934431928586;219;0.363939899833055
296;5;32599509;388;0.646076794657763;32982742;414;0.689482470784641;0.806705506111856;377;0.62771285475793;1.16986860526808;387;0.64440734557596
297;5;32244450;87;0.143572621035058;32763913.8;328;0.545909849749583;0.160252925648731;167;0.277128547579299;0.496630256123396;296;0.492487479131886
298;5;32321565;192;0.318864774624374;32739226.6;310;0.515859766277129;0.110274528072368;129;0.213689482470785;0.422517219120009;257;0.427378964941569
299;5;32325009;197;0.327212020033389;32726206.2;286;0.475792988313856;0.142621197553669;152;0.252086811352254;0.382468343650861;223;0.370617696160267
300;5;32440603;293;0.487479131886477;32931784.2;403;0.671118530884808;0.769558840065779;372;0.619365609348915;1.01182146892546;369;0.614357262103506
301;12;32290764;141;0.233722871452421;32659581.5;208;0.345575959933222;0.130336634735059;143;0.237061769616027;0.304251964072056;142;0.235392320534224
302;5;32337266;213;0.353923205342237;32730539.8;290;0.482470784641068;0.179884782169728;180;0.298831385642738;0.395517454860179;233;0.387312186978297
303;5;32315529;185;0.307178631051753;32733817.4;296;0.492487479131886;0.367865689086517;310;0.515859766277129;0.405303203509417;244;0.40567612687813
304;5;32274068;128;0.212020033388982;32737396;304;0.50584307178631;0.252254692500138;241;0.400667779632721;0.415814782039437;253;0.420701168614357
305;5;32367418;247;0.410684474123539;32804944.6;351;0.584307178631052;0.43520422843547;327;0.54424040066778;0.623330422577134;320;0.532554257095159
306;5;32324196;195;0.323873121869783;32939885;405;0.674457429048414;0.337882326030549;289;0.480801335559265;1.03060914883239;371;0.617696160267112
307;5;32268920;119;0.196994991652755;32723748.2;282;0.469115191986644;0.236263569002568;231;0.383973288814691;0.373879924001445;220;0.365609348914858
308;5;32400089;273;0.454090150250417;32776675.2;337;0.56093489148581;0.403819853257437;323;0.537562604340568;0.536807950259892;309;0.514190317195326
309;5;32933380;482;0.803005008347245;33335592.8;498;0.829716193656094;2.09889789388808;491;0.818030050083472;2.25157691715911;478;0.796327212020033
310;5;32356338;236;0.392320534223706;32713355.6;265;0.440734557595993;0.168463088361649;171;0.283806343906511;0.342625873024413;192;0.318864774624374
311;5;32392848;271;0.450751252086811;32795632.8;347;0.57762938230384;0.528070619321269;339;0.564273789649416;0.594725432762683;317;0.52754590984975
312;5;32338739;216;0.358931552587646;32738567.8;307;0.510851419031719;0.322784659330552;283;0.470784641068447;0.4200425467519;254;0.42237061769616
313;5;32720722;429;0.714524207011686;33076049.8;441;0.734557595993322;1.23458488885086;421;0.701168614357262;1.45566818110428;416;0.692821368948247
314;5;38309792;568;0.946577629382304;39219497.8;570;0.94991652754591;17.9325967990685;565;0.941569282136895;20.3003176301126;569;0.948247078464107
315;5;32387414;270;0.449081803005008;32790911.4;343;0.570951585976628;0.287284873044455;265;0.440734557595993;0.579615283679199;315;0.524207011686144
316;5;32358736;239;0.397328881469115;32717809.4;272;0.452420701168614;0.228924451869302;222;0.368948247078464;0.356815149972254;208;0.345575959933222
317;5;32316460;186;0.308848080133556;32732302;295;0.490818030050083;0.21001105112315;206;0.342237061769616;0.400350801196312;239;0.397328881469115
318;5;43506519;592;0.986644407345576;44829203.2;593;0.988313856427379;35.143379618959;593;0.988313856427379;37.5001916538971;593;0.988313856427379
319;5;32282509;133;0.220367278797997;32731304.4;291;0.484140233722871;0.278474792236539;259;0.430717863105175;0.397285176220814;236;0.392320534223706
320;5;32521577;350;0.582637729549249;32867696.2;378;0.629382303839733;0.484990884671559;334;0.555926544240401;0.817155269640612;343;0.570951585976628
321;5;32347770;231;0.383973288814691;32717766.2;271;0.450751252086811;0.221279465001514;213;0.353923205342237;0.356397711593285;206;0.342237061769616
322;5;32312629;179;0.297161936560935;32752932.2;321;0.534223706176962;0.372035911068479;312;0.519198664440735;0.463524394091013;279;0.464106844741235
323;5;32386320;269;0.447412353923205;32717098.6;270;0.449081803005008;0.259942687817603;246;0.409015025041736;0.354914922291726;205;0.340567612687813
324;5;32536448;361;0.601001669449082;32903831.6;390;0.649415692821369;0.602512319651959;351;0.584307178631052;0.926929441904571;359;0.597662771285476
325;5;32409849;280;0.465776293823038;32763505.8;327;0.54424040066778;0.337689408073833;288;0.479131886477462;0.497017009174788;298;0.495826377295493
326;13;32288929;138;0.228714524207012;32662713.4615385;212;0.352253756260434;0.191698904871169;188;0.312186978297162;0.282496212047887;111;0.183639398998331
327;5;32403789;276;0.459098497495826;32734192.8;298;0.495826377295493;0.295739678999546;271;0.450751252086811;0.407342032517889;247;0.410684474123539
328;5;32310425;174;0.28881469115192;32764461.4;330;0.549248747913189;0.365189672492596;308;0.512520868113522;0.49911169662853;300;0.499165275459099
329;5;32567966;374;0.622704507512521;32916361.4;393;0.654424040066778;0.637736265030123;353;0.587646076794658;0.966119212946827;362;0.602671118530885
330;5;32361104;242;0.402337228714524;32714226.6;267;0.444073455759599;0.184646708348229;184;0.30550918196995;0.346029449768744;197;0.327212020033389
331;5;32307574;170;0.282136894824708;32727805.4;287;0.477462437395659;0.326898091106967;285;0.474123539232053;0.386888900663555;227;0.377295492487479
332;5;32435604;291;0.484140233722871;32940367.8;406;0.676126878130217;0.754030552116215;367;0.6110183639399;1.03856490165132;373;0.621035058430718
333;5;32381736;264;0.43906510851419;32763981.4;329;0.547579298831386;0.23391028261046;228;0.378964941569282;0.498071356139235;299;0.497495826377296
334;5;32377960;260;0.432387312186978;32813540.2;357;0.59432387312187;0.514313325285948;337;0.56093489148581;0.6503052376108;323;0.537562604340568
335;5;32618263;394;0.656093489148581;33066116;435;0.724540901502504;1.20965452149676;415;0.691151919866444;1.42441523538062;411;0.684474123539232
336;5;32381840;265;0.440734557595993;32752510.6;320;0.532554257095159;0.28706721893151;264;0.43906510851419;0.46338593342412;278;0.462437395659432
337;13;32320375;189;0.313856427378965;32661198;210;0.348914858096828;0.0369329006753515;51;0.0834724540901502;0.278126387116898;105;0.173622704507513
338;5;32451136;300;0.499165275459099;32838186.8;366;0.609348914858097;0.656797959552862;357;0.59432387312187;0.725621093967105;331;0.550918196994992
339;13;32266555;116;0.191986644407346;32665125.1538462;222;0.368948247078464;0.149159653562994;156;0.258764607679466;0.289815596328304;125;0.207011686143573
340;5;33100399;508;0.846410684474123;33477024.8;516;0.859766277128548;2.38950292708868;502;0.836393989983305;2.68583018381332;506;0.843071786310517
341;12;32321240;190;0.315525876460768;32672345.3333333;232;0.385642737896494;0.0521454507186927;75;0.123539232053422;0.343521218341677;193;0.320534223706177
342;5;32688800;417;0.69449081803005;33088460;444;0.739565943238731;1.29454341832632;425;0.707846410684474;1.49300256338885;425;0.707846410684474
343;5;32355071;235;0.390651085141903;32734627.2;299;0.497495826377296;0.258083967214125;244;0.40567612687813;0.408284471599016;249;0.414023372287145
344;5;32309995;173;0.287145242070117;32728931.4;288;0.479131886477462;0.288616120058275;267;0.444073455759599;0.39023809600511;229;0.380634390651085
345;12;32291957;146;0.242070116861436;32677931.5833333;247;0.410684474123539;0.0443050249403704;65;0.106844741235392;0.360968050649391;209;0.347245409015025
346;5;32363851;244;0.40567612687813;32638784;156;0.258764607679466;0.187566437426956;185;0.307178631051753;0.370072609435318;218;0.362270450751252
347;15;32243717;86;0.141903171953255;32630485.2;112;0.185308848080134;0.0802165007168056;97;0.160267111853088;0.233843957218252;52;0.0851419031719533
348;5;32488255;322;0.535893155258765;32803314.6;350;0.582637729549249;0.715463235798647;360;0.599332220367279;0.875527277895925;354;0.589315525876461
349;13;32307637;171;0.283806343906511;32670091.1538462;230;0.382303839732888;0.142292563743744;151;0.250417362270451;0.305302415186649;143;0.237061769616027
350;5;32280638;132;0.218697829716194;32628331;94;0.155258764607679;0.192870567709271;190;0.315525876460768;0.337216249759441;182;0.302170283806344
351;15;32252968;96;0.158597662771285;32641705;169;0.280467445742905;0.107876794442933;126;0.208681135225376;0.26833198155263;95;0.156928213689482
352;17;32228880;68;0.111853088480801;32630234.2352941;109;0.180300500834725;0;1;0;0.218178204451706;34;0.0550918196994992
353;5;32314051;183;0.303839732888147;32669271;227;0.377295492487479;0.296578071392403;272;0.452420701168614;0.463054291253405;277;0.460767946577629
354;5;32326490;199;0.330550918196995;32644135.2;177;0.293823038397329;0.232622758746249;226;0.375626043405676;0.386269180891129;226;0.375626043405676
355;5;32535951;359;0.597662771285476;32755628.4;322;0.535893155258765;0.554689181449465;346;0.575959933222037;0.729855922760175;332;0.552587646076795
356;5;32663621;408;0.679465776293823;32921094.2;397;0.66110183639399;1.00357526344948;400;0.666110183639399;1.23811226399069;395;0.657762938230384
357;5;32363895;245;0.407345575959933;32655338.8;203;0.337228714524207;0.150268229839882;158;0.262103505843072;0.420371777882346;255;0.424040066777963
358;5;32805402;447;0.74457429048414;33112853.8;448;0.746243739565943;1.5243011935287;445;0.741235392320534;1.82797095514202;447;0.74457429048414
359;5;32547647;364;0.606010016694491;32770726.6;334;0.555926544240401;0.507234142914963;336;0.559265442404007;0.776569049336979;339;0.564273789649416
360;13;32271685;124;0.20534223706177;32665263.8461538;223;0.370617696160267;0.0910199085854202;113;0.186978297161937;0.290415976113773;127;0.210350584307179
361;15;32265898;114;0.18864774624374;32635462.7333333;134;0.2220367278798;0.00643353995780907;21;0.0333889816360601;0.249337827182364;76;0.125208681135225
362;5;32346711;227;0.377295492487479;32666854.4;225;0.373956594323873;0.323822027884195;284;0.47245409015025;0.456120468642257;274;0.45575959933222
363;5;32405001;277;0.460767946577629;32638605.2;155;0.257095158597663;0.208395773269024;205;0.340567612687813;0.369893386482858;217;0.360601001669449
364;5;33405362;529;0.881469115191987;33751437.4;532;0.886477462437396;3.61483837719427;534;0.889816360601002;3.79142649544256;530;0.88313856427379
365;5;32865630;467;0.7779632721202;33242741.8;485;0.808013355592654;2.00857283911869;479;0.797996661101836;2.22662021568844;476;0.792988313856427
366;5;32734483;433;0.721202003338898;32969293.8;412;0.686143572621035;1.14939501565134;412;0.686143572621035;1.38655175333258;408;0.679465776293823
367;13;32291306;144;0.23873121869783;32658378.8461538;207;0.343906510851419;0.0954714457852849;119;0.196994991652755;0.269257525969117;97;0.160267111853088
368;5;32344674;225;0.373956594323873;32627037;87;0.143572621035058;0.260147782487818;248;0.412353923205342;0.333742783481701;176;0.292153589315526
369;5;32358875;240;0.398998330550918;32645965.4;184;0.30550918196995;0.301637709438395;274;0.45575959933222;0.39207444829873;231;0.383973288814691
370;5;32292942;148;0.245409015025042;32633835.8;125;0.207011686143573;0.204943861930569;201;0.333889816360601;0.354356542728889;203;0.337228714524207
371;13;32334434;209;0.347245409015025;32665079.5384615;221;0.367278797996661;0.0880930213777076;107;0.176961602671119;0.290045257670055;126;0.208681135225376
372;5;32451274;301;0.500834724540901;32692844;262;0.435726210350584;0.240893469283953;235;0.390651085141903;0.536106881208387;308;0.512520868113522
373;15;32269711;122;0.202003338898164;32635160.8;132;0.218697829716194;0;1;0;0.248358351769426;74;0.121869782971619
374;5;32597779;387;0.64440734557596;32861108.8;376;0.626043405676127;0.795016696910507;374;0.622704507512521;1.05404808249521;376;0.626043405676127
375;5;32253462;99;0.163606010016695;32629431.4;104;0.17195325542571;0.108521508358335;127;0.210350584307179;0.340314378562385;188;0.312186978297162
376;17;32235603;79;0.130217028380634;32635646.5882353;136;0.225375626043406;0.0648046404963186;86;0.141903171953255;0.23473611882403;54;0.0884808013355593
377;5;32312820;181;0.300500834724541;32653498.2;200;0.332220367278798;0.271702696895736;254;0.42237061769616;0.414832929173871;251;0.417362270450751
378;5;32313013;182;0.302170283806344;32649125;193;0.320534223706177;0.293356319714221;269;0.447412353923205;0.401476639246538;242;0.402337228714524
379;15;32175626;10;0.015025041736227;32624884.6666667;74;0.121869782971619;0.0906622847797201;112;0.185308848080134;0.216045732571682;29;0.0467445742904841
380;13;32343089;222;0.368948247078464;32676809.3076923;244;0.40567612687813;0.199824271284493;195;0.323873121869783;0.326105495925988;167;0.277128547579299
381;5;32325520;198;0.328881469115192;32678108.4;250;0.415692821368948;0.332175634010003;286;0.475792988313856;0.490651062935913;294;0.48914858096828
382;5;32434278;290;0.482470784641068;32659861.8;209;0.347245409015025;0.280433137898121;260;0.432387312186978;0.435442175616048;263;0.437395659432387
383;5;32317629;187;0.310517529215359;32645166.2;181;0.300500834724541;0.307683492880394;276;0.459098497495826;0.389149178633438;228;0.378964941569282
384;15;32288324;137;0.227045075125209;32636885.4666667;146;0.242070116861436;0.0751140249977998;94;0.155258764607679;0.253515006031164;82;0.135225375626043
385;5;32352157;232;0.385642737896494;32665444.4;224;0.37228714524207;0.339999951579618;291;0.484140233722871;0.451632660501377;267;0.444073455759599
386;13;32333154;207;0.343906510851419;32663978.7692308;215;0.357262103505843;0.144844549001722;154;0.25542570951586;0.28641239099816;118;0.195325542570952
387;5;32383002;267;0.444073455759599;32638412.4;153;0.253756260434057;0.158987403560314;166;0.275459098497496;0.369029643291697;214;0.35559265442404
388;5;32450809;298;0.495826377295493;32817394.6;359;0.597662771285476;0.721048510703385;361;0.601001669449082;0.918633992926884;358;0.595993322203673
389;5;32319748;188;0.312186978297162;32664512;217;0.360601001669449;0.314260459938263;280;0.465776293823038;0.448569380196702;266;0.442404006677796
390;5;32501434;336;0.559265442404007;32855348.2;371;0.617696160267112;0.878178740672517;385;0.641068447412354;1.03548696091384;372;0.619365609348915
391;13;32269301;120;0.198664440734558;32673817.6923077;235;0.390651085141903;0.15768270761722;163;0.270450751252087;0.316557829587853;153;0.253756260434057
392;13;32304519;163;0.270450751252087;32678086.2307692;249;0.414023372287145;0.0863292499526599;106;0.175292153589316;0.329601056781058;172;0.285475792988314
393;15;32221794;54;0.0884808013355593;32636258;141;0.233722871452421;0.07459802274694;93;0.153589315525876;0.251335830821848;79;0.130217028380634
394;15;32192561;22;0.0350584307178631;32626434.5333333;83;0.136894824707846;0.00126260741854795;17;0.0267111853088481;0.221196692458855;38;0.0617696160267112
395;5;32343186;223;0.370617696160267;32648898.6;191;0.317195325542571;0.285309437037369;262;0.435726210350584;0.401018146151017;241;0.400667779632721
396;5;32618380;395;0.657762938230384;32902879.4;389;0.647746243739566;0.821503871469997;379;0.631051752921536;1.18255791998993;390;0.649415692821369
397;5;32366306;246;0.409015025041736;32738091.6;305;0.507512520868113;0.458767506790664;330;0.549248747913189;0.675061279092899;327;0.54424040066778
398;5;32358533;238;0.395659432387312;32678108.8;251;0.417362270450751;0.216402330712003;209;0.347245409015025;0.490739276715782;295;0.490818030050083
399;15;32213911;46;0.0751252086811352;32631478.5333333;114;0.18864774624374;0.0156118414397507;26;0.0417362270450751;0.237210368346987;61;0.10016694490818
400;5;32401932;275;0.457429048414023;32650648.4;197;0.327212020033389;0.269893792874959;252;0.419031719532554;0.406521311504261;246;0.409015025041736
401;5;32488959;323;0.537562604340568;32797309.2;348;0.579298831385643;0.769208981067658;371;0.617696160267112;0.857311622112937;350;0.582637729549249
402;13;32276128;131;0.217028380634391;32664617.6153846;218;0.362270450751252;0.0397702467992378;54;0.0884808013355593;0.288417297886649;122;0.202003338898164
403;13;32338895;217;0.360601001669449;32669462.2307692;229;0.380634390651085;0.130210986909427;142;0.235392320534224;0.303539803243245;141;0.233722871452421
404;17;32195887;26;0.0417362270450751;32624226.5882353;71;0.11686143572621;0.0205972066211622;33;0.0534223706176962;0.199497957922598;10;0.015025041736227
405;5;32471072;311;0.517529215358932;32736214.2;302;0.502504173622704;0.527796330289388;338;0.562604340567613;0.669854618165442;326;0.542570951585977
406;13;32266437;115;0.190317195325543;32675796.6153846;242;0.402337228714524;0.222416317732262;215;0.357262103505843;0.322644520371286;164;0.27212020033389
407;5;32296894;156;0.258764607679466;32627739;89;0.146911519198664;0.224403951997995;217;0.360601001669449;0.335545329612204;179;0.297161936560935
408;13;32322699;193;0.320534223706177;32664332.0769231;216;0.358931552587646;0.0552973016026196;79;0.130217028380634;0.287748244416179;121;0.200333889816361
409;5;32352157;232;0.385642737896494;32623713;70;0.115191986644407;0.183074961668882;182;0.302170283806344;0.323498714188332;165;0.273789649415693
410;5;32424176;286;0.475792988313856;32701403.2;263;0.437395659432387;0.401331413393697;321;0.534223706176962;0.562400874059352;313;0.520868113522538
411;5;32314804;184;0.30550918196995;32634535.8;128;0.212020033388982;0.270011103104516;253;0.420701168614357;0.356509170353995;207;0.343906510851419
412;17;32224156;61;0.10016694490818;32631506;115;0.190317195325543;0.0645038997133912;85;0.140233722871452;0.222090068376685;39;0.0634390651085142
413;15;32250975;93;0.153589315525876;32631146.0666667;113;0.186978297161937;0.0164026622754431;29;0.0467445742904841;0.236039675883006;58;0.0951585976627713
414;5;32646154;403;0.671118530884808;32914952.8;391;0.651085141903172;1.05466486488539;406;0.676126878130217;1.21939913853492;392;0.652754590984975
415;17;32197657;27;0.0434056761268781;32629470;106;0.175292153589316;0.0849628593589875;100;0.165275459098498;0.215659790969142;28;0.0450751252086811
416;13;32344667;224;0.37228714524207;32673828.4615385;236;0.392320534223706;0.056657975616783;81;0.13355592654424;0.31723244431475;157;0.260434056761269
417;5;32458358;306;0.509181969949916;32797421.2;349;0.580968280467446;0.736115516247436;363;0.604340567612688;0.857192490306857;349;0.580968280467446
418;5;32710020;427;0.71118530884808;32900776.8;387;0.64440734557596;1.02373251453447;402;0.669449081803005;1.17620912354294;389;0.647746243739566
419;5;32335296;210;0.348914858096828;32663207.4;213;0.353923205342237;0.362518451356733;305;0.507512520868113;0.444747518271524;265;0.440734557595993
420;15;32271976;126;0.208681135225376;32636150.3333333;140;0.232053422370618;0;1;0;0.251315224518712;78;0.128547579298831
421;5;32223247;56;0.0918196994991653;32625458.2;77;0.126878130217028;0.0147399794987339;24;0.0383973288814691;0.328462681994553;170;0.282136894824708
422;13;32256679;103;0.170283806343907;32664701.6923077;219;0.363939899833055;0.0881481675968353;108;0.178631051752922;0.288665047729156;124;0.20534223706177
423;5;32336461;212;0.352253756260434;32638452.4;154;0.25542570951586;0.246450548524777;236;0.392320534223706;0.368715046179213;213;0.353923205342237
424;5;32310754;177;0.293823038397329;32624932.4;75;0.123539232053422;0.21504681697431;208;0.345575959933222;0.327371049654363;169;0.280467445742905
425;13;32328760;202;0.335559265442404;32678783.3076923;252;0.419031719532554;0.0990321425005726;121;0.200333889816361;0.332129974639591;174;0.28881469115192
426;5;32421248;284;0.47245409015025;32656852.2;205;0.340567612687813;0.168680673620671;172;0.285475792988314;0.42583077953566;259;0.430717863105175
427;15;32234019;75;0.123539232053422;32637673.4666667;152;0.252086811352254;0.0272502552566224;40;0.0651085141903172;0.255943370364245;86;0.141903171953255
428;5;32453145;303;0.504173622704507;32677684.4;245;0.407345575959933;0.310459423605548;278;0.462437395659432;0.490293031913884;292;0.485809682804674
429;5;32256932;104;0.17195325542571;32628857.2;99;0.163606010016695;0.119291718689059;134;0.2220367278798;0.338793784942369;185;0.307178631051753
430;5;32373788;253;0.420701168614357;32677861.8;246;0.409015025041736;0.362037354363061;303;0.504173622704507;0.490351338360053;293;0.487479131886477
431;5;32448147;297;0.49415692821369;32616130.8;53;0.0868113522537563;0.17104140180538;173;0.287145242070117;0.305466279066837;145;0.240400667779633
432;19;32156283;2;0.00166944908180301;32609268.7894737;46;0.0751252086811352;0.0312696066919945;42;0.0684474123539232;0.1550832637181;1;0
433;17;32222726;55;0.0901502504173623;32642976.2941176;173;0.287145242070117;0.0471640132390127;67;0.110183639398998;0.257311698338967;87;0.143572621035058
434;5;32497151;331;0.550918196994992;32648227.8;190;0.315525876460768;0.144175232004175;153;0.253756260434057;0.404079396583215;243;0.404006677796327
435;17;32189595;20;0.0317195325542571;32630273.7647059;110;0.181969949916528;0.01494924959047;25;0.0400667779632721;0.218245679228556;35;0.0567612687813022
436;17;32204035;37;0.0601001669449082;32643821.6470588;175;0.290484140233723;0.0561770438492353;80;0.131886477462437;0.259714387592794;89;0.146911519198664
437;17;32173104;6;0.00834724540901502;32639582.1176471;161;0.267111853088481;0.0773169194237704;95;0.156928213689482;0.246892627836712;71;0.11686143572621
438;17;32261160;110;0.181969949916528;32629154.8823529;103;0.170283806343907;0.00337259202775865;20;0.0317195325542571;0.21484701660192;26;0.0417362270450751
439;17;32259196;108;0.178631051752922;32637182.8823529;148;0.245409015025042;0.0497606454026241;71;0.11686143572621;0.239660262959406;64;0.105175292153589
440;19;32225485;64;0.105175292153589;32626340.5789474;81;0.13355592654424;0;1;0;0.207399678334704;16;0.0250417362270451
441;5;32600360;390;0.649415692821369;32685405.2;257;0.427378964941569;0.356721106303037;300;0.499165275459099;0.518787689691987;306;0.509181969949916
442;5;32460109;307;0.510851419031719;32628974.2;100;0.165275459098498;0.207969427225395;204;0.33889816360601;0.344965425078726;195;0.323873121869783
443;5;32494834;327;0.54424040066778;32622431.8;66;0.108514190317195;0.247461212378074;237;0.393989983305509;0.324812390772582;166;0.275459098497496
444;17;32195168;25;0.0400667779632721;32635923.5294118;139;0.230383973288815;0.0368292378582832;50;0.0818030050083473;0.235444376736499;57;0.0934891485809683
445;17;32181413;15;0.0233722871452421;32629761.7058824;107;0.176961602671119;0.0371287238671642;53;0.0868113522537563;0.216657105470932;32;0.0517529215358932
446;5;32660258;407;0.67779632721202;32746517;315;0.524207011686144;0.531878687618587;340;0.565943238731219;0.706615983644528;329;0.547579298831386
447;17;32203832;36;0.0584307178631052;32628538.5294118;96;0.158597662771285;0.031273600322236;43;0.0701168614357262;0.212685522759214;21;0.0333889816360601
448;19;32234028;76;0.125208681135225;32624796;73;0.120200333889816;0.093419052962287;115;0.190317195325543;0.202867986835777;12;0.0183639398998331
449;5;32463265;309;0.514190317195326;32626348.2;82;0.135225375626043;0.217712350501233;211;0.350584307178631;0.336856786971836;181;0.300500834724541
450;5;32552691;367;0.6110183639399;32641654.8;168;0.278797996661102;0.220169748132962;212;0.352253756260434;0.383998380833985;224;0.37228714524207
451;5;32501080;335;0.557595993322204;32630278.8;111;0.183639398998331;0.196918645552626;192;0.318864774624374;0.348921517431859;199;0.330550918196995
452;17;32223862;58;0.0951585976627713;32635601.7647059;135;0.223706176961603;0.0945159013006857;117;0.193656093489149;0.234683167071758;53;0.0868113522537563
453;17;32180629;12;0.0183639398998331;32634568.7058824;129;0.213689482470785;0.00277664223080044;19;0.0300500834724541;0.231566069252738;48;0.0784641068447412
454;5;32513559;346;0.575959933222037;32617008;54;0.0884808013355593;0.0929062942537309;114;0.18864774624374;0.308234692578839;146;0.242070116861436
455;5;32495890;329;0.547579298831386;32626517;84;0.138564273789649;0.0351213861166506;48;0.0784641068447412;0.337393544126769;183;0.303839732888147
456;5;32502834;337;0.56093489148581;32644779.8;180;0.298831385642738;0.249144081685656;239;0.397328881469115;0.393513267226339;232;0.385642737896494
457;17;32197704;28;0.0450751252086811;32625295.7647059;76;0.125208681135225;0.0339858502448375;46;0.0751252086811352;0.20294300488363;13;0.0200333889816361
458;17;32190832;21;0.0333889816360601;32640485.5294118;164;0.27212020033389;0.0441503128832503;64;0.105175292153589;0.249363909858523;77;0.126878130217028
459;17;32218259;49;0.0801335559265442;32628155.2941176;92;0.151919866444073;0.0158808173003969;28;0.0450751252086811;0.21199651105003;20;0.0317195325542571
460;5;32556694;369;0.614357262103506;32620363.2;61;0.10016694490818;0.193122475605016;191;0.317195325542571;0.318814044820038;161;0.267111853088481
461;17;32234247;77;0.126878130217028;32656693.7647059;204;0.33889816360601;0.089646625160661;110;0.181969949916528;0.299553052105927;136;0.225375626043406
462;5;32491590;324;0.539232053422371;32620243.4;60;0.0984974958263773;0.182763462692378;181;0.300500834724541;0.3181311089141;159;0.263772954924875
463;17;32169302;5;0.00667779632721202;32635869.0588235;138;0.228714524207012;0.0404829548540717;55;0.0901502504173623;0.235114586310186;55;0.0901502504173623
464;5;32423020;285;0.474123539232053;32605631.6;42;0.0684474123539232;0.0934715560664793;116;0.191986644407346;0.272927916645386;101;0.1669449081803
465;17;32237596;80;0.131886477462437;32639103.7647059;158;0.262103505843072;0.0992183835293876;122;0.202003338898164;0.245509240401995;69;0.113522537562604
466;17;32296683;155;0.257095158597663;32639611.2941176;162;0.268781302170284;0.0728731703401792;91;0.15025041736227;0.247075858256596;72;0.118530884808013
467;5;32506952;340;0.565943238731219;32607026;43;0.0701168614357262;0.049957051939289;72;0.118530884808013;0.27776998366111;104;0.17195325542571
468;5;32484630;320;0.532554257095159;32610640;49;0.0801335559265442;0.158447204472008;165;0.273789649415693;0.288552432508181;123;0.203672787979967
469;5;32483326;319;0.530884808013356;32620395.2;62;0.101836393989983;0.273441690492601;256;0.425709515859766;0.318534728760211;160;0.265442404006678
470;17;32246347;90;0.148580968280467;32636749.5294118;144;0.23873121869783;0.042975157661596;58;0.0951585976627713;0.238460939998286;62;0.101836393989983
471;17;32232460;74;0.121869782971619;32642035.3529412;170;0.282136894824708;0.119009301675319;133;0.220367278797997;0.254454404081458;84;0.138564273789649
472;5;32457193;305;0.507512520868113;32619936.4;58;0.0951585976627713;0.134068114626472;147;0.243739565943239;0.317049148418182;155;0.257095158597663
473;19;32198375;30;0.0484140233722871;32625898.2105263;80;0.131886477462437;0.054059779520983;76;0.125208681135225;0.206092784666853;15;0.0233722871452421
474;17;32198632;31;0.0500834724540902;32631741.9411765;117;0.193656093489149;0.00193277833588152;18;0.0283806343906511;0.222664079725364;40;0.0651085141903172
475;17;32228694;67;0.110183639398998;32633558.4705882;124;0.20534223706177;0.0609610815668646;84;0.138564273789649;0.228498999249886;47;0.0767946577629382
476;5;32475468;314;0.522537562604341;32664857.4;220;0.365609348914858;0.255384369745544;242;0.402337228714524;0.455268778495983;273;0.454090150250417
477;5;32462185;308;0.512520868113522;32604394.8;41;0.0667779632721202;0.184555819130988;183;0.303839732888147;0.26928411058069;98;0.161936560934891
478;5;32495800;328;0.545909849749583;32607933.4;44;0.0717863105175292;0.166254169871345;169;0.280467445742905;0.280416905575421;109;0.180300500834725
479;5;32531468;356;0.592654424040067;32647099;188;0.312186978297162;0.308196396919501;277;0.460767946577629;0.400816271945621;240;0.398998330550918
480;5;32548680;365;0.607679465776294;32674686.8;237;0.393989983305509;0.395636262738483;319;0.530884808013356;0.485713794263774;290;0.482470784641068
481;5;32503721;339;0.564273789649416;32619892.8;57;0.0934891485809683;0.248900390312531;238;0.395659432387312;0.317148899234475;156;0.258764607679466
482;5;32482214;318;0.529215358931553;32636383.6;142;0.235392320534224;0.276210022603212;258;0.429048414023372;0.367735332229094;212;0.352253756260434
483;5;32441917;295;0.490818030050083;32608226;45;0.0734557595993322;0.151808698380643;160;0.265442404006678;0.28105705475389;110;0.181969949916528
484;5;32519498;349;0.580968280467446;32636875.8;145;0.240400667779633;0.10779608884624;125;0.207011686143573;0.369320589448383;216;0.358931552587646
485;19;32210382;44;0.0717863105175292;32629095.8421053;102;0.168614357262103;0.0232831757366574;36;0.0584307178631052;0.216363535890498;31;0.0500834724540902
486;5;32544529;363;0.604340567612688;32671996;231;0.383973288814691;0.355655982313524;299;0.497495826377296;0.477225835894159;286;0.475792988313856
487;17;32181272;14;0.0217028380634391;32639567.7647059;160;0.265442404006678;0.0948212042167288;118;0.195325542570952;0.246625131088802;70;0.115191986644407
488;17;32225078;63;0.103505843071786;32647984.3529412;189;0.313856427378965;0;1;0;0.272568101684815;100;0.165275459098498
489;17;32206421;38;0.0617696160267112;32636429.6470588;143;0.237061769616027;0.0854466505921215;103;0.170283806343907;0.237166494266649;60;0.0984974958263773
490;17;32194950;24;0.0383973288814691;32636925.9411765;147;0.243739565943239;0.0738809214717332;92;0.151919866444073;0.238589046060733;63;0.103505843071786
491;17;32250733;92;0.151919866444073;32654439.2941176;202;0.335559265442404;0.0430436221048943;59;0.0968280467445743;0.292635793071918;131;0.217028380634391
492;17;32223695;57;0.0934891485809683;32641643.1176471;167;0.277128547579299;0.0543615061700586;78;0.128547579298831;0.253079487115094;81;0.13355592654424
493;5;32503000;338;0.562604340567613;32642293.6;172;0.285475792988314;0.287361230085474;266;0.442404006677796;0.385825889494039;225;0.373956594323873
494;5;32528471;355;0.590984974958264;32610030.2;47;0.0767946577629382;0.140507168916178;150;0.248747913188648;0.286850860855763;119;0.196994991652755
495;5;32487316;321;0.534223706176962;32634246.2;126;0.208681135225376;0.291960464476888;268;0.445742904841402;0.361155769778036;210;0.348914858096828
496;17;32243318;85;0.140233722871452;32638958.2352941;157;0.260434056761269;0.0814542120872697;98;0.161936560934891;0.244986957959314;68;0.111853088480801
497;5;32668015;409;0.681135225375626;32774975.2;336;0.559265442404007;0.564989786969353;347;0.57762938230384;0.794203787962625;342;0.569282136894825
498;5;32472551;312;0.519198664440735;32614308.4;51;0.0834724540901502;0.126986998148526;140;0.232053422370618;0.299764977963574;137;0.227045075125209
499;5;32681666;414;0.689482470784641;32829557.2;363;0.604340567612688;0.607012930266609;352;0.585976627712855;0.962285187772112;361;0.601001669449082
500;17;32262172;111;0.183639398998331;32642081.1764706;171;0.283806343906511;0.0892163036429243;109;0.180300500834725;0.254597311460006;85;0.140233722871452
501;17;32264270;113;0.186978297161937;32654163.2941176;201;0.333889816360601;0.0505730573842745;73;0.120200333889816;0.29136752189321;128;0.212020033388982
502;17;32146231;1;0;32622854.3529412;67;0.110183639398998;0;1;0;0.195263790929826;7;0.010016694490818
503;5;32450888;299;0.497495826377296;32611940.8;50;0.0818030050083473;0.112164270597079;130;0.215358931552588;0.292546649790763;130;0.215358931552588
504;17;32227614;65;0.106844741235392;32623561.6470588;69;0.113522537562604;0.0282943047189847;41;0.0667779632721202;0.197662079924726;9;0.013355592654424
505;17;32186385;18;0.0283806343906511;32649540.1764706;194;0.32220367278798;0.124910444400154;139;0.230383973288815;0.277064462916057;103;0.170283806343907
506;5;32480978;317;0.52754590984975;32623136.6;68;0.111853088480801;0.272394353031306;255;0.424040066777963;0.327006570746303;168;0.278797996661102
507;5;32567532;373;0.621035058430718;32643893;176;0.292153589315526;0.235127312553731;230;0.382303839732888;0.391155310241929;230;0.382303839732888
508;5;32573387;379;0.631051752921536;32645787;183;0.303839732888147;0.234256672716407;229;0.380634390651085;0.396967266529267;235;0.390651085141903
509;5;32536135;360;0.599332220367279;32627868.6;90;0.148580968280467;0.199629115388222;194;0.32220367278798;0.3417152169684;190;0.315525876460768
510;5;32524635;354;0.589315525876461;32631758.4;118;0.195325542570952;0.123609793858181;136;0.225375626043406;0.353647859251547;202;0.335559265442404
511;17;32229688;69;0.113522537562604;32628649.5294118;97;0.160267111853088;0.0203151081979475;31;0.0500834724540902;0.213255335814826;23;0.0367278797996661
512;5;32568476;375;0.624373956594324;32669429;228;0.378964941569282;0.337951568839958;290;0.482470784641068;0.469475932291847;283;0.470784641068447
513;5;32498754;334;0.555926544240401;32610143;48;0.0784641068447412;0.136436117998871;149;0.247078464106845;0.287093282220705;120;0.198664440734558
514;17;32241489;82;0.135225375626043;32632233.5882353;119;0.196994991652755;0;1;0;0.224469659866936;42;0.0684474123539232
515;17;32232007;72;0.118530884808013;32637422.4705882;149;0.247078464106845;0.0856870589624231;105;0.173622704507513;0.240189627301592;65;0.106844741235392
516;19;32242992;84;0.138564273789649;32627472.5263158;88;0.145242070116861;0;1;0;0.211121954929539;19;0.0300500834724541
517;19;32224006;59;0.0968280467445743;32632409.7368421;120;0.198664440734558;0.0417679309569304;57;0.0934891485809683;0.226172638188044;43;0.0701168614357262
518;5;32269554;121;0.200333889816361;32535263.2;34;0.0550918196994992;0.23823294979073;232;0.385642737896494;0.34652062514016;198;0.328881469115192
519;19;32209282;43;0.0701168614357262;32644542.6315789;178;0.295492487479132;0;1;0;0.263403878388613;90;0.148580968280467
520;19;32230437;71;0.11686143572621;32648952.2631579;192;0.318864774624374;0.0370563519131153;52;0.0851419031719533;0.27694322504542;102;0.168614357262103
521;19;32181186;13;0.0200333889816361;32628469;95;0.156928213689482;0;1;0;0.214074553091729;25;0.0400667779632721
522;5;32306331;168;0.278797996661102;32532901.6;31;0.0500834724540902;0.200532696037321;196;0.325542570951586;0.339058452556211;187;0.310517529215359
523;5;32294635;151;0.250417362270451;32532522.4;29;0.0467445742904841;0.150584609271857;159;0.263772954924875;0.338346094795978;184;0.30550918196995
524;5;32337691;215;0.357262103505843;32520063.8;14;0.0217028380634391;0.161381334073447;168;0.278797996661102;0.300206994239995;139;0.230383973288815
525;19;32251218;95;0.156928213689482;32626853.2631579;85;0.140233722871452;0.0336312442071354;45;0.0734557595993322;0.209387947765934;18;0.0283806343906511
526;19;32255888;101;0.1669449081803;32646964.9473684;187;0.310517529215359;0.0510375338555768;74;0.121869782971619;0.271026192823735;99;0.163606010016695
527;5;32220000;52;0.0851419031719533;32517508.8;9;0.013355592654424;0.0843044078718076;99;0.163606010016695;0.291372042085788;129;0.213689482470785
528;19;32218097;48;0.0784641068447412;32641466.5789474;166;0.275459098497496;0.0683261654992569;87;0.143572621035058;0.25398621073258;83;0.136894824707846
529;5;32331178;203;0.337228714524207;32524874.4;22;0.0350584307178631;0.172177116756152;174;0.28881469115192;0.314807792274744;152;0.252086811352254
530;5;32230395;70;0.115191986644407;32514988.2;6;0.00834724540901502;0.116594176472671;132;0.218697829716194;0.283431470996927;114;0.18864774624374
531;19;32208522;41;0.0667779632721202;32631604.5789474;116;0.191986644407346;0.0435961498993107;60;0.0984974958263773;0.223410034984869;41;0.0667779632721202
532;5;32200610;33;0.0534223706176962;32509690.6;1;0;0.024073661054035;38;0.0617696160267112;0.267164104231541;93;0.153589315525876
533;5;32291604;145;0.240400667779633;32518676.6;12;0.0183639398998331;0.178011582647393;179;0.297161936560935;0.295327712829997;134;0.2220367278798
534;19;32207628;39;0.0634390651085142;32644545.4736842;179;0.297161936560935;0.155381553796027;162;0.268781302170284;0.263562573353241;91;0.15025041736227
535;19;32234785;78;0.128547579298831;32635854.4210526;137;0.227045075125209;0.0366030859217054;49;0.0801335559265442;0.236621350283158;59;0.0968280467445743
536;5;32293130;149;0.247078464106845;32533901.8;33;0.0534223706176962;0.0979228350579568;120;0.198664440734558;0.342195870791881;191;0.317195325542571
537;19;32174911;8;0.011686143572621;32628157.3684211;93;0.153589315525876;0;1;0;0.213265090801;24;0.0383973288814691
538;19;32175256;9;0.013355592654424;32627991.2631579;91;0.15025041736227;0.0437290838662961;62;0.101836393989983;0.212714296590256;22;0.0350584307178631
539;19;32224627;62;0.101836393989983;32645409.9473684;182;0.302170283806344;0.100894660042108;124;0.20534223706177;0.265992052174322;92;0.151919866444073
540;19;32271855;125;0.207011686143573;32640578.5263158;165;0.273789649415693;0.114532834937424;131;0.217028380634391;0.251427180232434;80;0.131886477462437
541;5;32305520;166;0.275459098497496;32524406;19;0.0300500834724541;0.204569000549409;200;0.332220367278798;0.31299706631282;150;0.248747913188648
542;5;32304544;164;0.27212020033389;32521981;17;0.0267111853088481;0.26707017813183;250;0.415692821368948;0.305452632364212;144;0.23873121869783
543;19;32262322;112;0.185308848080134;32639277.4210526;159;0.263772954924875;0.0856154830741751;104;0.17195325542571;0.247513857020385;73;0.120200333889816
544;19;32258584;105;0.173622704507513;32622378.2105263;65;0.106844741235392;0.0436293205099719;61;0.10016694490818;0.195541000929716;8;0.011686143572621
545;5;32290855;142;0.235392320534224;32527397.4;25;0.0400667779632721;0.224582163948177;218;0.362270450751252;0.322094189085691;163;0.270450751252087
546;19;32179230;11;0.01669449081803;32639698.3684211;163;0.270450751252087;0;1;0;0.248479167959338;75;0.123539232053422
547;19;32208979;42;0.0684474123539232;32634870.2105263;131;0.217028380634391;0.0474573047077228;68;0.111853088480801;0.233773566302412;51;0.0834724540901502
548;5;32312702;180;0.298831385642738;32518567;11;0.01669449081803;0.124781253406155;138;0.228714524207012;0.295118420834541;133;0.220367278797997
549;5;32305821;167;0.277128547579299;32533401.4;32;0.0517529215358932;0.12988527301016;141;0.233722871452421;0.34096374914716;189;0.313856427378965
550;5;32324198;196;0.325542570951586;32518263.8;10;0.015025041736227;0.15842647320177;164;0.27212020033389;0.294583120930338;132;0.218697829716194
551;5;32302262;159;0.263772954924875;32526677.2;24;0.0383973288814691;0.259987290531048;247;0.410684474123539;0.319926793303132;162;0.268781302170284
552;5;32393131;272;0.452420701168614;32602851.2;40;0.0651085141903172;0.381590768362272;316;0.525876460767947;0.555253318947799;312;0.519198664440735
553;5;32298820;157;0.260434056761269;32521206;16;0.0250417362270451;0.109058409964019;128;0.212020033388982;0.303190786220888;140;0.232053422370618
554;19;32185914;17;0.0267111853088481;32615061.8421053;52;0.0851419031719533;0.0157470267139294;27;0.0434056761268781;0.172840967197453;2;0.00166944908180301
555;19;32200012;32;0.0517529215358932;32632427.3684211;121;0.200333889816361;0.0318496221509954;44;0.0717863105175292;0.226335290181223;44;0.0717863105175292
556;19;32192860;23;0.0367278797996661;32621285.3157895;63;0.103505843071786;0;1;0;0.191888125553699;5;0.00667779632721202
557;19;32218498;50;0.0818030050083473;32628685.6842105;98;0.161936560934891;0;1;0;0.214977452426396;27;0.0434056761268781
558;5;32311050;178;0.295492487479132;32537850;35;0.0567612687813022;0.258686586695373;245;0.407345575959933;0.354449770921521;204;0.33889816360601
559;19;32184009;16;0.0250417362270451;32617190.3684211;55;0.0901502504173623;0.011427883417159;23;0.0367278797996661;0.179452744995824;3;0.00333889816360601
560;19;32220941;53;0.0868113522537563;32643024.7368421;174;0.28881469115192;0.0799641149809994;96;0.158597662771285;0.25878168637619;88;0.145242070116861
561;19;32187254;19;0.0300500834724541;32619304.4210526;56;0.0918196994991653;0.0204459081296386;32;0.0517529215358932;0.186074551397538;4;0.00500834724540901
562;19;32253091;98;0.161936560934891;32629065;101;0.1669449081803;0;1;0;0.21612923802939;30;0.0484140233722871
563;5;32307565;169;0.280467445742905;32515447.4;7;0.010016694490818;0.187779553937313;186;0.308848080133556;0.285451804242906;116;0.191986644407346
564;5;32283282;134;0.2220367278798;32513576;3;0.00333889816360601;0.221314842597687;214;0.35559265442404;0.279652607732323;108;0.178631051752922
565;5;32237879;81;0.13355592654424;32514868.4;5;0.00667779632721202;0.060154883694454;83;0.136894824707846;0.283162322489917;113;0.186978297161937
566;5;32267415;118;0.195325542570952;32513108.6;2;0.00166944908180301;0.231588619339816;224;0.37228714524207;0.278138939546895;106;0.175292153589316
567;19;32228473;66;0.108514190317195;32624317;72;0.118530884808013;0.0485912390390078;69;0.113522537562604;0.201462297986887;11;0.01669449081803
568;5;32274364;130;0.215358931552588;32530777.2;27;0.0434056761268781;0.173397282517639;177;0.293823038397329;0.332246854838438;175;0.290484140233723
569;19;32232441;73;0.120200333889816;32646178.2105263;186;0.308848080133556;0.0720718713417232;90;0.148580968280467;0.268385536135613;96;0.158597662771285
570;5;32304351;162;0.268781302170284;32580169;39;0.0634390651085142;0.266471143378565;249;0.414023372287145;0.484791131279149;288;0.479131886477462
571;5;32338987;218;0.362270450751252;32560821.8;36;0.0584307178631052;0.24082861781153;234;0.3889816360601;0.425537351702499;258;0.429048414023372
572;5;32273909;127;0.210350584307179;32518741.2;13;0.0200333889816361;0.232457232821334;225;0.373956594323873;0.295744604688183;135;0.223706176961603
573;19;32165012;3;0.00333889816360601;32637593.2631579;151;0.250417362270451;0.0584236453722989;82;0.135225375626043;0.242064248987921;67;0.110183639398998
574;5;32357807;237;0.393989983305509;32620123.6;59;0.0968280467445743;0.412344413743689;324;0.539232053422371;0.607878506237464;318;0.529215358931553
575;5;32310671;175;0.290484140233723;32570252.8;37;0.0601001669449082;0.286087203692736;263;0.437395659432387;0.454162549710958;271;0.450751252086811
576;5;32295762;153;0.253756260434057;32524664.2;21;0.0333889816360601;0.229975097212703;223;0.370617696160267;0.313827561778003;151;0.250417362270451
577;5;32258875;107;0.176961602671119;32532116.4;28;0.0450751252086811;0.205060997997693;202;0.335559265442404;0.336441046267972;180;0.298831385642738
578;5;32207707;40;0.0651085141903172;32520346;15;0.0233722871452421;0.0461189220218396;66;0.108514190317195;0.299861437946743;138;0.228714524207012
579;19;32168285;4;0.00500834724540901;32633084.8421053;122;0.202003338898164;0.0438691294165123;63;0.103505843071786;0.228232995582583;45;0.0734557595993322
580;5;32294128;150;0.248747913188648;32524090.6;18;0.0283806343906511;0.212165134650407;207;0.343906510851419;0.312037150585685;147;0.243739565943239
581;19;32173665;7;0.010016694490818;32635453.6315789;133;0.220367278797997;0.0853412644238138;101;0.1669449081803;0.235335209134465;56;0.0918196994991653
582;19;32219337;51;0.0834724540901502;32625667.1578947;78;0.128547579298831;0.0343381124254716;47;0.0767946577629382;0.205641203496158;14;0.0217028380634391
583;5;32267382;117;0.193656093489149;32515765.4;8;0.011686143572621;0.167329393631554;170;0.282136894824708;0.286131349270118;117;0.193656093489149
584;19;32241755;83;0.136894824707846;32646077.8421053;185;0.307178631051753;0.0170531469203418;30;0.0484140233722871;0.268203518877292;94;0.155258764607679
585;5;32289005;140;0.232053422370618;32573991.2;38;0.0617696160267112;0.298653179618089;273;0.454090150250417;0.465162441990414;281;0.467445742904841
586;5;32260918;109;0.180300500834725;32525839;23;0.0367278797996661;0.131663493437838;144;0.23873121869783;0.317013796369224;154;0.25542570951586
587;19;32245137;88;0.145242070116861;32634310.5789474;127;0.210350584307179;0.0228946687490859;35;0.0567612687813022;0.232192473371779;49;0.0801335559265442
588;19;32201419;35;0.0567612687813022;32633201.3157895;123;0.203672787979967;0.0494041651511543;70;0.115191986644407;0.228452505501547;46;0.0751252086811352
589;19;32215429;47;0.0767946577629382;32630100.3157895;108;0.178631051752922;0.0853702742938943;102;0.168614357262103;0.218992734182749;36;0.0584307178631052
590;19;32224108;60;0.0984974958263773;32649594.7894737;195;0.323873121869783;0.136107000879007;148;0.245409015025042;0.278894001094843;107;0.176961602671119
591;19;32246774;91;0.15025041736227;32634783.7894737;130;0.215358931552588;0;1;0;0.233338602189409;50;0.0818030050083473
592;19;32251159;94;0.155258764607679;32651072.8947368;198;0.328881469115192;0.147117348549271;155;0.257095158597663;0.28357420066422;115;0.190317195325543
593;19;32201101;34;0.0550918196994992;32626911.7368421;86;0.141903171953255;0.0417120624307191;56;0.0918196994991653;0.209212130732649;17;0.0267111853088481
594;5;32283952;135;0.223706176961603;32530154.6;26;0.0417362270450751;0.203156584146163;199;0.330550918196995;0.330581827834291;173;0.287145242070117
595;19;32212481;45;0.0734557595993322;32622021.9473684;64;0.105175292153589;0.026564252009746;39;0.0634390651085142;0.194300440103155;6;0.00834724540901502
596;5;32288985;139;0.230383973288815;32514593.2;4;0.00500834724540901;0.203032966606253;198;0.328881469115192;0.282740530695974;112;0.185308848080134
597;19;32252972;97;0.160267111853088;32629441.5263158;105;0.173622704507513;0.020688409634512;34;0.0550918196994992;0.21740904664381;33;0.0534223706176962
598;5;32290882;143;0.237061769616027;32532894.4;30;0.0484140233722871;0.224665966737493;219;0.363939899833055;0.338971348170761;186;0.308848080133556
599;5;32258828;106;0.175292153589316;32524445;20;0.0317195325542571;0.189863018513014;187;0.310517529215359;0.312761080075117;149;0.247078464106845
600;19;32246080;89;0.146911519198664;32637510.4736842;150;0.248747913188648;0.0699434965431107;89;0.146911519198664;0.241945871288249;66;0.108514190317195
