CONFIG_ID;B;M;INSTANCES;BR;MR;BNR;MNR;BG;MG;BRG;MRG;BNRG;MNRG;QUALITY
1;0.359053647440729;3188.39375026601;7;96;159.285714285714;0.205128205128205;0.422658809168768;27.9208082706607;148.42876720046;96;159.285714285714;0.205128205128205;0.422658809168768;0.633988213753152
2;1.07245017192135;2878.66924511461;7;126;203.571428571429;0.349614395886889;0.529913776534637;17.2807084290116;213.838168007493;126;203.571428571429;0.349614395886889;0.529913776534637;0.794870664801955
3;238.215774675563;71350056.443679;5;261;375.4;0.787878787878788;0.936872111678667;37.1857122804803;85454460.4665764;261;375.4;0.787878787878788;0.936872111678667;1.53914704061495
4;0.258113857484979;2967.03659594168;7;5;192.571428571429;0.00892857142857143;0.513257721824236;17.8695428967915;43783.2938792451;5;192.571428571429;0.00892857142857143;0.513257721824236;0.769886582736354
5;0.344426259506414;2749.5432210179;7;97;200.857142857143;0.288235294117647;0.525179675431992;13.3712918225601;141.297166643485;97;200.857142857143;0.288235294117647;0.525179675431992;0.787769513147988
6;0.326171880393928;3196.23391425492;7;82;157.285714285714;0.192307692307692;0.435249297096011;8.60670645867675;100.530368623112;82;157.285714285714;0.192307692307692;0.435249297096011;0.652873945644017
7;0.344067547258593;2739.83527528874;7;96;179.428571428571;0.202991452991453;0.487906470493231;15.6764639043502;1450.96481389814;96;179.428571428571;0.202991452991453;0.487906470493231;0.731859705739847
8;57.7069945307134;8471.89716169683;5;159;298.6;0.478787878787879;0.739175142088702;24.0241875293967;12335.7602161214;159;298.6;0.478787878787879;0.739175142088702;1.21435916200287
9;22.8541280762929;4754.43696489366;5;9;259.4;0.0170940170940171;0.685663115340815;20.5326604019067;2887.71911425492;9;259.4;0.0170940170940171;0.685663115340815;1.12644654663134
10;0.952532268129145;2875.99782413055;7;78;223.857142857143;0.22;0.579824233901349;15.9336662371185;39979.0460963554;78;223.857142857143;0.22;0.579824233901349;0.869736350852024
11;0.314894886263944;4550.95648209075;5;61;214.2;0.133928571428571;0.571153730160157;36.4608980603991;100.037223244142;61;214.2;0.133928571428571;0.571153730160157;0.938323985263115
12;112.391927310996;287030.550385988;5;160;290.8;0.408740359897172;0.714760392991755;29.1403370765712;352236.480609936;160;290.8;0.408740359897172;0.714760392991755;1.17424921705788
13;0.301836257833371;3227.94495631293;7;7;150.857142857143;0.0128205128205128;0.429573955321428;18.8584786454909;1480.01851911314;7;150.857142857143;0.0128205128205128;0.429573955321428;0.644360932982142
14;0.333365746035507;2785.00697252212;7;12;160.571428571429;0.0314285714285714;0.409188629778647;16.1970440932661;330.010896105279;12;160.571428571429;0.0314285714285714;0.409188629778647;0.613782944667971
15;0.315070749125604;3308.26289755445;7;64;217.714285714286;0.140625;0.594579812865157;23.0776094421381;12826.6936025327;64;217.714285714286;0.140625;0.594579812865157;0.891869719297736
16;0.365825828008214;4537.51367314801;5;166;258;0.424164524421594;0.660789781341195;35.8817364968997;119.181577817162;166;258;0.424164524421594;0.660789781341195;1.08558321220339
17;10.26741791145;4794.39234522885;5;134;291.4;0.341902313624679;0.739046269140742;16.4283285269709;1365.06093328241;134;291.4;0.341902313624679;0.739046269140742;1.21414744215979
18;0.310064721353633;3072.20470567878;7;50;171.571428571429;0.109375;0.472715281609735;12.2363173317357;1672.2546136761;50;171.571428571429;0.109375;0.472715281609735;0.709072922414602
19;0.297473713979721;2969.73376132574;7;28;194.571428571429;0.0602678571428571;0.517871824913893;25.7189601265412;4015.17433075743;28;194.571428571429;0.0602678571428571;0.517871824913893;0.77680773737084
20;245.133778335724;104256218.749961;5;240;372.2;0.724242424242424;0.926147878114459;36.370513343267;124855335.678552;240;372.2;0.724242424242424;0.926147878114459;1.52152865690233
21;0.736923748441866;2698.81069380786;7;10;174;0.0257142857142857;0.441737022577021;13.0270374010725;296.194462252586;10;174;0.0257142857142857;0.441737022577021;0.662605533865532
22;109.678117083805;115058.20148749;5;141;287.8;0.359897172236504;0.709832955925822;18.5019193610495;145860.994628209;141;287.8;0.359897172236504;0.709832955925822;1.16615414187814
23;12.7844852332423;4051.08254748165;7;40;202.142857142857;0.0833333333333333;0.548765949766212;9.71919127764632;40307.3872208156;40;202.142857142857;0.0833333333333333;0.548765949766212;0.823148924649318
24;198.131539071433;52627052.1209651;5;151;288.4;0.428571428571429;0.698743372808283;35.262432725951;63031857.8692178;151;288.4;0.428571428571429;0.698743372808283;1.14793554104218
25;0.305191144941798;4576.11946138528;5;35;193.8;0.0726495726495727;0.532133990081612;36.9569699574168;101.573339464564;35;193.8;0.0726495726495727;0.532133990081612;0.874220126562649
26;153.220326168157;36761637.035626;5;188;348.8;0.534285714285714;0.865319233644105;41.8762068381403;44029646.75279;188;348.8;0.534285714285714;0.865319233644105;1.42159588384389
27;0.327989999337235;3106.52259363277;7;81;196.142857142857;0.227678571428571;0.522443602548131;19.6147868750824;56690.0280274975;81;196.142857142857;0.227678571428571;0.522443602548131;0.783665403822197
28;0.814524434229836;2805.34830458111;7;83;186.571428571429;0.241176470588235;0.472098049066763;16.0539232803433;168.950509112873;83;186.571428571429;0.241176470588235;0.472098049066763;0.708147073600145
29;0.326399948016288;3099.9708210691;7;24;159.285714285714;0.0657142857142857;0.429538194915253;29.8293382188511;707.763546318812;24;159.285714285714;0.0657142857142857;0.429538194915253;0.644307292372879
30;64.0857857740666;1963340.40555351;5;150;315.2;0.425714285714286;0.780840751614852;43.1360061571913;2353094.91240765;150;315.2;0.425714285714286;0.780840751614852;1.2828098062244
31;68.3085705654904;5211.33520423854;5;200;303.8;0.539845758354756;0.75611001081181;34.5352603184664;9366.61757654176;200;303.8;0.539845758354756;0.75611001081181;1.24218073204797
32;0.864208987214686;3105.32468606935;7;36;178.142857142857;0.1;0.458857206511178;31.256840657577;266.673865812113;36;178.142857142857;0.1;0.458857206511178;0.688285809766767
33;106.385833135493;94690.2877278666;5;198;335.8;0.596969696969697;0.833289684644119;34.1456673270944;121197.020894365;198;335.8;0.596969696969697;0.833289684644119;1.36897591048677
34;0.330518857160899;3359.60120653868;7;33;176.571428571429;0.0914285714285714;0.481567000154428;32.8643251079612;24758.1444493028;33;176.571428571429;0.0914285714285714;0.481567000154428;0.722350500231642
35;9.15124319526845;4505.32528500585;5;8;205.4;0.014957264957265;0.533668797497846;18.9132448964644;1169.51133241029;8;205.4;0.014957264957265;0.533668797497846;0.876741595889319
36;240.360494266003;140982992.495402;5;238;375.4;0.718181818181818;0.934455918724235;36.249676474606;168829254.542472;238;375.4;0.718181818181818;0.934455918724235;1.53517758076124
37;70.162964955244;4906.19998232129;5;164;297.8;0.493939393939394;0.737107528432721;27.879718677937;9471.25290250929;164;297.8;0.493939393939394;0.737107528432721;1.21096236813947
38;186.895844207855;27964073.1920265;5;229;366;0.690909090909091;0.910838867502107;35.7812191982502;33500244.5021343;229;366;0.690909090909091;0.910838867502107;1.49637813946775
39;0.755985715319256;3258.612539732;7;117;227.142857142857;0.298200514138817;0.60422063892401;12.6856308744063;8065.5337891649;117;227.142857142857;0.298200514138817;0.60422063892401;0.906330958386015
40;0.341841630580033;3073.95500740147;7;138;212;0.305803571428571;0.564176689957687;28.5941138629001;391.471510386242;138;212;0.305803571428571;0.564176689957687;0.84626503493653
41;63.1677182188163;98630.8568864707;5;106;241.6;0.269922879177378;0.578175898401798;10.1289326218488;121108.387643845;106;241.6;0.269922879177378;0.578175898401798;0.94986040451724
42;0.300210501485907;2645.03476936898;7;23;158.142857142857;0.0628571428571429;0.420068108355032;11.4878979616456;12950.388837249;23;158.142857142857;0.0628571428571429;0.420068108355032;0.630102162532549
43;68.1934456368996;359816.318690485;5;162;327;0.46;0.80938788649939;38.6078862123091;433788.669231843;162;327;0.46;0.80938788649939;1.32970867067757
44;0.864653928709773;2767.49029017469;7;25;162.571428571429;0.0705882352941176;0.418726664656611;14.7997436433088;140.316164131718;25;162.571428571429;0.0705882352941176;0.418726664656611;0.628089996984916
45;15.5011609247582;9171.56128812457;7;37;234.714285714286;0.102857142857143;0.607021426391039;19.6508491718427;216671.584024611;37;234.714285714286;0.102857142857143;0.607021426391039;0.910532139586559
46;0.363962906172764;2598.11640697014;7;20;168;0.0542857142857143;0.429448204598382;11.2329155539039;2051.40944652391;20;168;0.0542857142857143;0.429448204598382;0.644172306897573
47;7.59350793869733;3116.47464096372;7;110;224.428571428571;0.280205655526992;0.592281659060758;11.1826311588719;37436.0465727354;110;224.428571428571;0.280205655526992;0.592281659060758;0.888422488591136
48;0.321087300475177;3139.73396226376;7;15;177.571428571429;0.04;0.475652713458631;26.8994447941797;7983.63206600073;15;177.571428571429;0.04;0.475652713458631;0.713479070187947
49;8.55653648395261;4849.9708341592;5;119;264.6;0.337142857142857;0.666699275909752;47.0177654483598;1120.72374864853;119;264.6;0.337142857142857;0.666699275909752;1.09529166756602
50;0.323793708294389;2849.11003004037;7;58;195;0.162857142857143;0.515044058403918;15.9121247283255;18520.4233749228;58;195;0.162857142857143;0.515044058403918;0.772566087605877
51;0.293021205589426;4547.36915983089;5;17;192.4;0.0341880341880342;0.528936447799558;26.0535526639638;98.1523993599644;17;192.4;0.0341880341880342;0.528936447799558;0.868967021384989
52;1.20554760849099;2875.16780419441;7;64;185.142857142857;0.185294117647059;0.463889115695055;8.53744462570778;198.259429070683;64;185.142857142857;0.185294117647059;0.463889115695055;0.695833673542583
53;77.9229302823485;24540.5764417991;5;224;334;0.637142857142857;0.836319808725978;43.1568738375912;33373.8827503227;224;334;0.637142857142857;0.836319808725978;1.37395397147839
54;0.366000444300328;2810.08069216319;7;132;228.285714285714;0.396969696969697;0.595934288028405;18.0893676798915;1150.09742654353;132;228.285714285714;0.396969696969697;0.595934288028405;0.893901432042607
55;15.9062515626046;4492.59289840375;5;203;267;0.519280205655527;0.675953624103688;35.7270053638086;2032.44436731639;203;267;0.519280205655527;0.675953624103688;1.11049523959892
56;127.587043472351;1130126.58479342;5;253;355.8;0.763636363636364;0.886969622244365;36.8484211949758;1363485.84494883;253;355.8;0.763636363636364;0.886969622244365;1.45716437940146
57;0.321048371965177;3191.9245611107;7;11;155;0.0213675213675214;0.436568971628716;17.8508308871233;200.256700496457;11;155;0.0213675213675214;0.436568971628716;0.654853457443074
58;0.314862386762863;2672.82956100254;7;4;166.142857142857;0.00857142857142857;0.435946733067002;10.2552301667454;5568.09189699606;4;166.142857142857;0.00857142857142857;0.435946733067002;0.653920099600503
59;91.0187161724427;4704608.78845632;5;163;291.2;0.457583547557841;0.713978386723245;37.7048270030375;5638940.06082689;163;291.2;0.457583547557841;0.713978386723245;1.1729644924739
60;169.244979940902;123465562.756773;5;295;382;0.890909090909091;0.95737906323896;39.959823708127;147845987.628289;295;382;0.890909090909091;0.95737906323896;1.57283703246401
61;63.829234166075;444658.25391898;5;169;309.8;0.509090909090909;0.765046548281767;29.8583964654442;535140.161181629;169;309.8;0.509090909090909;0.765046548281767;1.2568621864629
62;0.358571525510936;335043.733239871;5;125;239.6;0.367609254498715;0.594044855672748;16.5567164708236;396658.507883252;125;239.6;0.367609254498715;0.594044855672748;0.975930834319514
63;0.289910933659674;2078.98742530327;9;20;145.888888888889;0.0424107142857143;0.419621587034096;10.2560382135965;6603.08160414572;20;145.888888888889;0.0424107142857143;0.419621587034096;0.569486439546274
64;0.663718408985424;2177.69230945374;9;21;148;0.0571428571428571;0.413966879126916;17.4988049137581;185.54423885784;21;148;0.0571428571428571;0.413966879126916;0.561812193100814
65;68.5503603402561;4592.32609575283;5;115;271;0.29305912596401;0.675177565008542;12.2887229367933;8552.62311216608;115;271;0.29305912596401;0.675177565008542;1.10922028537118
66;0.365757187163439;3312.65598544585;7;29;156.714285714286;0.08;0.416491238127612;25.3288139557207;114.445223689547;29;156.714285714286;0.08;0.416491238127612;0.624736857191418
67;257.388329129763;192457728.284984;5;276;383.2;0.833333333333333;0.957498653053602;38.375854736481;230464242.837939;276;383.2;0.833333333333333;0.957498653053602;1.5730335014452
68;116.25871710533;1607282.27192316;5;168;327.4;0.477142857142857;0.809954587935629;40.4885107963257;1933302.23664686;168;327.4;0.477142857142857;0.809954587935629;1.33063968017996
69;0.325235321059308;2004.86301983353;9;13;145.222222222222;0.0363636363636364;0.418616788738085;5.81199234852974;134.005787056376;13;145.222222222222;0.0363636363636364;0.418616788738085;0.568122784715972
70;131.368547260445;11109.5100881863;5;111;297;0.282776349614396;0.738218412336022;11.7788350000191;24270.0213831299;111;297;0.282776349614396;0.738218412336022;1.21278739169489
71;0.973147487904469;2884.50029731881;7;103;195.857142857143;0.262210796915167;0.507611742417199;9.89604131135049;219.96981373416;103;195.857142857143;0.262210796915167;0.507611742417199;0.761417613625798
72;0.433851118108367;2837.71941481385;7;28;197;0.0771428571428571;0.512411689780927;16.8801149250039;8319.74407873117;28;197;0.0771428571428571;0.512411689780927;0.768617534671391
73;38.3374820552571;24945.4759900973;5;152;290;0.431428571428571;0.717211709170578;38.2421300792926;29173.8896673848;152;290;0.431428571428571;0.717211709170578;1.17827637935166
74;34.8799889769432;4498.74213757834;5;197;287.2;0.560411311053985;0.716411960290495;34.1018249752815;4408.95218610023;197;287.2;0.560411311053985;0.716411960290495;1.17696250619153
75;107.433272082996;400027.017440301;5;184;314.8;0.522857142857143;0.773732530965179;36.2417245770634;486865.587322056;184;314.8;0.522857142857143;0.773732530965179;1.27113201515708
76;0.346617865429374;3197.56862618481;7;57;177.714285714286;0.16;0.487528254251767;20.535691176977;2736.49536723736;57;177.714285714286;0.16;0.487528254251767;0.73129238137765
77;1.03627084481067;2652.49156797147;7;47;179.857142857143;0.131428571428571;0.449860733653844;10.5827707304437;208.962238972036;47;179.857142857143;0.131428571428571;0.449860733653844;0.674791100480766
78;75.4068134043321;18304.4229379969;5;157;320.2;0.472727272727273;0.791396871801435;23.7023313578399;26293.0441730373;157;320.2;0.472727272727273;0.791396871801435;1.30015200367379
79;192.180654021726;19921347.0686261;5;99;281.4;0.28;0.679082995089743;35.6684725360758;23871129.3590569;99;281.4;0.28;0.679082995089743;1.11563634907601
80;11.0064401055848;4672.09695798007;5;113;278.2;0.239316239316239;0.725309762680907;39.7698209959786;1433.46921677415;113;278.2;0.239316239316239;0.725309762680907;1.19158032440435
81;1.22670687156733;2632.56153055504;7;72;229;0.215151515151515;0.591466937494972;11.1781082356214;453.920905028974;72;229;0.215151515151515;0.591466937494972;0.887200406242458
82;0.621798354863021;2070.73762917782;9;12;133.444444444444;0.0437017994858612;0.350159084834178;6.5869800538039;134.303873917697;12;133.444444444444;0.0437017994858612;0.350159084834178;0.475215900846385
83;44.3277193172167;65919.3837534937;5;2;281.6;0.00285714285714286;0.689844916615803;7.96683089374607;78753.8439568477;2;281.6;0.00285714285714286;0.689844916615803;1.13331664872596
84;21.0351089287439;10844.2920795752;5;128;260.4;0.326478149100257;0.643194841719263;14.7175604065201;10261.0603549794;128;260.4;0.326478149100257;0.643194841719263;1.05667723996736
85;1.15265619639249;2731.05327445195;7;13;185.142857142857;0.0342857142857143;0.46629841157225;17.5035613614084;247.117873312425;13;185.142857142857;0.0342857142857143;0.46629841157225;0.699447617358375
86;154.216150759681;11499002.6927036;5;88;274.2;0.248571428571429;0.662749058710498;36.666552634834;13782031.2089211;88;274.2;0.248571428571429;0.662749058710498;1.08880202502439
87;0.298481131006295;4763.04871499426;5;24;201.4;0.0491452991452991;0.557980104799514;33.8847532076979;100.641882238719;24;201.4;0.0491452991452991;0.557980104799514;0.916681600742058
88;0.84772142509497;2621.52180647048;7;56;165.428571428571;0.141388174807198;0.435080106062235;7.54649114582475;940.964284673772;56;165.428571428571;0.141388174807198;0.435080106062235;0.652620159093353
89;32.3053333586265;4217.55702554377;7;65;203.142857142857;0.151709401709402;0.543321946182491;20.0838781324191;60906.1798358005;65;203.142857142857;0.151709401709402;0.543321946182491;0.814982919273737
90;164.914803913693;33264314.6378906;5;183;357;0.551515151515152;0.883696482644747;31.7411385035232;39843874.9725652;183;357;0.551515151515152;0.883696482644747;1.45178707863066
91;0.419603393680884;5530.05705237272;5;31;234.4;0.0857142857142857;0.581478696075418;32.635169118731;1115.75329102805;31;234.4;0.0857142857142857;0.581478696075418;0.955286429266759
92;0.451083484836296;3009.90147412336;7;61;152.428571428571;0.128205128205128;0.406701514827622;28.8693253845449;220.338886779028;61;152.428571428571;0.128205128205128;0.406701514827622;0.610052272241433
93;56.2845408218663;35664.5055544254;5;169;265.2;0.460154241645244;0.64515552920373;32.7632195660644;44497.9455175865;169;265.2;0.460154241645244;0.64515552920373;1.05989836940613
94;37.4849811666952;101804.4602777;7;52;266;0.131105398457584;0.689120744535552;7.48672037043714;276563.676658774;52;266;0.131105398457584;0.689120744535552;1.03368111680333
95;0.836277740214286;2854.44722494283;7;136;224.857142857143;0.347043701799486;0.596599206406755;17.2351765701319;2248.01656659593;136;224.857142857143;0.347043701799486;0.596599206406755;0.894898809610133
96;4.08105587862352;4524.44571169799;5;109;223.2;0.230769230769231;0.570912552849892;36.5621697726787;551.316792352746;109;223.2;0.230769230769231;0.570912552849892;0.937927765396251
97;23.8920945662576;4462.2308445444;7;121;253.714285714286;0.363636363636364;0.656905014661949;16.0607602524374;288942.609298729;121;253.714285714286;0.363636363636364;0.656905014661949;0.985357521992924
98;0.374239071821293;2727.7335859162;7;7;156.142857142857;0.0171428571428571;0.411447632316929;13.9508276884557;2262.12775725894;7;156.142857142857;0.0171428571428571;0.411447632316929;0.617171448475394
99;95.8645184842048;124504.213557875;5;304;363.6;0.894285714285714;0.913686268137746;41.1991517722559;155334.24185041;304;363.6;0.894285714285714;0.913686268137746;1.50105601194058
100;0.370542005331475;3297.66227326909;7;39;202.857142857143;0.108571428571429;0.549639252330866;32.1616686415203;7481.54847938073;39;202.857142857143;0.108571428571429;0.549639252330866;0.824458878496299
101;0.831726449825676;3961.07772457543;5;126;243.2;0.378787878787879;0.606394351827835;17.398680297914;178.067417343325;126;243.2;0.378787878787879;0.606394351827835;0.996219292288586
102;109.958580858256;282453.314339836;5;185;301.6;0.525714285714286;0.742366436548313;37.1906354268553;346383.653116352;185;301.6;0.525714285714286;0.742366436548313;1.2196020029008
103;0.328439540874954;2993.05282395373;7;69;167.571428571429;0.194285714285714;0.452810895843707;25.7069128254267;5279.544068945;69;167.571428571429;0.194285714285714;0.452810895843707;0.679216343765561
104;0.297681364847692;3230.40160565689;7;29;166.142857142857;0.0625;0.464673387124998;36.8452559879889;570.467703668589;29;166.142857142857;0.0625;0.464673387124998;0.697010080687496
105;199.670668440629;82158666.0484091;5;212;365.4;0.639393939393939;0.906461398106321;35.0080661690831;98391414.0108049;212;365.4;0.639393939393939;0.906461398106321;1.48918658260324
106;0.343689222986831;2216.64061606941;9;105;150.111111111111;0.267352185089974;0.437729828795121;9.95316867237302;148.060227875818;105;150.111111111111;0.267352185089974;0.437729828795121;0.594061910507665
107;0.336219737704814;2730.73273908047;7;107;196.285714285714;0.270089285714286;0.518255628692174;14.114669391987;406.487998730627;107;196.285714285714;0.270089285714286;0.518255628692174;0.777383443038261
108;185.329958182966;27286393.4724514;5;322;381.4;0.942857142857143;0.958500594128808;44.8368676930797;32688357.3982941;322;381.4;0.942857142857143;0.958500594128808;1.57467954749733
109;45.5732572030559;4875.83487488491;5;109;265;0.327272727272727;0.648578721906485;14.314804321569;7002.55993815602;109;265;0.327272727272727;0.648578721906485;1.06552218598923
110;0.381270806842448;4365.36105208097;5;173;244.6;0.442159383033419;0.62121165238646;32.4613659777075;121.858161893173;173;244.6;0.442159383033419;0.62121165238646;1.02056200034918
111;46.1570286027597;5347.01096342673;5;166;267;0.471428571428571;0.653151052567826;34.6593806240668;6819.18922816985;166;267;0.471428571428571;0.653151052567826;1.07303387207571
112;0.291746398551487;3181.54749992539;7;22;140.714285714286;0.046875;0.389999697518343;34.7569724673509;225.280928066593;22;140.714285714286;0.046875;0.389999697518343;0.584999546277515
113;26.1459902945587;7980.22084763151;5;241;311.6;0.637532133676093;0.781005080858873;36.4112696344745;7395.49927867059;241;311.6;0.637532133676093;0.781005080858873;1.28307977569672
114;217.097155912822;17193.7123718705;5;125;314.8;0.318766066838046;0.789080719195115;14.2128365017928;41894.2523109444;125;314.8;0.318766066838046;0.789080719195115;1.29634689582055
115;0.306373850547195;2673.82229257948;7;44;175.428571428571;0.0959821428571429;0.469409707724809;9.7069919696664;642.955822386764;44;175.428571428571;0.0959821428571429;0.469409707724809;0.704114561587214
116;0.313122906255195;3080.28977250027;7;22;146.142857142857;0.06;0.403615175377262;29.2161737270781;1741.92196829085;22;146.142857142857;0.06;0.403615175377262;0.605422763065893
117;0.838769805488833;4472.17969072279;5;176;245.2;0.44987146529563;0.630017874477707;36.6932061255978;157.008508247635;176;245.2;0.44987146529563;0.630017874477707;1.03502936521338
118;0.345928796460289;3688.48547151653;7;57;190.428571428571;0.11965811965812;0.522747351926431;35.356146664579;17028.6789308666;57;190.428571428571;0.11965811965812;0.522747351926431;0.784121027889646
119;59.8597351689037;27307.6402262039;5;217;308.2;0.654545454545455;0.764945947333158;35.2351312615987;34754.8282817478;217;308.2;0.654545454545455;0.764945947333158;1.2566969134759
120;51.2640912730922;4592.18437179626;5;110;305;0.33030303030303;0.751086847778043;14.354219346307;7235.82569263687;110;305;0.33030303030303;0.751086847778043;1.23392839277821
121;0.943370614555515;4020.34879648479;5;139;248.2;0.418181818181818;0.621530803529518;19.1109883968586;188.529288594242;139;248.2;0.418181818181818;0.621530803529518;1.02108632008421
122;0.28952045063537;2717.89569609032;7;19;180.857142857143;0.0401785714285714;0.478818960746252;14.445091549311;8842.59445033685;19;180.857142857143;0.0401785714285714;0.478818960746252;0.718228441119378
123;79.7114068961438;51874.2155130246;5;34;272.6;0.0942857142857143;0.663102939548312;33.2789642988851;66525.9192207762;34;272.6;0.0942857142857143;0.663102939548312;1.08938340068651
124;0.760850484942446;2811.0930976632;7;138;225.142857142857;0.395886889460154;0.59552138375769;19.0010412261489;1391.54158449404;138;225.142857142857;0.395886889460154;0.59552138375769;0.893282075636536
125;290.977175258662;950460000.047371;5;214;372.4;0.645454545454546;0.923381562703221;35.1017095514014;1138057687.13716;214;372.4;0.645454545454546;0.923381562703221;1.51698399586958
126;74.315564261003;4489.33731859664;5;152;283;0.388174807197943;0.701391246820874;23.9838657617213;9325.97917844522;152;283;0.388174807197943;0.701391246820874;1.15228561977715
127;31.4326056051574;4796.50234322793;5;79;262.4;0.222857142857143;0.648453965272089;39.2588751044973;4071.95761031834;79;262.4;0.222857142857143;0.648453965272089;1.06531722866129
128;68.8961042533732;69398.2862417129;5;176;302.4;0.52;0.738644305458894;30.6521858549229;86433.4637493918;176;302.4;0.52;0.738644305458894;1.2134870732539
129;291.681789278984;3964398.61659337;5;196;319;0.557142857142857;0.786913612308856;39.0135492609959;4777292.09305304;196;319;0.557142857142857;0.786913612308856;1.29278664879312
130;0.412105075497436;3360.6522702111;7;3;189;0.00571428571428571;0.504323822418511;9.46954066200033;443.257821560756;3;189;0.00571428571428571;0.504323822418511;0.756485733627767
131;89.2045638915286;60164.0368913263;5;127;267.2;0.323907455012853;0.652150732871813;14.5909624127676;77794.754884877;127;267.2;0.323907455012853;0.652150732871813;1.07139048971798
132;0.935408065235433;271.891194495445;5;201;245.4;0.427350427350427;0.663393616268543;111.139818376227;70787.8059493562;201;245.4;0.427350427350427;0.663393616268543;1.08986094101261
133;0.551481447502234;2143.57188653799;9;53;147.444444444444;0.152941176470588;0.404608260097343;7.7674640086747;128.292186851886;53;147.444444444444;0.152941176470588;0.404608260097343;0.549111210132109
134;0.354008257698588;992.764588093994;5;155;185.6;0.344017094017094;0.510955514790328;41.3829828503508;290899.52942558;155;185.6;0.344017094017094;0.510955514790328;0.83942691715554
135;90.7007680903722;145921.349672357;5;290;353.6;0.901709401709402;0.93249276297216;55996.1532224387;4627072.91611217;290;353.6;0.901709401709402;0.93249276297216;1.53195239631141
136;0.472460749336796;1163.66990455748;5;240;282.8;0.551339285714286;0.759159882091958;192.205139431431;278240.97736093;240;282.8;0.551339285714286;0.759159882091958;1.24719123486536
137;0.257990969478221;238.272056800869;5;4;207.2;0.00669642857142857;0.586295306203212;59.5609525537416;42611.5078878535;4;207.2;0.00669642857142857;0.586295306203212;0.963199431619563
138;67.4246076199134;470518.320756089;5;273;347.2;0.870535714285714;0.913127248487615;41600.4309846738;2628693.63317665;273;347.2;0.870535714285714;0.913127248487615;1.50013762251537
139;111.602116258403;13027399.0463775;5;297;365;0.926339285714286;0.961728340295245;68923.1135346285;21884150.6491904;297;365;0.926339285714286;0.961728340295245;1.57998227334219
140;12.8510161222278;5543.8958136319;5;5;227.2;0.00854700854700855;0.635755044719081;18.7846125504955;1436501.98394723;5;227.2;0.00854700854700855;0.635755044719081;1.0444547163242
141;46.7655647644653;55375.3362876581;5;283;341.4;0.837053571428571;0.903096839459318;28823.3304391365;3504242.42176663;283;341.4;0.837053571428571;0.903096839459318;1.48365909339745
142;0.336924689169843;4010.19794388417;5;104;202.6;0.22008547008547;0.577036566657635;73.3252147900141;1017813.47217261;104;202.6;0.22008547008547;0.577036566657635;0.947988645223258
143;0.763721331312217;945.213692286755;5;213;256.2;0.452991452991453;0.69748932423947;120.784866165619;265369.412600991;213;256.2;0.452991452991453;0.69748932423947;1.14587531839341
144;15.173549783446;83253.2029338399;5;249;326.4;0.761160714285714;0.859427758346294;9284.46047923644;664334.622026747;249;326.4;0.761160714285714;0.859427758346294;1.41191703156891
145;0.281953251355565;3731.50319126374;11;11;125.909090909091;0.0285714285714286;0.448949402927262;17.5755184712743;6798.65654460736;11;125.909090909091;0.0285714285714286;0.448949402927262;0.545152846411675
146;298.83955792332;45312429.0813272;5;296;375.2;0.963675213675214;0.985831615522574;184724.781345725;61758119.8846329;296;375.2;0.963675213675214;0.985831615522574;1.61958051121566
147;0.31226830198648;930.728767170813;5;14;148.6;0.0277777777777778;0.442248864067079;25.7613956792087;275580.390107851;14;148.6;0.0277777777777778;0.442248864067079;0.726551705253058
148;38.7637660148208;9047.43899369151;5;136;275.2;0.288461538461538;0.752106065769796;88.6974598293922;2132254.7613205;136;275.2;0.288461538461538;0.752106065769796;1.23560282233609
149;0.305898411409883;2042.16228101865;9;9;123.333333333333;0.0329218106995885;0.345413916984452;10.2288750622777;1283.61663338336;9;123.333333333333;0.0329218106995885;0.345413916984452;0.468776030193185
150;129.554242223218;849375.234196905;5;289;356;0.908823529411765;0.935743806281081;80026.0537852274;5370739.00969927;289;356;0.908823529411765;0.935743806281081;1.5372933960332
151;30.9380462001947;41434.910363723;5;281;333;0.805803571428571;0.881037014132894;19034.4066493438;3152630.87834533;281;333;0.805803571428571;0.881037014132894;1.44741795178975
152;0.387237523641899;37.0734650956375;5;159;192.8;0.414529914529915;0.516008379805337;37.6535927158851;358.126794606926;159;192.8;0.414529914529915;0.516008379805337;0.847728052537339
153;0.354319084187801;50.0528235594416;5;147;208;0.377232142857143;0.550657266397293;45.7415529573223;320.634129129696;147;208;0.377232142857143;0.550657266397293;0.904651223366981
154;0.383937827873745;2265.50427393615;9;78;173.222222222222;0.197943444730077;0.489120738672292;8.52766819966609;124.460931569608;78;173.222222222222;0.197943444730077;0.489120738672292;0.663806716769539
155;0.331242324977352;2677.64842451804;9;43;195.222222222222;0.0897435897435897;0.573143762065185;23.7128176466019;2671.19727484633;43;195.222222222222;0.0897435897435897;0.573143762065185;0.777837962802751
156;0.412369476173481;6096.13119978939;5;103;238;0.217948717948718;0.66657461823267;73.198989567075;1592667.31929163;103;238;0.217948717948718;0.66657461823267;1.09508687281081
157;16.410633422184;5558.71156631098;5;245;283.8;0.521367521367521;0.762550641861213;141.959554478749;1482966.03999332;245;283.8;0.521367521367521;0.762550641861213;1.25276176877199
158;18.0714667889419;7467.21958250913;5;56;246.8;0.117521367521368;0.684351699108178;53.3084079170536;1841015.96328707;56;246.8;0.117521367521368;0.684351699108178;1.12429207710629
159;118.822398410137;1135904.28132423;5;291;358;0.925213675213675;0.941892549225834;73388.677194347;5829039.79811116;291;358;0.925213675213675;0.941892549225834;1.54739490229958
160;46.6362763967869;11286.4415991735;5;78;266.2;0.164529914529915;0.734473258331004;63.679461151666;2540593.93641279;78;266.2;0.164529914529915;0.734473258331004;1.20663463868665
161;0.463691232506381;2605.62537060605;9;59;175.888888888889;0.170588235294118;0.496154590395392;25.3458515146872;345.193997861856;59;175.888888888889;0.170588235294118;0.496154590395392;0.673352658393746
162;0.363448452911852;34.5579039308842;5;146;181.8;0.30982905982906;0.496717524532027;47.5562502311375;337.667470536194;146;181.8;0.30982905982906;0.496717524532027;0.816035933159758
163;78.0478499154839;53078595.4337491;5;260;358;0.854785478547855;0.938858814089231;48170.6402571868;66384115.8053065;260;358;0.854785478547855;0.938858814089231;1.54241090886088
164;0.38491577873307;352.434687036667;5;222;260.8;0.493303571428571;0.706575881368033;138.06076790916;56027.6932322735;222;260.8;0.493303571428571;0.706575881368033;1.16080323367605
165;298.83955792332;29744012.066541;5;294;372.8;0.955128205128205;0.979272670035265;184724.781345725;41837856.7807981;294;372.8;0.955128205128205;0.979272670035265;1.60880510077222
166;129.946812217646;17570.9900497673;5;292;344.6;0.816239316239316;0.910332323269496;4936.63982072438;4500933.66967039;292;344.6;0.816239316239316;0.910332323269496;1.49554595965703
167;74.3360050484238;43731.5392421528;5;282;342;0.858974358974359;0.90201081460764;45874.9571799161;3268976.89659494;282;342;0.858974358974359;0.90201081460764;1.48187490971255
168;0.363713267709127;1686.48246564879;11;21;112.909090909091;0.051413881748072;0.348876554569566;6.63445901637116;1363.86565527011;21;112.909090909091;0.051413881748072;0.348876554569566;0.423635816263045
169;0.354782353604836;78.7602630739654;5;167;233.4;0.379464285714286;0.616249173317461;94.1832941020216;472.846102139748;167;233.4;0.379464285714286;0.616249173317461;1.0124093561644
170;0.31725808905716;3127.94380301002;5;50;182.6;0.104700854700855;0.535193731275196;49.2974123809097;836418.11298061;50;182.6;0.104700854700855;0.535193731275196;0.879246844237822
171;10.0811941602626;5068.77410453596;5;2;226.4;0.00213675213675214;0.634450130331391;7.84566520887431;1340886.00420287;2;226.4;0.00213675213675214;0.634450130331391;1.04231092840157
172;87.513321146087;65617.543506547;5;284;344.2;0.871794871794872;0.906950721453852;54024.7971254665;3538945.66587395;284;344.2;0.871794871794872;0.906950721453852;1.4899904709599
173;226.308471007072;82166721.1271947;5;301;374.6;0.974358974358974;0.98503970609569;139866.120821595;106336108.99238;301;374.6;0.974358974358974;0.98503970609569;1.61827951715721
174;162.994943963792;7151566.615922;5;293;364.6;0.942307692307692;0.959026442641032;100708.290200646;14040100.115467;293;364.6;0.942307692307692;0.959026442641032;1.5755434414817
175;14.7242432528964;6531.11447325559;5;38;245.2;0.0790598290598291;0.683390729990905;42.9565565284849;1627382.12149908;38;245.2;0.0790598290598291;0.683390729990905;1.12271334212791
176;0.362253991325588;2045.47924280625;11;23;109.727272727273;0.105882352941176;0.3319982050522;9.56034293436415;98.9291683455052;23;109.727272727273;0.105882352941176;0.3319982050522;0.403140677563385
177;96.7735885123885;2272889.21235042;5;295;360.8;0.915178571428571;0.950906080507857;59752.0405435511;8624368.92899345;295;360.8;0.915178571428571;0.950906080507857;1.56220284654862
178;0.274535691898394;2473.13319277407;9;11;134.777777777778;0.0223214285714286;0.395859120778327;9.03981821511074;152.506185933564;11;134.777777777778;0.0223214285714286;0.395859120778327;0.537237378199158
179;0.323633972991203;3264.49506594446;5;85;187.6;0.179487179487179;0.541646146272675;64.9088229495293;918302.986358592;85;187.6;0.179487179487179;0.541646146272675;0.889847240305109
180;50.5322918699237;38243.2346689616;5;279;334.2;0.841517857142857;0.882314741776375;31152.9568061853;3003467.31409954;279;334.2;0.841517857142857;0.882314741776375;1.44951707577547
181;61.6062533157201;26239.0403957591;5;256;336.4;0.841584158415842;0.886500502587427;38001.9245836557;966986.90690494;256;336.4;0.841584158415842;0.886500502587427;1.4563936828222
182;0.35629106451004;46.4769422495991;5;123;205.4;0.260683760683761;0.572822419968241;80.7032886055752;3928.90968867606;123;205.4;0.260683760683761;0.572822419968241;0.941065404233539
183;0.323734272693809;2242.35791884977;11;23;119.727272727273;0.0565552699228792;0.38904663497695;6.6954307605673;2408.50181194359;23;119.727272727273;0.0565552699228792;0.38904663497695;0.47241377104344
184;0.324295259408978;322.56093453759;5;94;228.8;0.207589285714286;0.630675451635338;100.568495109002;72701.9043507885;94;228.8;0.207589285714286;0.630675451635338;1.03610967054377
185;0.39765724815088;2302.10294492914;9;60;143.888888888889;0.185089974293059;0.389995028454396;8.09352834978012;164.329206092581;60;143.888888888889;0.185089974293059;0.389995028454396;0.529278967188108
186;95.387625525994;70855.4953751872;5;285;347;0.878205128205128;0.914066158070235;58894.8571515874;3806507.16817322;285;347;0.878205128205128;0.914066158070235;1.50168011682967
187;0.381220358202711;65.481250997718;5;208;239.8;0.479910714285714;0.631391996059658;45.206088030268;1352.6704539748;208;239.8;0.479910714285714;0.631391996059658;1.03728685066944
188;0.303130340279136;70.6235126763873;5;39;213.4;0.0848214285714286;0.580496435309336;87.4785227587661;4824.15507101016;39;213.4;0.0848214285714286;0.580496435309336;0.953672715151051
189;0.276092835553229;102.762062163927;5;13;224.8;0.0267857142857143;0.614075888034828;70.7565033118559;7579.09347895199;13;224.8;0.0267857142857143;0.614075888034828;1.00883895891436
190;24.4073998964629;7187.20146573626;5;1;240;0;0.671852275563691;1.56269677682261;1723344.41535479;1;240;0;0.671852275563691;1.10375730985463
191;0.327593736026613;3569.52113203499;11;15;124.818181818182;0.0448717948717949;0.416430040707511;23.7048299158131;4908.45755535338;15;124.818181818182;0.0448717948717949;0.416430040707511;0.505665049430549
192;24.1227524635823;14696.9714233;5;268;332.2;0.792410714285714;0.88020996269795;14819.3181803685;1835510.29936691;268;332.2;0.792410714285714;0.88020996269795;1.44605922443235
193;0.309217509493545;68.5617040780557;5;47;195.6;0.102678571428571;0.545174743799525;81.9355532645472;7884.05895371859;47;195.6;0.102678571428571;0.545174743799525;0.895644221956363
194;0.338088773088425;2807.08254489805;9;19;169.333333333333;0.0514285714285714;0.492121292390809;28.7060373395609;64083.0725966551;19;169.333333333333;0.0514285714285714;0.492121292390809;0.667878896816099
195;1.22848468052952;54.6966658217772;5;178;257.2;0.520588235294118;0.671951903698773;70.4135876409353;695.733896859956;178;257.2;0.520588235294118;0.671951903698773;1.10392098464798
196;0.319730296170864;2059.04409978434;9;32;152.333333333333;0.0939393939393939;0.438073270321279;8.53962171014831;238.773484238623;32;152.333333333333;0.0939393939393939;0.438073270321279;0.594528009721736
197;0.593352341921376;131.313876932902;5;87;204.8;0.252941176470588;0.505999175184163;34.2868387014771;317.063177738798;87;204.8;0.252941176470588;0.505999175184163;0.831284359231126
198;0.315544064237356;86.8393329805447;5;65;162.4;0.142857142857143;0.458162247381816;39.8270139819405;16132.1953891603;65;162.4;0.142857142857143;0.458162247381816;0.752695120698698
199;0.383717503438364;69.9279609435539;5;176;232;0.373931623931624;0.636363151061389;102.373089214328;8522.06943164133;176;232;0.373931623931624;0.636363151061389;1.04545374817228
200;68.4929106854417;66431.525429174;5;288;341;0.873931623931624;0.899083461958025;42261.1496722175;4203631.65718908;288;341;0.873931623931624;0.899083461958025;1.47706568750247
201;157.79561387629;120530057.517723;5;300;371.4;0.948660714285714;0.976775136749292;97492.6347725468;151650742.666411;300;371.4;0.948660714285714;0.976775136749292;1.60470201037384
202;0.431999525627246;76.1204327923811;5;219;241.4;0.525641025641026;0.648964821457905;50.8104687789544;8965.01086543165;219;241.4;0.525641025641026;0.648964821457905;1.06615649239513
203;0.319299095262924;2244.09796000624;5;73;200.6;0.160714285714286;0.559377300044161;97.4784927268582;666787.871301601;73;200.6;0.160714285714286;0.559377300044161;0.918976992929693
204;16.0366149802023;3023.43053998844;5;168;263.4;0.356837606837607;0.714504082922837;100.945553549357;826531.33181583;168;263.4;0.356837606837607;0.714504082922837;1.17382813623037
205;0.33639103811333;2565.57801084194;9;16;137;0.0441176470588235;0.378168240854603;30.0498193679078;83.0685732147021;16;137;0.0441176470588235;0.378168240854603;0.513228326874104
206;1.90850484317676;3808.12797044194;5;248;316;0.732142857142857;0.838494538206245;469.499124440593;610594.437831918;248;316;0.732142857142857;0.838494538206245;1.37752674133883
207;247.124363407353;45302409.454576;5;299;373.6;0.961538461538462;0.982352950509983;152740.228881898;61532111.5658191;299;373.6;0.961538461538462;0.982352950509983;1.61386556155212
208;0.616447426018238;2218.14809356458;9;96;176.666666666667;0.235042735042735;0.503906342201505;13.7875203641102;145.433437920028;96;176.666666666667;0.235042735042735;0.503906342201505;0.683872892987757
209;18.2493002784276;9759.28424794478;5;274;326.4;0.776785714285714;0.865379194836096;6059.85387504979;2030931.04302562;274;326.4;0.776785714285714;0.865379194836096;1.42169439151644
210;1.30554434903827;1285.60879299233;5;247;295;0.723214285714286;0.776420804168329;573.970598955033;348169.717480472;247;295;0.723214285714286;0.776420804168329;1.27554846399083
211;0.893819580936196;1032.79522155871;5;234;264.6;0.497863247863248;0.715124085493553;132.553879399644;135056.379921594;234;264.6;0.497863247863248;0.715124085493553;1.17484671188226
212;92.0375236242071;139929.62497134;5;276;351;0.903846153846154;0.923395575861723;56822.9030375255;2691292.22621785;276;351;0.903846153846154;0.923395575861723;1.51700701748712
213;0.3099449177229;2933.82417772154;9;15;196.777777777778;0.0299145299145299;0.582674414402246;25.7961262687545;68396.1225781096;15;196.777777777778;0.0299145299145299;0.582674414402246;0.790772419545905
214;0.290101808660448;2462.58427702463;9;21;145.111111111111;0.0446428571428571;0.4307243078921;16.1273600122971;6129.99147493683;21;145.111111111111;0.0446428571428571;0.4307243078921;0.584554417853565
215;0.422096195221951;2095.52137187336;9;28;173.333333333333;0.0818181818181818;0.486655229622732;8.16158668918579;132.648714255276;28;173.333333333333;0.0818181818181818;0.486655229622732;0.660460668773708
216;0.221859887545049;69.7410750959491;5;2;206.8;0.00223214285714286;0.564731481511112;37.2147833769137;2643.58866559263;2;206.8;0.00223214285714286;0.564731481511112;0.927773148196826
217;252.620426739152;1447217976.35203;5;302;378.2;0.985294117647059;0.993060120087639;156139.406389124;1740940570.3488;302;378.2;0.985294117647059;0.993060120087639;1.63145591157255
218;16.0847943697004;7269.33808645198;5;172;279;0.365384615384615;0.760032073949153;102.040581842622;1440896.03735284;172;279;0.365384615384615;0.760032073949153;1.24862412148789
219;30.4838127218762;6266.92966917935;5;265;327;0.803571428571429;0.866082822567971;729.339707042205;1546525.67410023;265;327;0.803571428571429;0.866082822567971;1.42285035136167
220;0.301374500003609;835.794921174052;5;34;168.2;0.0736607142857143;0.479370077238816;47.8146750787599;243245.171313861;34;168.2;0.0736607142857143;0.479370077238816;0.78753655546377
221;47.4151895166308;88842.2669780745;5;286;346.4;0.839285714285714;0.916106673692579;29225.1070767748;3918317.09700259;286;346.4;0.839285714285714;0.916106673692579;1.50503239249495
222;0.385020644566801;2049.78369662425;9;40;162.222222222222;0.118181818181818;0.460534659529963;9.30342544660127;236.554270310259;40;162.222222222222;0.118181818181818;0.460534659529963;0.625011323647807
223;0.42462871647894;247.851484028615;5;220;271.8;0.535714285714286;0.723627930989608;86.3845332137025;49634.8150775801;220;271.8;0.535714285714286;0.723627930989608;1.18881731519721
224;0.345359296300886;2471.50752044701;9;26;155.222222222222;0.0714285714285714;0.461146249401256;13.3718238242112;85138.2976183872;26;155.222222222222;0.0714285714285714;0.461146249401256;0.625841338473133
225;0.266589747861052;145.881963435938;5;6;210.6;0.0111607142857143;0.591041485329852;64.8790816042965;25698.4462002296;6;210.6;0.0111607142857143;0.591041485329852;0.970996725899042
226;0.353516013684708;957.197936890782;5;83;171.4;0.175213675213675;0.482112496115481;37.3790996298616;281817.582655797;83;171.4;0.175213675213675;0.482112496115481;0.792041957904004
227;0.313567487183735;57.0089198582385;5;57;188.6;0.125;0.528675910577483;69.9456488728356;5711.79013813965;57;188.6;0.125;0.528675910577483;0.868538995948722
228;0.268156333375103;66.6041559860578;5;7;210.8;0.0133928571428571;0.58299546284622;65.8479755054454;4443.34026043579;7;210.8;0.0133928571428571;0.58299546284622;0.957778260390218
229;52.3170029615344;13078.8477349223;5;277;330.8;0.826923076923077;0.87353447186186;12601.9039220428;2475921.48059472;277;330.8;0.826923076923077;0.87353447186186;1.4350923466302
230;19.7828927083729;64583.3670251948;5;280;334.6;0.78125;0.885622091055259;12135.223625077;3214883.58367013;280;334.6;0.78125;0.885622091055259;1.45495057816221
231;39.6312670496649;86802.3933912502;5;287;344.8;0.825892857142857;0.912484347255023;24410.9459999532;4080841.91892061;287;344.8;0.825892857142857;0.912484347255023;1.49908142763325
232;0.312838094977858;5005.58319810355;11;24;178.090909090909;0.0946502057613169;0.584331211959362;28.6642531614271;231392.872243542;24;178.090909090909;0.0946502057613169;0.584331211959362;0.709545043093512
233;1.18731106141219;365.148456353238;5;79;213.6;0.215938303341902;0.597517646942811;8.73248762254091;242.644541210269;79;213.6;0.215938303341902;0.597517646942811;0.98163613426319
234;0.323697454690987;10893.3624395011;14;3;89.5714285714286;0.00427350427350427;0.348797532793291;15.3132155040027;1370.52840498706;3;89.5714285714286;0.00427350427350427;0.348797532793291;0.348797532793291
235;288.342943619866;235998767.972032;5;222;352.2;0.991071428571429;0.992415476116562;189.997188200145;282614046.636765;222;352.2;0.991071428571429;0.992415476116562;1.63039685362007
236;1.1447755555906;425.117869309291;5;74;227;0.328828828828829;0.630096008799415;98.0576647424638;234.657476876581;74;227;0.328828828828829;0.630096008799415;1.0351577287419
237;0.65572430289345;1638.9153914533;11;13;120.454545454545;0.0493827160493827;0.355560303079791;7.15787142296638;1351.74675380501;13;120.454545454545;0.0493827160493827;0.355560303079791;0.43175179659689
238;1.10186542081077;3305.26270861781;5;166;270.2;0.6875;0.777711987084309;136.987228557952;6241.51502658072;166;270.2;0.6875;0.777711987084309;1.27766969306708
239;0.51645424398441;3119.63447423269;13;1;110.538461538462;0;0.379894477924325;5.02060827899275;1644.26899033587;1;110.538461538462;0;0.379894477924325;0.407029797776062
240;0.41494818216698;2195.3502643074;5;148;220;0.358974358974359;0.65321959894582;101.007822936717;3904.97853908143;148;220;0.358974358974359;0.65321959894582;1.07314648398242
241;0.294683045066805;3920.66982389657;11;26;162.090909090909;0.0558035714285714;0.549726394725107;14.1686064643205;8391.04979120847;26;162.090909090909;0.0558035714285714;0.549726394725107;0.667524907880487
242;0.397881015725834;2824.74238143885;13;11;104.230769230769;0.0303030303030303;0.358342481424087;5.7044681155842;692.302198814131;11;104.230769230769;0.0303030303030303;0.358342481424087;0.383938372954379
243;0.778013553554627;1002.0087750358;5;117;219.2;0.522522522522523;0.614749646249575;72.1997621634542;1425.82974876676;117;219.2;0.522522522522523;0.614749646249575;1.00994584741002
244;175.982959389987;55415749.6541378;5;223;347.6;0.959821428571429;0.983410685643976;177.245445732128;66380531.5992129;223;347.6;0.959821428571429;0.983410685643976;1.61560326927225
245;0.322027327138385;2730.92893603273;13;1;101.076923076923;0;0.309612859834569;3.65423620916515;682.606476535739;1;101.076923076923;0;0.309612859834569;0.331728064108467
246;0.355476921044553;2138.7770523062;11;2;125.363636363636;0.00303030303030303;0.404540261071621;2.98751015281967;6951.4825071953;2;125.363636363636;0.00303030303030303;0.404540261071621;0.491227459872683
247;0.362196025373993;782.527472912545;5;111;210.2;0.412946428571429;0.613367286486574;124.009169533091;837.766466519543;111;210.2;0.412946428571429;0.613367286486574;1.00767482779937
248;0.328663782837857;5221.42549948895;11;26;165;0.0534188034188034;0.553611523181668;12.5098802679412;269591.70026952;26;165;0.0534188034188034;0.553611523181668;0.672242563863454
249;0.331507893966933;3367.77108631773;11;24;130.545454545455;0.0676470588235294;0.421574608813857;20.6041179750974;4197.47946147511;24;130.545454545455;0.0676470588235294;0.421574608813857;0.511912024988255
250;0.350348811951302;3376.36391430717;11;61;148.272727272727;0.171428571428571;0.485687588068068;12.7069366812849;5433.7370489938;61;148.272727272727;0.171428571428571;0.485687588068068;0.58976349979694
251;0.396181593119986;1729.41931309569;11;1;122.181818181818;0;0.352231185472274;7.53081935371527;166.963423637352;1;122.181818181818;0;0.352231185472274;0.427709296644905
252;0.314181350836825;1671.05136170566;11;4;150.454545454545;0.00909090909090909;0.434806931237613;4.52470585808308;1194.36653947127;4;150.454545454545;0.00909090909090909;0.434806931237613;0.527979845074245
253;0.313383045693578;1598.35747117138;11;3;105.454545454545;0.00606060606060606;0.318336001155053;4.37015339686791;637.759118202999;3;105.454545454545;0.00606060606060606;0.318336001155053;0.386550858545422
254;0.672108620057657;2319.92795718955;11;5;134;0.0114285714285714;0.413045279970751;11.6638681312826;2113.64484181059;5;134;0.0114285714285714;0.413045279970751;0.501554982821626
255;0.36586249829512;3623.85534039516;13;20;109.153846153846;0.0558823529411765;0.373363533766962;7.37948046952771;2004.09187626866;20;109.153846153846;0.0558823529411765;0.373363533766962;0.400032357607459
256;34.5843264824363;6260.29150777188;5;120;240;0.254273504273504;0.720659944825362;79.5800282407503;16898.3535407697;120;240;0.254273504273504;0.720659944825362;1.18394133792738
257;51.1009104073509;34874.5884087149;5;46;275.4;0.185185185185185;0.742056478319332;32.866680331736;53203.7737791933;46;275.4;0.185185185185185;0.742056478319332;1.21909278581033
258;0.378511720096787;442.802103447229;5;60;182.4;0.265765765765766;0.532825887799467;81.9742276706027;117.912695822833;60;182.4;0.265765765765766;0.532825887799467;0.875356815670553
259;0.36351201115135;3156.0012097845;11;3;134;0.00588235294117647;0.438573707389557;6.31567218570442;3363.99100460628;3;134;0.00588235294117647;0.438573707389557;0.532553787544462
260;52.2701418788335;37147.926818489;5;197;288;0.503856041131105;0.834606035116604;88.7241023247334;55930.7433183793;197;288;0.503856041131105;0.834606035116604;1.37113848626299
261;0.329514506793849;5012.33943370994;11;41;195.909090909091;0.164609053497942;0.629145620394679;31.9402263509712;211393.926412155;41;195.909090909091;0.164609053497942;0.629145620394679;0.763962539050682
262;0.272868215307416;1765.39453492391;11;9;143.727272727273;0.0178571428571429;0.436854405219747;12.3841986500287;10013.3725725848;9;143.727272727273;0.0178571428571429;0.436854405219747;0.530466063481121
263;0.304473198767098;2295.18775394432;11;40;124;0.0870535714285714;0.413199631801453;7.68631775277055;2632.80251465252;40;124;0.0870535714285714;0.413199631801453;0.501742410044622
264;0.338483392794708;1869.39831916598;11;78;160.818181818182;0.226470588235294;0.513070935199394;12.0536422188896;3743.49393765607;78;160.818181818182;0.226470588235294;0.513070935199394;0.623014707027835
265;18.3636118455272;5863.09588571005;5;31;185.2;0.0641025641025641;0.547815272009252;34.678219110027;14121.8921324388;31;185.2;0.0641025641025641;0.547815272009252;0.899982232586629
266;0.336610912105034;3789.03175458705;11;6;152;0.0106837606837607;0.49631077342444;18.8078114409709;5614.14940814862;6;152;0.0106837606837607;0.49631077342444;0.602663082015392
267;27.693957835388;48428.3575200595;5;214;309;0.799107142857143;0.888197483311379;142.653274127152;66337.3602294732;214;309;0.799107142857143;0.888197483311379;1.45918157972584
268;0.632114229277839;1680.61270896658;11;36;120.636363636364;0.089974293059126;0.355238020750016;7.12437932071661;1163.99576866353;36;120.636363636364;0.089974293059126;0.355238020750016;0.431360453767876
269;0.344993879795093;2286.5715741595;11;47;167.090909090909;0.108974358974359;0.516654314367203;36.3535910247892;896.568775493402;47;167.090909090909;0.108974358974359;0.516654314367203;0.627365953160175
270;0.809251733516836;387.224400230376;5;82;188.6;0.364864864864865;0.500509908753982;36.9645944121257;177.131368101464;82;188.6;0.364864864864865;0.500509908753982;0.822266278667256
271;0.818887316463493;881.622075720073;5;113;219.4;0.504504504504504;0.625219567571753;92.4964247646663;1148.26933383146;113;219.4;0.504504504504504;0.625219567571753;1.02714643243931
272;14.3695267575748;5642.15932954075;5;51;189.8;0.132478632478632;0.553677750120731;33.5685271647096;13149.094783129;51;189.8;0.132478632478632;0.553677750120731;0.909613446626915
273;0.302886616324171;3707.53462988883;5;38;173.6;0.0825892857142857;0.534153875821435;38.0227374651724;7376.34144379995;38;173.6;0.0825892857142857;0.534153875821435;0.877538510278072
274;0.302159545619758;2447.07869022997;11;37;119.090909090909;0.0803571428571429;0.398612550193547;8.24555173671968;3406.22723791577;37;119.090909090909;0.0803571428571429;0.398612550193547;0.484029525235021
275;0.701417391836373;2974.15643310712;11;46;157;0.136246786632391;0.500009538490383;7.52613912060666;6653.97102081164;46;157;0.136246786632391;0.500009538490383;0.607154439595465
276;0.308074668249368;1718.76696012342;11;7;120.090909090909;0.0246913580246914;0.377104717201489;8.64220053768059;3693.1962494716;7;120.090909090909;0.0246913580246914;0.377104717201489;0.457912870887522
277;0.846768619163814;3601.33745595095;5;177;219.4;0.483290488431877;0.658908347783848;85.1610738704658;7072.9209078763;177;219.4;0.483290488431877;0.658908347783848;1.08249228564489
278;20.7550348220749;5652.97309659051;5;48;180.6;0.177350427350427;0.526852328104649;33.3856834337119;14004.2753277903;48;180.6;0.177350427350427;0.526852328104649;0.865543110457637
279;0.3585680452563;1729.56590273667;11;16;120.272727272727;0.038560411311054;0.361476201323981;6.55865782141959;1026.20857871188;16;120.272727272727;0.038560411311054;0.361476201323981;0.438935387321977
280;0.318738762398959;5230.12251432713;5;72;176.4;0.158482142857143;0.581220037606606;83.7993082034274;10489.5727848185;72;176.4;0.158482142857143;0.581220037606606;0.954861490353709
281;0.304473747362585;5066.17643209349;11;21;183.636363636364;0.0823045267489712;0.598749188989065;27.8373864939134;211215.22424639;21;183.636363636364;0.0823045267489712;0.598749188989065;0.727052586629579
282;1.3653484222945;4153.106408836;5;31;228.6;0.077120822622108;0.676151394348874;6.94079817369764;8428.02183236713;31;228.6;0.077120822622108;0.676151394348874;1.11082014785886
283;0.37927590643324;433.661341248931;5;87;207.4;0.387387387387387;0.583165932659827;83.7558607164781;138.177437262749;87;207.4;0.387387387387387;0.583165932659827;0.958058317941145
284;0.321126318812616;3944.80501160909;11;40;154.636363636364;0.155982905982906;0.517680665073118;23.6081250230496;10050.2609225747;40;154.636363636364;0.155982905982906;0.517680665073118;0.628612236160215
285;0.286026960712086;4105.69790074145;11;17;150.818181818182;0.0357142857142857;0.508190102822748;28.5789078711907;13319.7812974164;17;150.818181818182;0.0357142857142857;0.508190102822748;0.617087981999051
286;11.3630911787359;5538.67933561671;5;31;191.6;0.123456790123457;0.549473555686066;29.5147654103673;12556.5494285841;31;191.6;0.123456790123457;0.549473555686066;0.902706555769966
287;0.375488151013056;4109.31483716911;5;154;202.2;0.393316195372751;0.606422293916938;25.2777176946049;8276.46724924539;154;202.2;0.393316195372751;0.606422293916938;0.996265197149256
288;0.360693627714329;2452.03292157532;11;7;119;0.0198019801980198;0.365518494045194;18.099526706117;1757.54777539159;7;119;0.0198019801980198;0.365518494045194;0.443843885626307
289;0.325806869129844;3799.03450584866;11;33;137;0.105610561056106;0.449247579751359;26.1966031796268;5491.4505946211;33;137;0.105610561056106;0.449247579751359;0.545514918269507
290;0.351614264617716;4688.82492565401;5;43;174.2;0.172839506172839;0.512171825729559;31.9879008268402;9358.52200306592;43;174.2;0.172839506172839;0.512171825729559;0.84142514226999
291;0.878718846310145;2923.18335227635;5;88;185.8;0.223650385604113;0.5259510875085;8.8077253600718;5860.56536706122;88;185.8;0.223650385604113;0.5259510875085;0.864062500906821
292;0.339184574940193;3668.39348430647;11;55;162.636363636364;0.115384615384615;0.535048182304195;25.0991569290118;5409.42181852398;55;162.636363636364;0.115384615384615;0.535048182304195;0.649701364226522
293;0.324639578570999;3291.85080735599;11;16;142.454545454545;0.032051282051282;0.46493398817749;25.8505678586361;3853.02657629112;16;142.454545454545;0.032051282051282;0.46493398817749;0.56456269992981
294;0.353677344426202;644.738745323416;5;104;196.2;0.370535714285714;0.578741322441337;113.052755917646;556.533553987068;104;196.2;0.370535714285714;0.578741322441337;0.950789315439339
295;0.9702167413701;3821.12440932135;5;38;208.8;0.0951156812339332;0.604476744617062;7.15524149227428;7735.40920424138;38;208.8;0.0951156812339332;0.604476744617062;0.993068937585173
296;59.0490788471374;6884.08329338269;5;133;229.4;0.354755784061697;0.662802715330564;17.6740034506843;21524.0299222708;133;229.4;0.354755784061697;0.662802715330564;1.08889017518593
297;28.0191185656648;7427.23550358144;5;194;276.2;0.691516709511568;0.798779527031277;85.8404628298948;18582.6129479806;194;276.2;0.691516709511568;0.798779527031277;1.31228065155138
298;0.316082517373211;4105.775359532;5;66;184.8;0.145089285714286;0.584956487531645;23.2836612341184;8204.89802752916;66;184.8;0.145089285714286;0.584956487531645;0.960999943801988
299;0.36422787535943;2590.87800867332;5;155;214.2;0.428571428571429;0.636427909935479;104.425754182024;4757.84162515422;155;214.2;0.428571428571429;0.636427909935479;1.04556013775114
300;0.323911807722568;6140.28883159501;11;55;192.818181818182;0.203125;0.624620024031924;34.1161905124334;468898.293457953;55;192.818181818182;0.203125;0.624620024031924;0.758467172038765
301;172.283548235591;4675059.12601121;5;86;280.8;0.218508997429306;0.806799355986195;8.75190288597515;5624281.89451234;86;280.8;0.218508997429306;0.806799355986195;1.32545608483446
302;0.378089869493333;348.779789932175;5;91;197.8;0.405405405405405;0.558917963868335;41.3736327921454;130.46272898803;91;197.8;0.405405405405405;0.558917963868335;0.918222369212265
303;0.432216615502583;4458.54849466331;5;176;248;0.540178571428571;0.724927474765021;74.5254901756851;8799.9994113108;176;248;0.540178571428571;0.724927474765021;1.19095227997111
304;0.352325874142651;1907.63828136635;11;26;165.727272727273;0.136612021857924;0.489861970005297;21.7125621412292;179.562088607035;26;165.727272727273;0.136612021857924;0.489861970005297;0.594832392149289
305;0.32136052262915;3878.12672917196;11;20;143.636363636364;0.0627062706270627;0.471716177821302;20.7785468620954;5503.54226327781;20;143.636363636364;0.0627062706270627;0.471716177821302;0.572798215925867
306;0.350611028176667;3546.20858242848;5;25;171;0.0512820512820513;0.548766635323155;34.1664331700323;6843.37269629037;25;171;0.0512820512820513;0.548766635323155;0.901545186602326
307;0.354204883870081;2346.54213194479;11;17;118.818181818182;0.0411311053984576;0.389471998726869;6.58098169480255;3667.30285410535;17;118.818181818182;0.0411311053984576;0.389471998726869;0.472930284168341
308;0.616211184566637;2549.86605378246;11;30;158.272727272727;0.0745501285347044;0.498166596685717;6.913176943624;3130.42127181453;30;158.272727272727;0.0745501285347044;0.498166596685717;0.604916581689799
309;0.330914766921338;3117.56416422631;11;18;112.181818181818;0.0485714285714286;0.368653639935353;9.04909593932659;3534.66044730495;18;112.181818181818;0.0485714285714286;0.368653639935353;0.447650848492929
310;1.01839674045736;3386.96320470392;5;62;194;0.15681233933162;0.555769380120458;7.71933924361843;6860.95877742162;62;194;0.15681233933162;0.555769380120458;0.913049695912182
311;0.318639947866433;3957.84816555024;11;27;139;0.0576923076923077;0.46151016699161;27.5460767524075;6025.7733588198;27;139;0.0576923076923077;0.46151016699161;0.560405202775526
312;0.404592349756692;1956.39434753258;11;16;140;0.0428571428571429;0.420279557372638;13.4098913130391;904.213761670036;16;140;0.0428571428571429;0.420279557372638;0.510339462523917
313;0.362404083598999;2523.72838187776;11;51;151.545454545455;0.151515151515152;0.475995727523998;8.55467862916349;7314.51935409018;51;151.545454545455;0.151515151515152;0.475995727523998;0.577994811993426
314;0.286341924604783;1768.86929060352;11;18;149.363636363636;0.0379464285714286;0.44094848057597;11.4644510812004;1927.93496281347;18;149.363636363636;0.0379464285714286;0.44094848057597;0.535437440699392
315;0.437160796375021;2364.5551811228;11;5;140.181818181818;0.0102827763496144;0.447417889439578;6.00548233504013;2633.38489447777;5;140.181818181818;0.0102827763496144;0.447417889439578;0.543293151462345
316;0.368956075547539;3151.05036957343;11;10;139.636363636364;0.037037037037037;0.446469949330112;13.404068615594;3991.75325992536;10;139.636363636364;0.037037037037037;0.446469949330112;0.542142081329422
317;31.5518535616659;6971.46260658063;5;102;231.2;0.259640102827764;0.693979110880532;9.72699156270556;18275.8119469664;102;231.2;0.259640102827764;0.693979110880532;1.14010853930373
318;0.346529681298864;1663.13926362228;11;30;115;0.0909090909090909;0.353445480762666;8.44036753133653;1895.90597453507;30;115;0.0909090909090909;0.353445480762666;0.429183798068952
319;0.713896993878238;3536.11289809577;13;34;159.461538461538;0.212903225806452;0.527363004283362;12.290271809196;3269.2710168308;34;159.461538461538;0.212903225806452;0.527363004283362;0.565031790303603
320;0.324080439967927;2927.82178370389;13;26;112.153846153846;0.06426735218509;0.380809126962659;6.79808601265422;446.569217655072;26;112.153846153846;0.06426735218509;0.380809126962659;0.408009778888564
321;982.685131403904;5426249509.51703;5;154;329.4;0.98019801980198;0.985981158107937;183.239717477741;7841711276.17328;154;329.4;0.98019801980198;0.985981158107937;1.61982618832018
322;0.33081382196393;2674.27386556069;13;11;103.615384615385;0.0740740740740741;0.313168959654901;8.25109074021914;805.117209206796;11;103.615384615385;0.0740740740740741;0.313168959654901;0.335538171058822
323;0.63385033215118;2747.86965138355;13;35;126.692307692308;0.0874035989717224;0.416710689381713;7.05153136317494;1698.93039890487;35;126.692307692308;0.0874035989717224;0.416710689381713;0.446475738623263
324;0.294064546585771;5033.70057180299;13;18;145;0.0535714285714286;0.532823166500149;26.8122206401162;5609.17225503265;18;145;0.0535714285714286;0.532823166500149;0.570881964107302
325;0.524310916128313;2806.74003859717;13;30;121;0.0970588235294118;0.365525731982583;11.3249548890278;300.727887730885;30;121;0.0970588235294118;0.365525731982583;0.391634712838482
326;0.252993174559899;3710.29664932459;13;2;108.538461538462;0.00294117647058824;0.371403976859167;6.16209789354447;79.5185339582058;2;108.538461538462;0.00294117647058824;0.371403976859167;0.397932832349108
327;0.621203616564247;461.929090173339;5;100;185.4;0.232905982905983;0.575721899925695;76.1905599830285;219.303087730626;100;185.4;0.232905982905983;0.575721899925695;0.945828835592213
328;129.794512533219;12095.5515123488;5;59;176;0.123931623931624;0.603735496544745;55.4086310649638;217327.707727487;59;176;0.123931623931624;0.603735496544745;0.991851172894939
329;0.328819909867503;4508.28968063145;13;4;125.846153846154;0.00641025641025641;0.475131308652119;17.2227027572755;3771.63485389899;4;125.846153846154;0.00641025641025641;0.475131308652119;0.509069259270127
330;0.337762887849473;3534.2826759442;13;12;112.307692307692;0.0323529411764706;0.416006989785104;23.9644954373343;1128.40728737539;12;112.307692307692;0.0323529411764706;0.416006989785104;0.445721774769754
331;0.670379866740704;1087.44372670291;5;84;185.6;0.213367609254499;0.580328590370868;8.64335280291185;1293.0793570808;84;185.6;0.213367609254499;0.580328590370868;0.953396969894997
332;0.381059752434581;2627.64476420617;13;2;93.6923076923077;0.00740740740740741;0.303505148998015;8.39490109060771;1290.99539171283;2;93.6923076923077;0.00740740740740741;0.303505148998015;0.325184088212158
333;0.29997246223491;4126.7236977249;13;4;94.0769230769231;0.0077120822622108;0.371565208395824;5.9741646501918;4168.40918917157;4;94.0769230769231;0.0077120822622108;0.371565208395824;0.398105580424097
334;0.843740891121398;333.552448461826;5;79;153.4;0.166666666666667;0.50633807369933;13.2683115792768;208.686521616312;79;153.4;0.166666666666667;0.50633807369933;0.83184112107747
335;0.376630922200695;3005.25985240759;13;12;144;0.0709677419354839;0.488446623639761;21.4636653487104;1801.06215530546;12;144;0.0709677419354839;0.488446623639761;0.523335668185458
336;0.329658511206873;4523.55673606544;13;12;137.769230769231;0.0235042735042735;0.491651842914559;25.3338260462687;3767.22238505136;12;137.769230769231;0.0235042735042735;0.491651842914559;0.52676983169417
337;0.332041545178039;3877.24738961223;13;6;131.153846153846;0.0147058823529412;0.471262025983376;22.7289285305194;1948.43346817459;6;131.153846153846;0.0147058823529412;0.471262025983376;0.504923599267903
338;0.311401787901237;3791.51274024146;13;17;132.307692307692;0.0470588235294118;0.455276533978557;19.1414907205531;2067.66970853034;17;132.307692307692;0.0470588235294118;0.455276533978557;0.487796286405597
339;0.360198803337691;3673.45232039794;13;17;133.153846153846;0.0470588235294118;0.461965655896746;28.3454982097836;374.002330239912;17;133.153846153846;0.0470588235294118;0.461965655896746;0.494963202746513
340;0.574593754139109;441.577133670166;5;43;151.2;0.107969151670951;0.481693174830852;7.26510453043434;353.812285036235;43;151.2;0.107969151670951;0.481693174830852;0.791353072936399
341;0.660248360823988;1831.44054274366;5;48;146.8;0.120822622107969;0.475918940557997;7.36898674545322;2404.53866094702;48;146.8;0.120822622107969;0.475918940557997;0.781866830916709
342;0.508172030976464;1600.19689495361;5;48;170;0.155115511551155;0.533901580237386;54.2316648686943;1928.51647606312;48;170;0.155115511551155;0.533901580237386;0.877124024675706
343;0.346196171512598;3141.80123455967;13;1;134.230769230769;0;0.448638418286389;5.6370306516748;1076.5493799018;1;134.230769230769;0;0.448638418286389;0.480684019592559
344;0.65380333635109;602.700900371681;5;8;167.2;0.02;0.507871368510482;19.6861810719855;518.996555691435;8;167.2;0.02;0.507871368510482;0.834360105410078
345;0.338420694296751;4570.38678464399;13;17;137.923076923077;0.0528052805280528;0.481328396475333;29.9505061470654;4120.05728558633;17;137.923076923077;0.0528052805280528;0.481328396475333;0.515708996223571
346;0.341962477311341;3310.70026272885;13;21;126.692307692308;0.0588235294117647;0.441213176998819;28.1149335356332;294.946771269408;21;126.692307692308;0.0588235294117647;0.441213176998819;0.472728403927306
347;0.633078549730603;331.517136480001;5;96;159.8;0.311053984575835;0.503979415818887;13.4539261118412;191.250025063969;96;159.8;0.311053984575835;0.503979415818887;0.827966183131028
348;0.314632950506534;5062.09711207819;13;13;142.384615384615;0.0352941176470588;0.531326658615625;18.7323938935594;4692.92376779653;13;142.384615384615;0.0352941176470588;0.531326658615625;0.569278562802456
349;0.358446412868767;4642.67449054881;13;26;140.307692307692;0.0705128205128205;0.493255849378235;28.9178182104567;4319.87163422225;26;140.307692307692;0.0705128205128205;0.493255849378235;0.528488410048109
350;0.293025711480551;3174.59737199617;13;3;111.153846153846;0.00588235294117647;0.3866287527377;10.1570936285511;1462.2619914154;3;111.153846153846;0.00588235294117647;0.3866287527377;0.414245092218964
351;0.295732471885053;10891.3551429753;14;3;106.642857142857;0.00900900900900901;0.339473175508483;20.7682489493529;84.1073922872512;3;106.642857142857;0.00900900900900901;0.339473175508483;0.339473175508483
352;136.92407372284;1169083.8124396;5;80;179;0.168803418803419;0.61607945287712;63.9451656452627;2209103.05702644;80;179;0.168803418803419;0.61607945287712;1.0121305297267
353;0.348431953228905;16879.5344246815;14;23;83.8571428571429;0.0787878787878788;0.31454130233974;7.57318264562364;1025.74258520117;23;83.8571428571429;0.0787878787878788;0.31454130233974;0.31454130233974
354;0.320771494191122;2741.21276001955;13;6;101.692307692308;0.0205761316872428;0.335626358523364;8.67069249832453;1544.99820160852;6;101.692307692308;0.0205761316872428;0.335626358523364;0.359599669846462
355;0.598247991104602;3635.59973311872;5;55;160.6;0.138817480719794;0.537222467422157;7.53266164608576;4991.75207242936;55;160.6;0.138817480719794;0.537222467422157;0.88257976790783
356;0.342538827455234;4932.65502893995;13;32;147.307692307692;0.0662393162393162;0.552450859598135;26.2449283187151;4428.23825969675;32;147.307692307692;0.0662393162393162;0.552450859598135;0.591911635283716
357;0.249154981791648;3612.91768568078;13;2;126.846153846154;0.00546448087431694;0.417041420704089;15.5342961360478;105.610840080513;2;126.846153846154;0.00546448087431694;0.417041420704089;0.446830093611524
358;0.351695617901192;4715.34883253782;13;16;127.230769230769;0.0495049504950495;0.461815793978169;26.3561026526168;4545.77085662211;16;127.230769230769;0.0495049504950495;0.461815793978169;0.494802636405181
359;0.302125670583526;4916.19767255541;13;29;142.153846153846;0.078125;0.521449631190763;29.4180628229371;4846.42024769082;29;142.153846153846;0.078125;0.521449631190763;0.558696033418674
360;0.322313865839517;5056.10792169211;13;53;156.923076923077;0.111111111111111;0.594466334939693;27.958974822294;5398.02890410521;53;156.923076923077;0.111111111111111;0.594466334939693;0.636928216006814
361;0.368353950266111;4210.78803826476;13;28;134.153846153846;0.0694087403598972;0.489201345767379;6.84784522558034;4061.78611246616;28;134.153846153846;0.0694087403598972;0.489201345767379;0.524144299036477
362;0.403330362359956;3444.86622526697;13;2;105.461538461538;0.00294117647058824;0.356303472781598;6.38239680190542;1334.54660228553;2;105.461538461538;0.00294117647058824;0.356303472781598;0.381753720837426
363;0.329819731111998;2812.93656658573;13;33;125.384615384615;0.206451612903226;0.392807704703269;12.0460755550125;903.061681841177;33;125.384615384615;0.206451612903226;0.392807704703269;0.42086539789636
364;0.816577133013153;1956.54112231358;5;131;255.8;0.63036303630363;0.769551063864152;139.650717711203;2390.81002935192;131;255.8;0.63036303630363;0.769551063864152;1.26426246206253
365;1200.74685467836;8455861861.26314;5;156;332;0.982005141388175;0.995118976995584;172.836091638449;12074954748.9314;156;332;0.982005141388175;0.995118976995584;1.63483831934989
366;0.796151561569755;509.762915090022;5;112;204.2;0.491002570694087;0.631334128953684;86.1178057059907;366.956393044418;112;204.2;0.491002570694087;0.631334128953684;1.03719178328105
367;0.517482725594066;2666.91533873581;13;19;111.307692307692;0.0636363636363636;0.342251080968656;7.11892286875783;1213.67763580069;19;111.307692307692;0.0636363636363636;0.342251080968656;0.366697586752132
368;1101.60324663591;8491892787.02516;5;155;333;0.993548387096774;0.996623481986625;200.00197629094;12093056741.8117;155;333;0.993548387096774;0.996623481986625;1.63731000612088
369;0.367821531860179;3966.49696381272;13;4;105.461538461538;0.0123456790123457;0.365436298685891;5.6431295686101;3056.77204959705;4;105.461538461538;0.0123456790123457;0.365436298685891;0.391538891449169
370;0.335734581553231;3097.47151380708;13;12;97.7692307692308;0.0495495495495495;0.344201764045872;7.41797118419365;1339.62991793548;12;97.7692307692308;0.0495495495495495;0.344201764045872;0.368787604334863
371;0.529873349677308;4574.46808304079;13;12;99.6923076923077;0.0334190231362468;0.338240609729385;6.53729214089793;3823.76396888547;12;99.6923076923077;0.0334190231362468;0.338240609729385;0.362400653281484
372;0.554331991184022;478.839639221766;5;74;173.8;0.240924092409241;0.532986811045678;68.2413448178336;251.31908750926;74;173.8;0.240924092409241;0.532986811045678;0.875621189575043
373;0.28271076203491;2952.57427275582;13;10;127.230769230769;0.0491803278688525;0.392819577094223;16.0626870218603;126.48339722198;10;127.230769230769;0.0491803278688525;0.392819577094223;0.420878118315239
374;0.336189220574189;2671.67581918404;13;13;97.2307692307692;0.0308483290488432;0.321964052622267;6.06103228005082;1297.94030563363;13;97.2307692307692;0.0308483290488432;0.321964052622267;0.344961484952429
375;0.53313109746934;3351.0535398398;13;3;107.384615384615;0.0051413881748072;0.374880082384831;5.8675146577409;2122.35806869407;3;107.384615384615;0.0051413881748072;0.374880082384831;0.401657231126605
376;0.307567148017385;5208.77293243122;13;14;149.307692307692;0.0382352941176471;0.568367213928394;18.9949650299498;5129.44702084329;14;149.307692307692;0.0382352941176471;0.568367213928394;0.608964872066137
377;292.532449204435;58312.4541327256;5;109;232.8;0.277634961439589;0.735973772662517;11.0558410081558;162918.343630542;109;232.8;0.277634961439589;0.735973772662517;1.20909976937413
378;0.323676287019492;3219.02243684898;13;9;146.384615384615;0.0516129032258065;0.481276549822075;11.2793550396444;2370.74970378297;9;146.384615384615;0.0516129032258065;0.481276549822075;0.515653446237937
379;0.35579111309985;3593.04991278275;13;4;117.923076923077;0.00882352941176471;0.419080564940353;22.9043365723383;369.276161375;4;117.923076923077;0.00882352941176471;0.419080564940353;0.449014891007521
380;0.65896934984093;3399.47223018821;5;146;231.4;0.508250825082508;0.716765150647285;99.9990824526802;4486.32918222066;146;231.4;0.508250825082508;0.716765150647285;1.17754274749197
381;0.342203401084784;4000.11071606713;13;4;123.076923076923;0.00882352941176471;0.449831556678735;11.9857575298512;2206.79965278516;4;123.076923076923;0.00882352941176471;0.449831556678735;0.481962382155787
382;0.712017520845564;382.41296163342;5;14;192.8;0.0838709677419355;0.519793127939919;41.8977583936287;118.36133902409;14;192.8;0.0838709677419355;0.519793127939919;0.853945853044153
383;0.315016036132947;4627.38857887968;13;16;120.538461538462;0.0441176470588235;0.444889787225711;19.1382985316722;4097.15822546822;16;120.538461538462;0.0441176470588235;0.444889787225711;0.476667629170404
384;0.298425144043098;4054.80157734829;13;7;107.538461538462;0.0176470588235294;0.396556601161621;26.0333883015033;2418.56858815047;7;107.538461538462;0.0176470588235294;0.396556601161621;0.424882072673165
385;0.61720349760944;2801.46226055468;13;20;132.076923076923;0.0488431876606684;0.42248045603559;6.61797091899884;978.163154499878;20;132.076923076923;0.0488431876606684;0.42248045603559;0.452657631466703
386;0.317241964907342;4023.96307954776;13;8;110;0.0205882352941176;0.398667298180526;17.2452931764881;2322.17903023602;8;110;0.0205882352941176;0.398667298180526;0.427143533764849
387;0.594628635893196;3718.95278609339;13;8;112.153846153846;0.0179948586118252;0.405455293659072;6.21821458685411;2363.89939047146;8;112.153846153846;0.0179948586118252;0.405455293659072;0.434416386063292
388;0.49789998384791;22433.711022505;14;11;115.714285714286;0.0617647058823529;0.39580955068806;10.4148519423939;674.839228845454;11;115.714285714286;0.0617647058823529;0.39580955068806;0.39580955068806
389;0.368504122397693;2769.03873211727;13;19;119.076923076923;0.0462724935732648;0.407832536023116;6.60697008515168;1480.08677543385;19;119.076923076923;0.0462724935732648;0.407832536023116;0.436963431453339
390;0.382132432151426;3418.81336906588;13;2;110.230769230769;0.00411522633744856;0.374415888372974;4.07815756879212;1797.07524631217;2;110.230769230769;0.00411522633744856;0.374415888372974;0.401159880399615
391;0.294202414598153;2865.00597685491;13;2;121.692307692308;0.00645161290322581;0.364500573284093;9.35802244435517;152.682600460537;2;121.692307692308;0.00645161290322581;0.364500573284093;0.390536328518671
392;0.582695093557805;2862.83301634705;13;5;125.846153846154;0.0121212121212121;0.435846564635668;4.70146515848887;557.421942655219;5;125.846153846154;0.0121212121212121;0.435846564635668;0.466978462109644
393;0.376279748942516;3305.44823961039;13;10;109.692307692308;0.0272727272727273;0.377275244808664;5.65943714179525;1514.56347805606;10;109.692307692308;0.0272727272727273;0.377275244808664;0.404223476580711
394;0.31501170381965;3989.54057799652;13;8;112.846153846154;0.0205655526992288;0.386820863317646;5.50549875911913;3218.68267377806;8;112.846153846154;0.0205655526992288;0.386820863317646;0.414450924983193
395;0.27532839100882;14802.6090771177;14;2;94.2142857142857;0.0025706940874036;0.32693775576873;5.64640039267899;128.443233100489;2;94.2142857142857;0.0025706940874036;0.32693775576873;0.32693775576873
396;0.336320478771011;3423.23759165988;13;7;112.230769230769;0.0176470588235294;0.401879208515661;17.2189595340858;413.017480957899;7;112.230769230769;0.0176470588235294;0.401879208515661;0.43058486626678
397;0.348877213486325;10081.4046907751;14;2;106.714285714286;0.012987012987013;0.394688756161628;18.3311523319276;1718.47674946146;2;106.714285714286;0.012987012987013;0.394688756161628;0.394688756161628
398;0.591425932236944;10814.3355008326;14;20;104.571428571429;0.0885714285714286;0.356311660427785;8.00582544581885;1105.11917805448;20;104.571428571429;0.0885714285714286;0.356311660427785;0.356311660427785
399;0.324620525475911;10701.007469138;14;10;95.7142857142857;0.0192307692307692;0.356585713337981;22.8806047394925;1299.19536875222;10;95.7142857142857;0.0192307692307692;0.356585713337981;0.356585713337981
400;0.276462499466561;31869.5189434525;14;6;133.928571428571;0.0273224043715847;0.486393742769746;7.81419081724726;899.224522218547;6;133.928571428571;0.0273224043715847;0.486393742769746;0.486393742769746
401;0.281025751239333;15405.9673740598;14;3;102.214285714286;0.0129032258064516;0.341117592497365;6.82400225020678;106.464904165561;3;102.214285714286;0.0129032258064516;0.341117592497365;0.341117592497365
402;0.290879035107188;20308.3875046018;14;10;91.6428571428571;0.033003300330033;0.312432997595211;7.79702784045409;116.700535028319;10;91.6428571428571;0.033003300330033;0.312432997595211;0.312432997595211
403;0.285014646143478;16736.5230964306;14;3;91.7142857142857;0.0148148148148148;0.367682284793137;5.92558527628873;2133.76443667913;3;91.7142857142857;0.0148148148148148;0.367682284793137;0.367682284793137
404;0.309869676112448;13900.5345013571;14;24;99.3571428571429;0.0878787878787879;0.358099417383416;7.90792350087644;2038.98272187605;24;99.3571428571429;0.0878787878787879;0.358099417383416;0.358099417383416
405;0.348255075123245;15499.8280004207;14;42;110.285714285714;0.105398457583548;0.4092906779431;7.25983656177809;758.301476596376;42;110.285714285714;0.105398457583548;0.4092906779431;0.4092906779431
406;0.37839709287738;10612.8568701845;14;3;129.357142857143;0.025974025974026;0.470909072006201;32.0596546372907;2990.33763211582;3;129.357142857143;0.025974025974026;0.470909072006201;0.470909072006201
407;0.617584014711781;24071.2846505547;14;38;150.071428571429;0.198198198198198;0.525399723951543;13.3065444554454;745.15867783284;38;150.071428571429;0.198198198198198;0.525399723951543;0.525399723951543
408;0.331081065158015;13637.6363518103;14;9;103.571428571429;0.0242424242424242;0.364261718837678;5.63522181698448;646.292088433877;9;103.571428571429;0.0242424242424242;0.364261718837678;0.364261718837678
409;0.341345437718285;12571.4370343919;14;24;139;0.174285714285714;0.521750759853021;31.3149477751332;3831.01315327236;24;139;0.174285714285714;0.521750759853021;0.521750759853021
410;0.349665395850944;9400.22459898949;14;1;95.9285714285714;0;0.332724041371456;15.2887197566378;1162.87676743081;1;95.9285714285714;0;0.332724041371456;0.332724041371456
411;0.281737790961813;14606.6589813778;14;9;100.285714285714;0.0290178571428571;0.366534849773767;6.16061181294014;1487.62465943484;9;100.285714285714;0.0290178571428571;0.366534849773767;0.366534849773767
412;0.309115236515431;31854.8416896604;14;16;144;0.0819672131147541;0.511357796687611;14.4962813080189;589.074369586921;16;144;0.0819672131147541;0.511357796687611;0.511357796687611
413;0.274170376367381;11768.8596919181;14;8;75.7857142857143;0.0200892857142857;0.289021389592551;7.20545457350373;1366.67056494843;8;75.7857142857143;0.0200892857142857;0.289021389592551;0.289021389592551
414;0.740228671739617;10803.5017595317;14;12;88.7857142857143;0.0282776349614396;0.296730843306629;6.35979358919505;906.484541545318;12;88.7857142857143;0.0282776349614396;0.296730843306629;0.296730843306629
415;0.326588477962744;14803.0788767265;14;4;97.5714285714286;0.0222222222222222;0.331971626906886;10.5121213502278;172.126331704856;4;97.5714285714286;0.0222222222222222;0.331971626906886;0.331971626906886
416;0.355216647435122;11197.3440208318;14;12;123.5;0.0256410256410256;0.457429682215527;25.5452575955149;2900.31851703439;12;123.5;0.0256410256410256;0.457429682215527;0.457429682215527
417;0.274755061048346;15349.9898780503;14;1;70.5;0;0.264936872543619;0.49472153898105;172.214639572504;1;70.5;0;0.264936872543619;0.264936872543619
418;0.359549579705538;23362.2453775073;14;1;119.642857142857;0;0.443601345329679;15.2045019625597;1881.91445235995;1;119.642857142857;0;0.443601345329679;0.443601345329679
419;0.38260638943621;10941.4786192312;14;4;131.714285714286;0.038961038961039;0.46272545728422;23.6960364633984;2966.96218670391;4;131.714285714286;0.038961038961039;0.46272545728422;0.46272545728422
420;0.317868360035633;10633.8802476668;14;11;101.785714285714;0.0294117647058824;0.383263483723869;27.8336602249217;1324.07496376275;11;101.785714285714;0.0294117647058824;0.383263483723869;0.383263483723869
421;0.319215742596477;22181.0097694168;14;5;76.5714285714286;0.0132013201320132;0.279228021945285;6.88894769175078;146.260960765523;5;76.5714285714286;0.0132013201320132;0.279228021945285;0.279228021945285
422;0.363146938782744;17493.2585028215;14;44;114.285714285714;0.137142857142857;0.426506720794727;9.01171158317682;1472.71718535562;44;114.285714285714;0.137142857142857;0.426506720794727;0.426506720794727
423;0.307550250661855;10600.6962180892;14;1;121.214285714286;0;0.411756340286214;18.4827798009277;113.021748730534;1;121.214285714286;0;0.411756340286214;0.411756340286214
424;0.323137853873348;10634.1617932856;14;9;101.642857142857;0.0823529411764706;0.377377963896008;21.0924863040661;1179.93434919335;9;101.642857142857;0.0823529411764706;0.377377963896008;0.377377963896008
425;0.361491763929525;12174.1880749862;14;1;101.357142857143;0;0.367608314550396;1.42610836800475e-13;124.00933795117;1;101.357142857143;0;0.367608314550396;0.367608314550396
426;0.548855732130519;16852.1543532953;14;7;99.5;0.0181818181818182;0.355853127311706;4.9700835703426;1743.8750676298;7;99.5;0.0181818181818182;0.355853127311706;0.355853127311706
427;0.338098853335588;10757.4766128195;14;7;118.714285714286;0.0779220779220779;0.417702737805256;26.0036276055601;2323.37048184273;7;118.714285714286;0.0779220779220779;0.417702737805256;0.417702737805256
428;0.293514631794224;16518.6642176309;14;6;107.642857142857;0.0147058823529412;0.385617894368274;6.98571573824923;1169.40582280961;6;107.642857142857;0.0147058823529412;0.385617894368274;0.385617894368274
429;0.2431079327142;11358.7781073887;14;1;134.642857142857;0;0.450192623828604;12.7302520272799;104.066982112175;1;134.642857142857;0;0.450192623828604;0.450192623828604
430;0.320093199624886;17952.1948766557;14;14;118.428571428571;0.0534979423868313;0.421444019831845;12.7668692542371;1384.3697779005;14;118.428571428571;0.0534979423868313;0.421444019831845;0.421444019831845
431;0.353087926496041;12162.3737045009;14;7;78.5714285714286;0.0154241645244216;0.264692867267245;6.20985452647593;964.290746058543;7;78.5714285714286;0.0154241645244216;0.264692867267245;0.264692867267245
432;0.320242032590813;14037.2221326504;14;8;77.9285714285714;0.0518518518518519;0.301877068847812;6.78813316388355;1390.73986657706;8;77.9285714285714;0.0518518518518519;0.301877068847812;0.301877068847812
433;0.334048757513734;14023.4724722223;14;6;104.857142857143;0.0151515151515152;0.362474391762202;4.94465539529862;870.406180792774;6;104.857142857143;0.0151515151515152;0.362474391762202;0.362474391762202
434;0.345002979752707;17681.9200847852;14;13;100.5;0.0540540540540541;0.362963032272586;6.79363030999753;1818.04001563986;13;100.5;0.0540540540540541;0.362963032272586;0.362963032272586
435;0.567932452749104;18677.2876190737;14;5;118.5;0.018018018018018;0.409155466741166;10.3864670405832;1110.20231121672;5;118.5;0.018018018018018;0.409155466741166;0.409155466741166
436;0.217996504335867;15502.4867185181;14;1;73.8571428571429;0;0.282900153177261;9.37572060620759;1065.84485221852;1;73.8571428571429;0;0.282900153177261;0.282900153177261
437;0.338282271632093;11139.0495947765;14;8;129.857142857143;0.0909090909090909;0.467444848760659;23.2756510771644;2598.55900065385;8;129.857142857143;0.0909090909090909;0.467444848760659;0.467444848760659
438;0.61747238966991;28247.9552418406;14;2;128.285714285714;0.0045045045045045;0.468531348418629;7.48542533882065;798.7788679308;2;128.285714285714;0.0045045045045045;0.468531348418629;0.468531348418629
439;0.239374897239163;15308.9134493873;14;3;87.8571428571429;0.00446428571428571;0.334651193946045;7.71963164459616;1290.91667919721;3;87.8571428571429;0.00446428571428571;0.334651193946045;0.334651193946045
440;0.577800525735572;23804.3950736252;14;23;110.642857142857;0.0764705882352941;0.405844466988144;12.3102820268089;971.530591461369;23;110.642857142857;0.0764705882352941;0.405844466988144;0.405844466988144
441;0.71243677752488;13933.6678181772;14;26;99.2857142857143;0.139393939393939;0.338842514085768;9.15951788441249;1304.51534281238;26;99.2857142857143;0.139393939393939;0.338842514085768;0.338842514085768
442;0.335929507089485;13509.1363413875;14;16;104.285714285714;0.0675675675675676;0.390028504415976;7.68438480353101;116.099765552825;16;104.285714285714;0.0675675675675676;0.390028504415976;0.390028504415976
443;0.345504299853636;21561.9998364234;14;20;115.5;0.114705882352941;0.424942039219206;9.68000719932744;1501.43445498121;20;115.5;0.114705882352941;0.424942039219206;0.424942039219206
444;0.344307418685683;11145.0364249505;14;19;118;0.0529411764705882;0.422137260675198;19.9052168803513;2033.97191402328;19;118;0.0529411764705882;0.422137260675198;0.422137260675198
445;0.554509681127948;20020.4065470264;14;15;114.285714285714;0.0903225806451613;0.386158312107688;7.63193428386192;198.88263602911;15;114.285714285714;0.0903225806451613;0.386158312107688;0.386158312107688
446;0.279690548843234;18991.3427634382;14;5;101.285714285714;0.0117647058823529;0.33322829145248;7.2030259922912;112.007415451556;5;101.285714285714;0.0117647058823529;0.33322829145248;0.33322829145248
447;0.345277439962416;11361.6469332043;14;20;119.285714285714;0.0693069306930693;0.44452027282972;32.2633416601031;2111.00788634814;20;119.285714285714;0.0693069306930693;0.44452027282972;0.44452027282972
448;0.323353688572717;10735.6071385172;14;8;108.142857142857;0.0231023102310231;0.401282077280859;20.3933535507309;901.280724835732;8;108.142857142857;0.0231023102310231;0.401282077280859;0.401282077280859
449;0.338846788459017;10819.31639649;14;2;113.214285714286;0.0033003300330033;0.39693493197283;21.5481050128905;2429.43467959217;2;113.214285714286;0.0033003300330033;0.39693493197283;0.39693493197283
450;0.258686062194855;13599.7084966313;14;4;120.428571428571;0.0163934426229508;0.395424817674997;19.9539013868929;114.143947199721;4;120.428571428571;0.0163934426229508;0.395424817674997;0.395424817674997
451;0.318335772784882;10621.8646414965;14;13;117.928571428571;0.05;0.434712922301795;26.1979674043638;773.429417985903;13;117.928571428571;0.05;0.434712922301795;0.434712922301795
452;0.277681677941601;13795.0308255175;14;1;116.928571428571;0;0.401689267679707;21.3924003043245;102.790619684191;1;116.928571428571;0;0.401689267679707;0.401689267679707
453;0.32170497792595;10959.9832043349;14;13;110.142857142857;0.0363247863247863;0.415479280034658;24.5663413461385;1418.81959168489;13;110.142857142857;0.0363247863247863;0.415479280034658;0.415479280034658
454;0.351328588789662;11103.375200233;14;15;90.3571428571429;0.103703703703704;0.303311061959375;8.82609718674741;1149.27042402173;15;90.3571428571429;0.103703703703704;0.303311061959375;0.303311061959375
455;0.585404374958626;26528.471993058;14;49;131.571428571429;0.141176470588235;0.485009500862828;11.906442270075;1376.521402932;49;131.571428571429;0.141176470588235;0.485009500862828;0.485009500862828
456;0.319213527858722;27038.3908712055;14;7;124.785714285714;0.0387096774193548;0.422916161332867;10.0933133833502;149.938805538557;7;124.785714285714;0.0387096774193548;0.422916161332867;0.422916161332867
457;0.336170964965203;12579.4826153792;14;32;109.571428571429;0.187878787878788;0.383858398018232;8.58479584948129;1164.50908541536;32;109.571428571429;0.187878787878788;0.383858398018232;0.383858398018232
458;0.368818502173539;11596.7548482627;14;6;160.357142857143;0.0649350649350649;0.576002152684998;32.4837484985051;4324.79935600664;6;160.357142857143;0.0649350649350649;0.576002152684998;0.576002152684998
459;0.295824968703284;16234.3506963119;14;10;108.571428571429;0.0580357142857143;0.401322900905338;7.77990802642042;1495.11548501622;10;108.571428571429;0.0580357142857143;0.401322900905338;0.401322900905338
460;0.336265520405024;11053.274366158;14;4;102.785714285714;0.0099009900990099;0.372149565832198;23.6887504124112;2207.4795756285;4;102.785714285714;0.0099009900990099;0.372149565832198;0.372149565832198
461;0.595488745002224;13597.6485447222;14;6;109.214285714286;0.0225225225225225;0.362554643487923;6.60158100825715;704.346663656794;6;109.214285714286;0.0225225225225225;0.362554643487923;0.362554643487923
462;0.31886695559837;14341.9145956194;14;17;134.785714285714;0.087431693989071;0.463125038475244;23.5888550148913;208.830943970585;17;134.785714285714;0.087431693989071;0.463125038475244;0.463125038475244
463;0.345257313920005;13223.3429419994;14;17;118.571428571429;0.0457142857142857;0.447783749612912;26.3114614707126;3315.8120587127;17;118.571428571429;0.0457142857142857;0.447783749612912;0.447783749612912
464;0.327351570062281;16219.0923244096;14;1;83;0;0.327635214850218;7.4741499214515;552.897304577092;1;83;0;0.327635214850218;0.327635214850218
465;0.579199870168111;14377.8424894438;14;5;93.0714285714286;0.0231362467866324;0.306369608907358;6.24751511242096;601.40549978704;5;93.0714285714286;0.0231362467866324;0.306369608907358;0.306369608907358
466;0.364882801857724;13220.59474739;14;3;129.714285714286;0.0066006600660066;0.467059334697765;25.6516988838144;2700.08144788281;3;129.714285714286;0.0066006600660066;0.467059334697765;0.467059334697765
467;0.313000686321139;15736.2643140973;14;5;94.7142857142857;0.0296296296296296;0.360441703694202;5.80314106881878;1641.27887098204;5;94.7142857142857;0.0296296296296296;0.360441703694202;0.360441703694202
468;0.336398795026043;14323.2786606445;14;43;99;0.118251928020566;0.362922568830358;7.35853649546931;1136.30022135332;43;99;0.118251928020566;0.362922568830358;0.362922568830358
469;0.271804905700464;14874.7490597466;14;8;105.285714285714;0.015625;0.381174440994042;10.219356386002;1711.940263191;8;105.285714285714;0.015625;0.381174440994042;0.381174440994042
