RUN_ID;PATH;ITERATION_1;SOLUTION_1;QUALITY_1;CONFIG_COUNT_1;ELITE_COUNT_1;REGULAR_COUNT_1;START_COUNT_1;STANDARD_COUNT_1;END_COUNT_1;ELITE_START_COUNT_1;ELITE_STANDARD_COUNT_1;ELITE_END_COUNT_1;REGULAR_START_COUNT_1;REGULAR_STANDARD_COUNT_1;REGULAR_END_COUNT_1;ITERATION_2;SOLUTION_2;QUALITY_2;CONFIG_COUNT_2;ELITE_COUNT_2;REGULAR_COUNT_2;START_COUNT_2;STANDARD_COUNT_2;END_COUNT_2;ELITE_START_COUNT_2;ELITE_STANDARD_COUNT_2;ELITE_END_COUNT_2;REGULAR_START_COUNT_2;REGULAR_STANDARD_COUNT_2;REGULAR_END_COUNT_2
1;FALSE;1;05250XX0222522525;0.44;1;1;0;1;1;0;1;1;0;0;0;0;1;05250XX0222522525;0.44;1;1;0;1;1;0;1;1;0;0;0;0
1;FALSE;1;02751XX0220012525;0.464;1;1;0;1;1;1;1;1;1;0;0;0;1;02751XX0220012525;0.464;1;1;0;1;1;1;1;1;1;0;0;0
1;FALSE;1;17742XXXX02520050;0.444;1;1;0;1;1;0;1;1;0;0;0;0;1;17742XXXX02520050;0.444;1;1;0;1;1;0;1;1;0;0;0;0
1;FALSE;1;15250XX1005015025;0.49466667;1;1;0;1;1;0;1;1;0;0;0;0;1;15250XX1005015025;0.49466667;1;1;0;1;1;0;1;1;0;0;0;0
1;FALSE;1;02740XXXX05007550;0.44933333;1;1;0;1;1;0;1;1;0;0;0;0;1;02740XXXX05007550;0.44933333;1;1;0;1;1;0;1;1;0;0;0;0
1;FALSE;1;02751XX0220012525;0.464;1;1;0;1;1;1;1;1;1;0;0;0;2;02751XX0220012525;0.464;1;1;0;1;1;1;1;1;1;0;0;0
1;FALSE;1;15250XX1005015025;0.49466667;1;1;0;1;1;0;1;1;0;0;0;0;2;15250XX1005015025;0.49466667;1;1;0;1;1;0;1;1;0;0;0;0
1;FALSE;1;05250XX0222522525;0.44;1;1;0;1;1;0;1;1;0;0;0;0;2;05250XX0222522525;0.44;1;1;0;1;1;0;1;1;0;0;0;0
1;FALSE;1;17742XXXX02520050;0.444;1;1;0;1;1;0;1;1;0;0;0;0;2;17742XXXX02520050;0.444;1;1;0;1;1;0;1;1;0;0;0;0
1;FALSE;1;02740XXXX05007550;0.44933333;1;1;0;1;1;0;1;1;0;0;0;0;2;02740XXXX05007550;0.44933333;1;1;0;1;1;0;1;1;0;0;0;0
1;TRUE;1;05250XX0222522525;0.44;1;1;0;1;1;0;1;1;0;0;0;0;2;10240XXXX20015050;0.47733333;1;1;0;0;1;0;0;1;0;0;0;0
1;TRUE;1;15250XX1005015025;0.49466667;1;1;0;1;1;0;1;1;0;0;0;0;2;15200XXXX15015000;0.52;1;1;0;0;1;0;0;1;0;0;0;0
1;FALSE;2;02751XX0220012525;0.464;1;1;0;1;1;1;1;1;1;0;0;0;3;02751XX0220012525;0.464;1;1;0;1;1;1;1;1;1;0;0;0
1;FALSE;2;05250XX0222522525;0.44;1;1;0;1;1;0;1;1;0;0;0;0;3;05250XX0222522525;0.44;1;1;0;1;1;0;1;1;0;0;0;0
1;TRUE;2;15250XX1005015025;0.49466667;1;1;0;1;1;0;1;1;0;0;0;0;3;15200XXXX15015000;0.52;1;1;0;0;1;0;0;1;0;0;0;0
1;FALSE;2;15250XX1005015025;0.49466667;1;1;0;1;1;0;1;1;0;0;0;0;3;15250XX1005015025;0.49466667;1;1;0;1;1;0;1;1;0;0;0;0
1;TRUE;2;05250XX0222522525;0.44;1;1;0;1;1;0;1;1;0;0;0;0;3;10240XXXX20015050;0.47733333;1;1;0;0;1;0;0;1;0;0;0;0
1;TRUE;2;02751XX0220012525;0.464;1;1;0;1;1;1;1;1;1;0;0;0;3;00251XX0220010025;0.556;2;2;0;0;2;1;0;2;1;0;0;0
1;TRUE;2;10240XXXX20015050;0.47733333;1;1;0;0;1;0;0;1;0;0;0;0;3;10240XXXX17517550;0.68266667;1;1;0;0;1;0;0;1;0;0;0;0
1;TRUE;2;05250XX0222522525;0.44;1;1;0;1;1;0;1;1;0;0;0;0;3;02750XX1020012550;0.43066667;1;1;0;0;1;0;0;1;0;0;0;0
1;FALSE;3;02751XX0220012525;0.464;1;1;0;1;1;1;1;1;1;0;0;0;4;02751XX0220012525;0.464;1;1;0;1;1;1;1;1;1;0;0;0
1;TRUE;3;05250XX0222522525;0.44;1;1;0;1;1;0;1;1;0;0;0;0;4;02750XX1020012550;0.43066667;1;1;0;0;1;0;0;1;0;0;0;0
1;TRUE;3;10240XXXX20015050;0.47733333;1;1;0;0;1;0;0;1;0;0;0;0;4;10240XXXX17517550;0.68266667;1;1;0;0;1;0;0;1;0;0;0;0
1;FALSE;3;05250XX0222522525;0.44;1;1;0;1;1;0;1;1;0;0;0;0;4;05250XX0222522525;0.44;1;1;0;1;1;0;1;1;0;0;0;0
1;TRUE;3;02751XX0220012525;0.464;1;1;0;1;1;1;1;1;1;0;0;0;4;00251XX0220010025;0.556;2;2;0;0;2;1;0;2;1;0;0;0
1;TRUE;3;10240XXXX17517550;0.68266667;1;1;0;0;1;0;0;1;0;0;0;0;4;07740XXXX17520025;0.58933333;1;1;0;0;1;1;0;1;1;0;0;0
1;TRUE;3;02751XX0220012525;0.464;1;1;0;1;1;1;1;1;1;0;0;0;4;00251XX0217515025;0.328;1;1;0;0;1;1;0;1;1;0;0;0
1;TRUE;3;02750XX1020012550;0.43066667;1;1;0;0;1;0;0;1;0;0;0;0;4;02740XXXX20015050;0.42666667;1;1;0;0;1;1;0;1;1;0;0;0
1;TRUE;3;02751XX0220012525;0.464;1;1;0;1;1;1;1;1;1;0;0;0;4;00251XX0220010025;0.556;2;2;0;0;2;1;0;2;1;0;0;0
1;TRUE;4;02750XX1020012550;0.43066667;1;1;0;0;1;0;0;1;0;0;0;0;5;02740XXXX20015050;0.42666667;1;1;0;0;1;1;0;1;1;0;0;0
1;TRUE;4;02751XX0220012525;0.464;1;1;0;1;1;1;1;1;1;0;0;0;5;00251XX0220010025;0.556;2;2;0;0;2;1;0;2;1;0;0;0
1;FALSE;4;02751XX0220012525;0.464;1;1;0;1;1;1;1;1;1;0;0;0;5;02751XX0220012525;0.464;1;1;0;1;1;1;1;1;1;0;0;0
1;TRUE;4;10240XXXX17517550;0.68266667;1;1;0;0;1;0;0;1;0;0;0;0;5;07740XXXX17520025;0.58933333;1;1;0;0;1;1;0;1;1;0;0;0
1;TRUE;4;02751XX0220012525;0.464;1;1;0;1;1;1;1;1;1;0;0;0;5;00251XX0217515025;0.328;1;1;0;0;1;1;0;1;1;0;0;0
1;TRUE;4;02740XXXX20015050;0.42666667;1;1;0;0;1;1;0;1;1;0;0;0;5;02740XXXX22515050;0.728;1;1;0;0;0;1;0;0;1;0;0;0
1;TRUE;4;07740XXXX17520025;0.58933333;1;1;0;0;1;1;0;1;1;0;0;0;5;07740XXXX20020025;0.34266667;1;1;0;0;0;1;0;0;1;0;0;0
2;FALSE;1;15212XXXX12522575;0.57222222;1;1;0;1;1;0;1;1;0;0;0;0;1;15212XXXX12522575;0.57222222;1;1;0;1;1;0;1;1;0;0;0;0
2;FALSE;1;07700XXXX10020050;0.54222222;1;1;0;1;1;0;1;1;0;0;0;0;1;07700XXXX10020050;0.54222222;1;1;0;1;1;0;1;1;0;0;0;0
2;FALSE;1;10210XXXX22517525;0.38111111;1;1;0;1;1;0;1;1;0;0;0;0;1;10210XXXX22517525;0.38111111;1;1;0;1;1;0;1;1;0;0;0;0
2;FALSE;1;00252XX0212515075;0.43777778;1;1;0;1;1;0;1;1;0;0;0;0;1;00252XX0212515075;0.43777778;1;1;0;1;1;0;1;1;0;0;0;0
2;FALSE;1;00210XXXX15007550;0.44111111;1;1;0;1;1;0;1;1;0;0;0;0;1;00210XXXX15007550;0.44111111;1;1;0;1;1;0;1;1;0;0;0;0
2;FALSE;1;10210XXXX22517525;0.38111111;1;1;0;1;1;0;1;1;0;0;0;0;2;10210XXXX22517525;0.38111111;1;1;0;1;1;0;1;1;0;0;0;0
2;FALSE;1;15212XXXX12522575;0.57222222;1;1;0;1;1;0;1;1;0;0;0;0;2;15212XXXX12522575;0.57222222;1;1;0;1;1;0;1;1;0;0;0;0
2;FALSE;1;00252XX0212515075;0.43777778;1;1;0;1;1;0;1;1;0;0;0;0;2;00252XX0212515075;0.43777778;1;1;0;1;1;0;1;1;0;0;0;0
2;FALSE;1;00210XXXX15007550;0.44111111;1;1;0;1;1;0;1;1;0;0;0;0;2;00210XXXX15007550;0.44111111;1;1;0;1;1;0;1;1;0;0;0;0
2;FALSE;1;07700XXXX10020050;0.54222222;1;1;0;1;1;0;1;1;0;0;0;0;2;07700XXXX10020050;0.54222222;1;1;0;1;1;0;1;1;0;0;0;0
2;TRUE;1;10210XXXX22517525;0.38111111;1;1;0;1;1;0;1;1;0;0;0;0;2;17750XX0222522575;0.76222222;1;1;0;0;1;0;0;1;0;0;0;0
2;TRUE;1;10210XXXX22517525;0.38111111;1;1;0;1;1;0;1;1;0;0;0;0;2;15241XXXX22507550;0.51111111;1;1;0;0;1;0;0;1;0;0;0;0
2;TRUE;1;10210XXXX22517525;0.38111111;1;1;0;1;1;0;1;1;0;0;0;0;2;17700XXXX22520050;0.44;1;1;0;0;1;0;0;1;0;0;0;0
2;TRUE;1;15212XXXX12522575;0.57222222;1;1;0;1;1;0;1;1;0;0;0;0;2;17740XXXX17522525;0.38666667;3;3;0;0;2;2;0;2;2;0;0;0
2;TRUE;2;10210XXXX22517525;0.38111111;1;1;0;1;1;0;1;1;0;0;0;0;3;17700XXXX22520050;0.44;1;1;0;0;1;0;0;1;0;0;0;0
2;TRUE;2;15212XXXX12522575;0.57222222;1;1;0;1;1;0;1;1;0;0;0;0;3;17740XXXX17522525;0.38666667;3;3;0;0;2;2;0;2;2;0;0;0
2;FALSE;2;10210XXXX22517525;0.38111111;1;1;0;1;1;0;1;1;0;0;0;0;3;10210XXXX22517525;0.38111111;1;1;0;1;1;0;1;1;0;0;0;0
2;TRUE;2;10210XXXX22517525;0.38111111;1;1;0;1;1;0;1;1;0;0;0;0;3;15241XXXX22507550;0.51111111;1;1;0;0;1;0;0;1;0;0;0;0
2;TRUE;2;10210XXXX22517525;0.38111111;1;1;0;1;1;0;1;1;0;0;0;0;3;17750XX0222522575;0.76222222;1;1;0;0;1;0;0;1;0;0;0;0
2;TRUE;2;17740XXXX17522525;0.38666667;3;3;0;0;2;2;0;2;2;0;0;0;3;15242XXXX17520050;0.56;1;1;0;0;1;0;0;1;0;0;0;0
2;TRUE;2;10210XXXX22517525;0.38111111;1;1;0;1;1;0;1;1;0;0;0;0;3;05210XXXX22520050;0.62;1;1;0;0;1;0;0;1;0;0;0;0
2;TRUE;2;17740XXXX17522525;0.38666667;3;3;0;0;2;2;0;2;2;0;0;0;3;12740XXXX17522550;0.35368421;5;5;0;0;4;3;0;4;3;0;0;0
2;TRUE;2;17740XXXX17522525;0.38666667;3;3;0;0;2;2;0;2;2;0;0;0;3;12740XXXX17522550;0.35368421;5;5;0;0;4;3;0;4;3;0;0;0
2;TRUE;3;17740XXXX17522525;0.38666667;3;3;0;0;2;2;0;2;2;0;0;0;4;12740XXXX17522550;0.35368421;5;5;0;0;4;3;0;4;3;0;0;0
2;TRUE;3;17740XXXX17522525;0.38666667;3;3;0;0;2;2;0;2;2;0;0;0;4;12740XXXX17522550;0.35368421;5;5;0;0;4;3;0;4;3;0;0;0
2;FALSE;3;17740XXXX17522525;0.38666667;3;3;0;0;2;2;0;2;2;0;0;0;4;17740XXXX17522525;0.38666667;3;3;0;0;2;2;0;2;2;0;0;0
2;TRUE;3;10210XXXX22517525;0.38111111;1;1;0;1;1;0;1;1;0;0;0;0;4;05210XXXX22520050;0.62;1;1;0;0;1;0;0;1;0;0;0;0
2;TRUE;3;17740XXXX17522525;0.38666667;3;3;0;0;2;2;0;2;2;0;0;0;4;15242XXXX17520050;0.56;1;1;0;0;1;0;0;1;0;0;0;0
2;TRUE;3;12740XXXX17522550;0.35368421;5;5;0;0;4;3;0;4;3;0;0;0;4;15240XXXX20022525;0.56888889;1;1;0;0;1;1;0;1;1;0;0;0
2;TRUE;3;12740XXXX17522550;0.35368421;5;5;0;0;4;3;0;4;3;0;0;0;4;15240XXXX12520050;0.33;2;2;0;0;2;1;0;2;1;0;0;0
2;TRUE;3;12740XXXX17522550;0.35368421;5;5;0;0;4;3;0;4;3;0;0;0;4;15240XXXX20022550;0.47;1;1;0;0;1;1;0;1;1;0;0;0
2;TRUE;3;05210XXXX22520050;0.62;1;1;0;0;1;0;0;1;0;0;0;0;4;05210XXXX22522550;0.38333333;1;1;0;0;1;1;0;1;1;0;0;0
2;TRUE;4;12740XXXX17522550;0.35368421;5;5;0;0;4;3;0;4;3;0;0;0;5;15240XXXX20022525;0.56888889;1;1;0;0;1;1;0;1;1;0;0;0
2;TRUE;4;05210XXXX22520050;0.62;1;1;0;0;1;0;0;1;0;0;0;0;5;05210XXXX22522550;0.38333333;1;1;0;0;1;1;0;1;1;0;0;0
2;TRUE;4;12740XXXX17522550;0.35368421;5;5;0;0;4;3;0;4;3;0;0;0;5;15240XXXX20022550;0.47;1;1;0;0;1;1;0;1;1;0;0;0
2;TRUE;4;12740XXXX17522550;0.35368421;5;5;0;0;4;3;0;4;3;0;0;0;5;15240XXXX12520050;0.33;2;2;0;0;2;1;0;2;1;0;0;0
2;TRUE;4;17740XXXX17522525;0.38666667;3;3;0;0;2;2;0;2;2;0;0;0;5;12740XXXX17522550;0.35368421;5;5;0;0;4;3;0;4;3;0;0;0
2;TRUE;4;15240XXXX12520050;0.33;2;2;0;0;2;1;0;2;1;0;0;0;5;15240XXXX10022550;0.39888889;2;2;0;0;0;2;0;0;2;0;0;0
2;TRUE;4;12740XXXX17522550;0.35368421;5;5;0;0;4;3;0;4;3;0;0;0;5;12740XXXX17522550;0.35368421;5;5;0;0;4;3;0;4;3;0;0;0
3;FALSE;1;02710XXXX15010075;0.57125;1;1;0;1;1;0;1;1;0;0;0;0;1;02710XXXX15010075;0.57125;1;1;0;1;1;0;1;1;0;0;0;0
3;FALSE;1;10240XXXX10012550;0.58;1;1;0;1;1;0;1;1;0;0;0;0;1;10240XXXX10012550;0.58;1;1;0;1;1;0;1;1;0;0;0;0
3;FALSE;1;07740XXXX22522575;0.39625;1;1;0;1;1;0;1;1;0;0;0;0;1;07740XXXX22522575;0.39625;1;1;0;1;1;0;1;1;0;0;0;0
3;FALSE;1;15242XXXX00020075;0.43375;1;1;0;1;1;0;1;1;0;0;0;0;1;15242XXXX00020075;0.43375;1;1;0;1;1;0;1;1;0;0;0;0
3;FALSE;1;10242XXXX10017575;0.37625;1;1;0;1;1;0;1;1;0;0;0;0;1;10242XXXX10017575;0.37625;1;1;0;1;1;0;1;1;0;0;0;0
3;FALSE;1;07740XXXX22522575;0.39625;1;1;0;1;1;0;1;1;0;0;0;0;2;07740XXXX22522575;0.39625;1;1;0;1;1;0;1;1;0;0;0;0
3;FALSE;1;15242XXXX00020075;0.43375;1;1;0;1;1;0;1;1;0;0;0;0;2;15242XXXX00020075;0.43375;1;1;0;1;1;0;1;1;0;0;0;0
3;FALSE;1;10240XXXX10012550;0.58;1;1;0;1;1;0;1;1;0;0;0;0;2;10240XXXX10012550;0.58;1;1;0;1;1;0;1;1;0;0;0;0
3;FALSE;1;02710XXXX15010075;0.57125;1;1;0;1;1;0;1;1;0;0;0;0;2;02710XXXX15010075;0.57125;1;1;0;1;1;0;1;1;0;0;0;0
3;FALSE;1;10242XXXX10017575;0.37625;1;1;0;1;1;0;1;1;0;0;0;0;2;10242XXXX10017575;0.37625;1;1;0;1;1;0;1;1;0;0;0;0
3;TRUE;1;07740XXXX22522575;0.39625;1;1;0;1;1;0;1;1;0;0;0;0;2;00240XXXX15022550;0.50875;1;1;0;0;1;0;0;1;0;0;0;0
3;TRUE;1;07740XXXX22522575;0.39625;1;1;0;1;1;0;1;1;0;0;0;0;2;02740XXXX20010075;0.3825;1;1;0;0;1;0;0;1;0;0;0;0
3;FALSE;2;10240XXXX10012550;0.58;1;1;0;1;1;0;1;1;0;0;0;0;3;10240XXXX10012550;0.58;1;1;0;1;1;0;1;1;0;0;0;0
3;FALSE;2;07740XXXX22522575;0.39625;1;1;0;1;1;0;1;1;0;0;0;0;3;07740XXXX22522575;0.39625;1;1;0;1;1;0;1;1;0;0;0;0
3;TRUE;2;07740XXXX22522575;0.39625;1;1;0;1;1;0;1;1;0;0;0;0;3;00240XXXX15022550;0.50875;1;1;0;0;1;0;0;1;0;0;0;0
3;FALSE;2;10242XXXX10017575;0.37625;1;1;0;1;1;0;1;1;0;0;0;0;3;10242XXXX10017575;0.37625;1;1;0;1;1;0;1;1;0;0;0;0
3;TRUE;2;07740XXXX22522575;0.39625;1;1;0;1;1;0;1;1;0;0;0;0;3;02740XXXX20010075;0.3825;1;1;0;0;1;0;0;1;0;0;0;0
3;TRUE;2;07740XXXX22522575;0.39625;1;1;0;1;1;0;1;1;0;0;0;0;3;05240XXXX15020050;0.44380952;3;3;0;0;2;2;0;2;2;0;0;0
3;TRUE;2;00240XXXX15022550;0.50875;1;1;0;0;1;0;0;1;0;0;0;0;3;00242XXXX20022525;0.62375;1;1;0;0;1;1;0;1;1;0;0;0
3;TRUE;2;07740XXXX22522575;0.39625;1;1;0;1;1;0;1;1;0;0;0;0;3;12742XXXX20025050;0.465;1;1;0;0;1;1;0;1;1;0;0;0
3;TRUE;3;07740XXXX22522575;0.39625;1;1;0;1;1;0;1;1;0;0;0;0;4;12742XXXX20025050;0.465;1;1;0;0;1;1;0;1;1;0;0;0
3;TRUE;3;07740XXXX22522575;0.39625;1;1;0;1;1;0;1;1;0;0;0;0;4;05240XXXX15020050;0.44380952;3;3;0;0;2;2;0;2;2;0;0;0
3;FALSE;3;07740XXXX22522575;0.39625;1;1;0;1;1;0;1;1;0;0;0;0;4;07740XXXX22522575;0.39625;1;1;0;1;1;0;1;1;0;0;0;0
3;FALSE;3;10240XXXX10012550;0.58;1;1;0;1;1;0;1;1;0;0;0;0;4;10240XXXX10012550;0.58;1;1;0;1;1;0;1;1;0;0;0;0
3;TRUE;3;00240XXXX15022550;0.50875;1;1;0;0;1;0;0;1;0;0;0;0;4;00242XXXX20022525;0.62375;1;1;0;0;1;1;0;1;1;0;0;0
3;TRUE;3;00242XXXX20022525;0.62375;1;1;0;0;1;1;0;1;1;0;0;0;4;00242XXXX17522525;0.44;2;2;0;0;1;2;0;1;2;0;0;0
3;TRUE;3;05240XXXX15020050;0.44380952;3;3;0;0;2;2;0;2;2;0;0;0;4;02740XXXX17522525;0.5625;1;1;0;0;1;1;0;1;1;0;0;0
3;TRUE;3;00242XXXX20022525;0.62375;1;1;0;0;1;1;0;1;1;0;0;0;4;00240XXXX17522525;0.50875;1;1;0;0;1;1;0;1;1;0;0;0
3;TRUE;4;07740XXXX22522575;0.39625;1;1;0;1;1;0;1;1;0;0;0;0;5;12742XXXX20025050;0.465;1;1;0;0;1;1;0;1;1;0;0;0
3;FALSE;4;00242XXXX20022525;0.62375;1;1;0;0;1;1;0;1;1;0;0;0;5;00242XXXX20022525;0.62375;1;1;0;0;1;1;0;1;1;0;0;0
3;TRUE;4;05240XXXX15020050;0.44380952;3;3;0;0;2;2;0;2;2;0;0;0;5;02740XXXX17522525;0.5625;1;1;0;0;1;1;0;1;1;0;0;0
3;TRUE;4;00242XXXX20022525;0.62375;1;1;0;0;1;1;0;1;1;0;0;0;5;00240XXXX17522525;0.50875;1;1;0;0;1;1;0;1;1;0;0;0
3;TRUE;4;00242XXXX20022525;0.62375;1;1;0;0;1;1;0;1;1;0;0;0;5;00242XXXX17522525;0.44;2;2;0;0;1;2;0;1;2;0;0;0
3;TRUE;4;00242XXXX20022525;0.62375;1;1;0;0;1;1;0;1;1;0;0;0;5;00242XXXX17522525;0.44;2;2;0;0;1;2;0;1;2;0;0;0
3;TRUE;4;00242XXXX17522525;0.44;2;2;0;0;1;2;0;1;2;0;0;0;5;02742XXXX17520000;0.58;1;1;0;0;0;1;0;0;1;0;0;0
3;TRUE;4;00242XXXX20022525;0.62375;1;1;0;0;1;1;0;1;1;0;0;0;5;00242XXXX15020025;0.5075;1;1;0;0;0;1;0;0;1;0;0;0
3;TRUE;4;00240XXXX17522525;0.50875;1;1;0;0;1;1;0;1;1;0;0;0;5;00240XXXX17520025;0.385;1;1;0;0;0;1;0;0;1;0;0;0
4;FALSE;1;12740XXXX00022525;0.46705882;2;2;0;1;2;1;1;2;1;0;0;0;1;12740XXXX00022525;0.46705882;2;2;0;1;2;1;1;2;1;0;0;0
4;FALSE;1;05210XXXX05012575;0.51764706;1;1;0;1;1;0;1;1;0;0;0;0;1;05210XXXX05012575;0.51764706;1;1;0;1;1;0;1;1;0;0;0;0
4;FALSE;1;00201XXXX02512575;0.50235294;1;1;0;1;1;0;1;1;0;0;0;0;1;00201XXXX02512575;0.50235294;1;1;0;1;1;0;1;1;0;0;0;0
4;FALSE;1;07710XXXX00017525;0.30941176;1;1;0;1;1;0;1;1;0;0;0;0;1;07710XXXX00017525;0.30941176;1;1;0;1;1;0;1;1;0;0;0;0
4;FALSE;1;00231XXXX05005075;0.46705882;1;1;0;1;1;0;1;1;0;0;0;0;1;00231XXXX05005075;0.46705882;1;1;0;1;1;0;1;1;0;0;0;0
4;FALSE;1;05210XXXX05012575;0.51764706;1;1;0;1;1;0;1;1;0;0;0;0;2;05210XXXX05012575;0.51764706;1;1;0;1;1;0;1;1;0;0;0;0
4;FALSE;1;00201XXXX02512575;0.50235294;1;1;0;1;1;0;1;1;0;0;0;0;2;00201XXXX02512575;0.50235294;1;1;0;1;1;0;1;1;0;0;0;0
4;FALSE;1;12740XXXX00022525;0.46705882;2;2;0;1;2;1;1;2;1;0;0;0;2;12740XXXX00022525;0.46705882;2;2;0;1;2;1;1;2;1;0;0;0
4;FALSE;1;07710XXXX00017525;0.30941176;1;1;0;1;1;0;1;1;0;0;0;0;2;07710XXXX00017525;0.30941176;1;1;0;1;1;0;1;1;0;0;0;0
4;FALSE;1;00231XXXX05005075;0.46705882;1;1;0;1;1;0;1;1;0;0;0;0;2;00231XXXX05005075;0.46705882;1;1;0;1;1;0;1;1;0;0;0;0
4;TRUE;1;00201XXXX02512575;0.50235294;1;1;0;1;1;0;1;1;0;0;0;0;2;07742XXXX07520075;0.41764706;1;1;0;0;1;0;0;1;0;0;0;0
4;TRUE;1;12740XXXX00022525;0.46705882;2;2;0;1;2;1;1;2;1;0;0;0;2;10210XXXX02520000;0.44470588;1;1;0;0;1;0;0;1;0;0;0;0
4;TRUE;1;12740XXXX00022525;0.46705882;2;2;0;1;2;1;1;2;1;0;0;0;2;17750XX0212520000;0.41176471;1;1;0;0;1;0;0;1;0;0;0;0
4;TRUE;1;00201XXXX02512575;0.50235294;1;1;0;1;1;0;1;1;0;0;0;0;2;00201XXXX02515050;0.50588235;1;1;0;0;1;0;0;1;0;0;0;0
4;TRUE;2;00201XXXX02512575;0.50235294;1;1;0;1;1;0;1;1;0;0;0;0;3;07742XXXX07520075;0.41764706;1;1;0;0;1;0;0;1;0;0;0;0
4;FALSE;2;12740XXXX00022525;0.46705882;2;2;0;1;2;1;1;2;1;0;0;0;3;12740XXXX00022525;0.46705882;2;2;0;1;2;1;1;2;1;0;0;0
4;TRUE;2;12740XXXX00022525;0.46705882;2;2;0;1;2;1;1;2;1;0;0;0;3;10210XXXX02520000;0.44470588;1;1;0;0;1;0;0;1;0;0;0;0
4;TRUE;2;00201XXXX02512575;0.50235294;1;1;0;1;1;0;1;1;0;0;0;0;3;00201XXXX02515050;0.50588235;1;1;0;0;1;0;0;1;0;0;0;0
4;TRUE;2;12740XXXX00022525;0.46705882;2;2;0;1;2;1;1;2;1;0;0;0;3;17750XX0212520000;0.41176471;1;1;0;0;1;0;0;1;0;0;0;0
4;TRUE;2;12740XXXX00022525;0.46705882;2;2;0;1;2;1;1;2;1;0;0;0;3;15240XXXX02520050;0.57529412;1;1;0;0;1;0;0;1;0;0;0;0
4;TRUE;2;10210XXXX02520000;0.44470588;1;1;0;0;1;0;0;1;0;0;0;0;3;12740XXXX02522525;0.59647059;1;1;0;0;1;0;0;1;0;0;0;0
4;FALSE;3;07742XXXX07520075;0.41764706;1;1;0;0;1;0;0;1;0;0;0;0;4;07742XXXX07520075;0.41764706;1;1;0;0;1;0;0;1;0;0;0;0
4;TRUE;3;10210XXXX02520000;0.44470588;1;1;0;0;1;0;0;1;0;0;0;0;4;12740XXXX02522525;0.59647059;1;1;0;0;1;0;0;1;0;0;0;0
4;TRUE;3;12740XXXX00022525;0.46705882;2;2;0;1;2;1;1;2;1;0;0;0;4;15240XXXX02520050;0.57529412;1;1;0;0;1;0;0;1;0;0;0;0
4;FALSE;3;12740XXXX00022525;0.46705882;2;2;0;1;2;1;1;2;1;0;0;0;4;12740XXXX00022525;0.46705882;2;2;0;1;2;1;1;2;1;0;0;0
4;TRUE;3;12740XXXX00022525;0.46705882;2;2;0;1;2;1;1;2;1;0;0;0;4;10210XXXX02520000;0.44470588;1;1;0;0;1;0;0;1;0;0;0;0
4;TRUE;3;07742XXXX07520075;0.41764706;1;1;0;0;1;0;0;1;0;0;0;0;4;05240XXXX10017550;0.61176471;1;1;0;0;1;0;0;1;0;0;0;0
4;TRUE;3;12740XXXX02522525;0.59647059;1;1;0;0;1;0;0;1;0;0;0;0;4;15240XXXX00020025;0.55176471;1;1;0;0;1;1;0;1;1;0;0;0
4;TRUE;3;12740XXXX02522525;0.59647059;1;1;0;0;1;0;0;1;0;0;0;0;4;10240XXXX02522525;0.47882353;1;1;0;0;1;1;0;1;1;0;0;0
4;TRUE;3;12740XXXX02522525;0.59647059;1;1;0;0;1;0;0;1;0;0;0;0;4;07740XXXX02522525;0.44352941;1;1;0;0;1;0;0;1;0;0;0;0
4;TRUE;4;12740XXXX02522525;0.59647059;1;1;0;0;1;0;0;1;0;0;0;0;5;15240XXXX00020025;0.55176471;1;1;0;0;1;1;0;1;1;0;0;0
4;TRUE;4;12740XXXX02522525;0.59647059;1;1;0;0;1;0;0;1;0;0;0;0;5;10240XXXX02522525;0.47882353;1;1;0;0;1;1;0;1;1;0;0;0
4;TRUE;4;07742XXXX07520075;0.41764706;1;1;0;0;1;0;0;1;0;0;0;0;5;05240XXXX10017550;0.61176471;1;1;0;0;1;0;0;1;0;0;0;0
4;FALSE;4;07742XXXX07520075;0.41764706;1;1;0;0;1;0;0;1;0;0;0;0;5;07742XXXX07520075;0.41764706;1;1;0;0;1;0;0;1;0;0;0;0
4;TRUE;4;12740XXXX02522525;0.59647059;1;1;0;0;1;0;0;1;0;0;0;0;5;07740XXXX02522525;0.44352941;1;1;0;0;1;0;0;1;0;0;0;0
4;TRUE;4;10240XXXX02522525;0.47882353;1;1;0;0;1;1;0;1;1;0;0;0;5;10240XXXX00022525;0.76352941;1;1;0;0;1;1;0;1;1;0;0;0
4;TRUE;4;15240XXXX00020025;0.55176471;1;1;0;0;1;1;0;1;1;0;0;0;5;15240XXXX00022525;0.36941176;1;1;0;0;1;1;0;1;1;0;0;0
4;TRUE;4;15240XXXX00020025;0.55176471;1;1;0;0;1;1;0;1;1;0;0;0;5;12740XXXX00022525;0.46705882;2;2;0;1;2;1;1;2;1;0;0;0
4;FALSE;5;15240XXXX00020025;0.55176471;1;1;0;0;1;1;0;1;1;0;0;0;6;15240XXXX00020025;0.55176471;1;1;0;0;1;1;0;1;1;0;0;0
4;TRUE;5;10240XXXX02522525;0.47882353;1;1;0;0;1;1;0;1;1;0;0;0;6;10240XXXX00022525;0.76352941;1;1;0;0;1;1;0;1;1;0;0;0
4;TRUE;5;15240XXXX00020025;0.55176471;1;1;0;0;1;1;0;1;1;0;0;0;6;15240XXXX00022525;0.36941176;1;1;0;0;1;1;0;1;1;0;0;0
4;TRUE;5;15240XXXX00020025;0.55176471;1;1;0;0;1;1;0;1;1;0;0;0;6;12740XXXX00022525;0.46705882;2;2;0;1;2;1;1;2;1;0;0;0
4;FALSE;5;10240XXXX02522525;0.47882353;1;1;0;0;1;1;0;1;1;0;0;0;6;10240XXXX02522525;0.47882353;1;1;0;0;1;1;0;1;1;0;0;0
4;TRUE;6;10240XXXX02522525;0.47882353;1;1;0;0;1;1;0;1;1;0;0;0;7;10240XXXX00022525;0.76352941;1;1;0;0;1;1;0;1;1;0;0;0
4;FALSE;6;15240XXXX00020025;0.55176471;1;1;0;0;1;1;0;1;1;0;0;0;7;15240XXXX00020025;0.55176471;1;1;0;0;1;1;0;1;1;0;0;0
4;TRUE;6;15240XXXX00020025;0.55176471;1;1;0;0;1;1;0;1;1;0;0;0;7;12740XXXX00022525;0.46705882;2;2;0;1;2;1;1;2;1;0;0;0
4;TRUE;6;15240XXXX00020025;0.55176471;1;1;0;0;1;1;0;1;1;0;0;0;7;15240XXXX00022525;0.36941176;1;1;0;0;1;1;0;1;1;0;0;0
4;FALSE;6;10240XXXX02522525;0.47882353;1;1;0;0;1;1;0;1;1;0;0;0;7;10240XXXX02522525;0.47882353;1;1;0;0;1;1;0;1;1;0;0;0
5;FALSE;1;15240XXXX12515050;0.54083333;1;1;0;1;1;0;1;1;0;0;0;0;1;15240XXXX12515050;0.54083333;1;1;0;1;1;0;1;1;0;0;0;0
5;FALSE;1;10241XXXX22522575;0.52833333;1;1;0;1;1;0;1;1;0;0;0;0;1;10241XXXX22522575;0.52833333;1;1;0;1;1;0;1;1;0;0;0;0
5;FALSE;1;15242XXXX12522550;0.42;2;2;0;1;2;0;1;2;0;0;0;0;1;15242XXXX12522550;0.42;2;2;0;1;2;0;1;2;0;0;0;0
5;FALSE;1;05241XXXX17502550;0.3175;1;1;0;1;1;0;1;1;0;0;0;0;1;05241XXXX17502550;0.3175;1;1;0;1;1;0;1;1;0;0;0;0
5;FALSE;1;00242XXXX17502575;0.4025;1;1;0;1;1;0;1;1;0;0;0;0;1;00242XXXX17502575;0.4025;1;1;0;1;1;0;1;1;0;0;0;0
5;FALSE;1;15242XXXX12522550;0.42;2;2;0;1;2;0;1;2;0;0;0;0;2;15242XXXX12522550;0.42;2;2;0;1;2;0;1;2;0;0;0;0
5;FALSE;1;05241XXXX17502550;0.3175;1;1;0;1;1;0;1;1;0;0;0;0;2;05241XXXX17502550;0.3175;1;1;0;1;1;0;1;1;0;0;0;0
5;FALSE;1;10241XXXX22522575;0.52833333;1;1;0;1;1;0;1;1;0;0;0;0;2;10241XXXX22522575;0.52833333;1;1;0;1;1;0;1;1;0;0;0;0
5;FALSE;1;15240XXXX12515050;0.54083333;1;1;0;1;1;0;1;1;0;0;0;0;2;15240XXXX12515050;0.54083333;1;1;0;1;1;0;1;1;0;0;0;0
5;FALSE;1;00242XXXX17502575;0.4025;1;1;0;1;1;0;1;1;0;0;0;0;2;00242XXXX17502575;0.4025;1;1;0;1;1;0;1;1;0;0;0;0
5;TRUE;1;15242XXXX12522550;0.42;2;2;0;1;2;0;1;2;0;0;0;0;2;15240XXXX12520050;0.33;2;2;0;0;2;1;0;2;1;0;0;0
5;TRUE;1;15242XXXX12522550;0.42;2;2;0;1;2;0;1;2;0;0;0;0;2;15242XXXX12522575;0.31583333;2;2;0;0;2;1;0;2;1;0;0;0
5;TRUE;2;15242XXXX12522550;0.42;2;2;0;1;2;0;1;2;0;0;0;0;3;15240XXXX12520050;0.33;2;2;0;0;2;1;0;2;1;0;0;0
5;FALSE;2;05241XXXX17502550;0.3175;1;1;0;1;1;0;1;1;0;0;0;0;3;05241XXXX17502550;0.3175;1;1;0;1;1;0;1;1;0;0;0;0
5;FALSE;2;15242XXXX12522550;0.42;2;2;0;1;2;0;1;2;0;0;0;0;3;15242XXXX12522550;0.42;2;2;0;1;2;0;1;2;0;0;0;0
5;FALSE;2;10241XXXX22522575;0.52833333;1;1;0;1;1;0;1;1;0;0;0;0;3;10241XXXX22522575;0.52833333;1;1;0;1;1;0;1;1;0;0;0;0
5;TRUE;2;15242XXXX12522550;0.42;2;2;0;1;2;0;1;2;0;0;0;0;3;15242XXXX12522575;0.31583333;2;2;0;0;2;1;0;2;1;0;0;0
5;TRUE;2;10241XXXX22522575;0.52833333;1;1;0;1;1;0;1;1;0;0;0;0;3;15242XXXX20017550;0.53416667;1;1;0;0;1;0;0;1;0;0;0;0
5;TRUE;2;15240XXXX12520050;0.33;2;2;0;0;2;1;0;2;1;0;0;0;3;17740XXXX12520025;0.705;1;1;0;0;1;0;0;1;0;0;0;0
5;TRUE;2;15242XXXX12522550;0.42;2;2;0;1;2;0;1;2;0;0;0;0;3;15242XXXX07520050;0.6925;1;1;0;0;1;0;0;1;0;0;0;0
5;TRUE;2;05241XXXX17502550;0.3175;1;1;0;1;1;0;1;1;0;0;0;0;3;05241XXXX20007550;0.4625;1;1;0;0;1;0;0;1;0;0;0;0
5;TRUE;2;10241XXXX22522575;0.52833333;1;1;0;1;1;0;1;1;0;0;0;0;3;10211XXXX22517550;0.51833333;1;1;0;0;1;0;0;1;0;0;0;0
5;TRUE;3;10241XXXX22522575;0.52833333;1;1;0;1;1;0;1;1;0;0;0;0;4;15242XXXX20017550;0.53416667;1;1;0;0;1;0;0;1;0;0;0;0
5;TRUE;3;15242XXXX12522550;0.42;2;2;0;1;2;0;1;2;0;0;0;0;4;15242XXXX07520050;0.6925;1;1;0;0;1;0;0;1;0;0;0;0
5;TRUE;3;10241XXXX22522575;0.52833333;1;1;0;1;1;0;1;1;0;0;0;0;4;10211XXXX22517550;0.51833333;1;1;0;0;1;0;0;1;0;0;0;0
5;TRUE;3;05241XXXX17502550;0.3175;1;1;0;1;1;0;1;1;0;0;0;0;4;05241XXXX20007550;0.4625;1;1;0;0;1;0;0;1;0;0;0;0
5;TRUE;3;15240XXXX12520050;0.33;2;2;0;0;2;1;0;2;1;0;0;0;4;17740XXXX12520025;0.705;1;1;0;0;1;0;0;1;0;0;0;0
5;TRUE;3;15242XXXX07520050;0.6925;1;1;0;0;1;0;0;1;0;0;0;0;4;15242XXXX12522550;0.42;2;2;0;1;2;0;1;2;0;0;0;0
5;TRUE;3;15242XXXX07520050;0.6925;1;1;0;0;1;0;0;1;0;0;0;0;4;15242XXXX10020050;0.45083333;1;1;0;0;1;0;0;1;0;0;0;0
5;TRUE;3;10211XXXX22517550;0.51833333;1;1;0;0;1;0;0;1;0;0;0;0;4;07740XXXX22517550;0.44416667;1;1;0;0;1;0;0;1;0;0;0;0
5;TRUE;3;17740XXXX12520025;0.705;1;1;0;0;1;0;0;1;0;0;0;0;4;17740XXXX15020025;0.7025;1;1;0;0;1;0;0;1;0;0;0;0
5;TRUE;3;17740XXXX12520025;0.705;1;1;0;0;1;0;0;1;0;0;0;0;4;17740XXXX12522550;0.38333333;1;1;0;0;1;0;0;1;0;0;0;0
5;TRUE;4;15242XXXX07520050;0.6925;1;1;0;0;1;0;0;1;0;0;0;0;5;15242XXXX12522550;0.42;2;2;0;1;2;0;1;2;0;0;0;0
5;TRUE;4;15242XXXX07520050;0.6925;1;1;0;0;1;0;0;1;0;0;0;0;5;15242XXXX10020050;0.45083333;1;1;0;0;1;0;0;1;0;0;0;0
5;TRUE;4;17740XXXX12520025;0.705;1;1;0;0;1;0;0;1;0;0;0;0;5;17740XXXX15020025;0.7025;1;1;0;0;1;0;0;1;0;0;0;0
5;TRUE;4;10211XXXX22517550;0.51833333;1;1;0;0;1;0;0;1;0;0;0;0;5;07740XXXX22517550;0.44416667;1;1;0;0;1;0;0;1;0;0;0;0
5;TRUE;4;17740XXXX12520025;0.705;1;1;0;0;1;0;0;1;0;0;0;0;5;17740XXXX12522550;0.38333333;1;1;0;0;1;0;0;1;0;0;0;0
5;TRUE;4;17740XXXX15020025;0.7025;1;1;0;0;1;0;0;1;0;0;0;0;5;17740XXXX15022550;0.47166667;2;2;0;0;2;2;0;2;2;0;0;0
5;TRUE;4;15242XXXX12522550;0.42;2;2;0;1;2;0;1;2;0;0;0;0;5;12740XXXX10022550;0.32833333;1;1;0;0;1;1;0;1;1;0;0;0
5;TRUE;4;15242XXXX12522550;0.42;2;2;0;1;2;0;1;2;0;0;0;0;5;15242XXXX12522575;0.31583333;2;2;0;0;2;1;0;2;1;0;0;0
5;TRUE;4;07740XXXX22517550;0.44416667;1;1;0;0;1;0;0;1;0;0;0;0;5;05240XXXX20020050;0.69666667;1;1;0;0;1;1;0;1;1;0;0;0
5;TRUE;4;17740XXXX12522550;0.38333333;1;1;0;0;1;0;0;1;0;0;0;0;5;15240XXXX12522550;0.67166667;1;1;0;0;1;1;0;1;1;0;0;0
5;TRUE;5;07740XXXX22517550;0.44416667;1;1;0;0;1;0;0;1;0;0;0;0;6;05240XXXX20020050;0.69666667;1;1;0;0;1;1;0;1;1;0;0;0
5;TRUE;5;17740XXXX15020025;0.7025;1;1;0;0;1;0;0;1;0;0;0;0;6;17740XXXX15022550;0.47166667;2;2;0;0;2;2;0;2;2;0;0;0
5;TRUE;5;15242XXXX12522550;0.42;2;2;0;1;2;0;1;2;0;0;0;0;6;12740XXXX10022550;0.32833333;1;1;0;0;1;1;0;1;1;0;0;0
5;TRUE;5;17740XXXX12522550;0.38333333;1;1;0;0;1;0;0;1;0;0;0;0;6;15240XXXX12522550;0.67166667;1;1;0;0;1;1;0;1;1;0;0;0
5;TRUE;5;15242XXXX12522550;0.42;2;2;0;1;2;0;1;2;0;0;0;0;6;15242XXXX12522575;0.31583333;2;2;0;0;2;1;0;2;1;0;0;0
5;TRUE;5;15240XXXX12522550;0.67166667;1;1;0;0;1;1;0;1;1;0;0;0;6;15240XXXX10022550;0.39888889;2;2;0;0;0;2;0;0;2;0;0;0
5;TRUE;5;17740XXXX15022550;0.47166667;2;2;0;0;2;2;0;2;2;0;0;0;6;17740XXXX15025025;0.49333333;1;1;0;0;0;1;0;0;1;0;0;0
5;TRUE;5;05240XXXX20020050;0.69666667;1;1;0;0;1;1;0;1;1;0;0;0;6;02740XXXX20020050;0.456;2;2;0;0;0;2;0;0;2;0;0;0
6;FALSE;1;00221XXXX00017500;0.68571429;1;1;0;1;1;0;1;1;0;0;0;0;1;00221XXXX00017500;0.68571429;1;1;0;1;1;0;1;1;0;0;0;0
6;FALSE;1;05201XXXX12510050;0.50666667;1;1;0;1;1;0;1;1;0;0;0;0;1;05201XXXX12510050;0.50666667;1;1;0;1;1;0;1;1;0;0;0;0
6;FALSE;1;00242XXXX02502500;0.69904762;1;1;0;1;1;0;1;1;0;0;0;0;1;00242XXXX02502500;0.69904762;1;1;0;1;1;0;1;1;0;0;0;0
6;FALSE;1;02712XXXX05012550;0.44380952;1;1;0;1;1;0;1;1;0;0;0;0;1;02712XXXX05012550;0.44380952;1;1;0;1;1;0;1;1;0;0;0;0
6;FALSE;1;10242XXXX22515050;0.5047619;1;1;0;1;1;0;1;1;0;0;0;0;1;10242XXXX22515050;0.5047619;1;1;0;1;1;0;1;1;0;0;0;0
6;FALSE;1;00221XXXX00017500;0.68571429;1;1;0;1;1;0;1;1;0;0;0;0;2;00221XXXX00017500;0.68571429;1;1;0;1;1;0;1;1;0;0;0;0
6;FALSE;1;10242XXXX22515050;0.5047619;1;1;0;1;1;0;1;1;0;0;0;0;2;10242XXXX22515050;0.5047619;1;1;0;1;1;0;1;1;0;0;0;0
6;FALSE;1;02712XXXX05012550;0.44380952;1;1;0;1;1;0;1;1;0;0;0;0;2;02712XXXX05012550;0.44380952;1;1;0;1;1;0;1;1;0;0;0;0
6;FALSE;1;05201XXXX12510050;0.50666667;1;1;0;1;1;0;1;1;0;0;0;0;2;05201XXXX12510050;0.50666667;1;1;0;1;1;0;1;1;0;0;0;0
6;FALSE;1;00242XXXX02502500;0.69904762;1;1;0;1;1;0;1;1;0;0;0;0;2;00242XXXX02502500;0.69904762;1;1;0;1;1;0;1;1;0;0;0;0
6;TRUE;1;02712XXXX05012550;0.44380952;1;1;0;1;1;0;1;1;0;0;0;0;2;07712XXXX15022550;0.44666667;1;1;0;0;1;0;0;1;0;0;0;0
6;TRUE;1;00242XXXX02502500;0.69904762;1;1;0;1;1;0;1;1;0;0;0;0;2;00221XXXX05005000;0.3447619;1;1;0;0;1;0;0;1;0;0;0;0
6;TRUE;1;05201XXXX12510050;0.50666667;1;1;0;1;1;0;1;1;0;0;0;0;2;00201XXXX20010000;0.31904762;1;1;0;0;1;0;0;1;0;0;0;0
6;TRUE;2;05201XXXX12510050;0.50666667;1;1;0;1;1;0;1;1;0;0;0;0;3;00201XXXX20010000;0.31904762;1;1;0;0;1;0;0;1;0;0;0;0
6;FALSE;2;10242XXXX22515050;0.5047619;1;1;0;1;1;0;1;1;0;0;0;0;3;10242XXXX22515050;0.5047619;1;1;0;1;1;0;1;1;0;0;0;0
6;TRUE;2;02712XXXX05012550;0.44380952;1;1;0;1;1;0;1;1;0;0;0;0;3;07712XXXX15022550;0.44666667;1;1;0;0;1;0;0;1;0;0;0;0
6;TRUE;2;00242XXXX02502500;0.69904762;1;1;0;1;1;0;1;1;0;0;0;0;3;00221XXXX05005000;0.3447619;1;1;0;0;1;0;0;1;0;0;0;0
6;FALSE;2;05201XXXX12510050;0.50666667;1;1;0;1;1;0;1;1;0;0;0;0;3;05201XXXX12510050;0.50666667;1;1;0;1;1;0;1;1;0;0;0;0
6;TRUE;2;07712XXXX15022550;0.44666667;1;1;0;0;1;0;0;1;0;0;0;0;3;07711XXXX15017550;0.58952381;1;1;0;0;1;0;0;1;0;0;0;0
6;TRUE;2;00201XXXX20010000;0.31904762;1;1;0;0;1;0;0;1;0;0;0;0;3;00211XXXX22512500;0.42095238;1;1;0;0;1;0;0;1;0;0;0;0
6;TRUE;2;00201XXXX20010000;0.31904762;1;1;0;0;1;0;0;1;0;0;0;0;3;02711XXXX22512550;0.36571429;1;1;0;0;1;0;0;1;0;0;0;0
6;TRUE;2;07712XXXX15022550;0.44666667;1;1;0;0;1;0;0;1;0;0;0;0;3;07711XXXX17522550;0.40380952;2;2;0;0;2;1;0;2;1;0;0;0
6;TRUE;3;07712XXXX15022550;0.44666667;1;1;0;0;1;0;0;1;0;0;0;0;4;07711XXXX17522550;0.40380952;2;2;0;0;2;1;0;2;1;0;0;0
6;TRUE;3;00201XXXX20010000;0.31904762;1;1;0;0;1;0;0;1;0;0;0;0;4;00211XXXX22512500;0.42095238;1;1;0;0;1;0;0;1;0;0;0;0
6;TRUE;3;07712XXXX15022550;0.44666667;1;1;0;0;1;0;0;1;0;0;0;0;4;07711XXXX15017550;0.58952381;1;1;0;0;1;0;0;1;0;0;0;0
6;TRUE;3;00201XXXX20010000;0.31904762;1;1;0;0;1;0;0;1;0;0;0;0;4;02711XXXX22512550;0.36571429;1;1;0;0;1;0;0;1;0;0;0;0
6;FALSE;3;05201XXXX12510050;0.50666667;1;1;0;1;1;0;1;1;0;0;0;0;4;05201XXXX12510050;0.50666667;1;1;0;1;1;0;1;1;0;0;0;0
6;TRUE;3;07711XXXX17522550;0.40380952;2;2;0;0;2;1;0;2;1;0;0;0;4;07711XXXX22520025;0.40380952;1;1;0;0;1;0;0;1;0;0;0;0
6;TRUE;3;07711XXXX17522550;0.40380952;2;2;0;0;2;1;0;2;1;0;0;0;4;10211XXXX20022550;0.52285714;1;1;0;0;1;0;0;1;0;0;0;0
6;TRUE;3;07711XXXX17522550;0.40380952;2;2;0;0;2;1;0;2;1;0;0;0;4;07711XXXX20020050;0.51904762;1;1;0;0;1;0;0;1;0;0;0;0
6;TRUE;3;07711XXXX17522550;0.40380952;2;2;0;0;2;1;0;2;1;0;0;0;4;10211XXXX17522550;0.53238095;1;1;0;0;1;0;0;1;0;0;0;0
6;TRUE;4;07711XXXX17522550;0.40380952;2;2;0;0;2;1;0;2;1;0;0;0;5;10211XXXX20022550;0.52285714;1;1;0;0;1;0;0;1;0;0;0;0
6;TRUE;4;07711XXXX17522550;0.40380952;2;2;0;0;2;1;0;2;1;0;0;0;5;07711XXXX20020050;0.51904762;1;1;0;0;1;0;0;1;0;0;0;0
6;FALSE;4;07711XXXX17522550;0.40380952;2;2;0;0;2;1;0;2;1;0;0;0;5;07711XXXX17522550;0.40380952;2;2;0;0;2;1;0;2;1;0;0;0
6;TRUE;4;07711XXXX17522550;0.40380952;2;2;0;0;2;1;0;2;1;0;0;0;5;07711XXXX22520025;0.40380952;1;1;0;0;1;0;0;1;0;0;0;0
6;TRUE;4;07711XXXX17522550;0.40380952;2;2;0;0;2;1;0;2;1;0;0;0;5;10211XXXX17522550;0.53238095;1;1;0;0;1;0;0;1;0;0;0;0
6;TRUE;4;10211XXXX20022550;0.52285714;1;1;0;0;1;0;0;1;0;0;0;0;5;10211XXXX22520050;0.50666667;1;1;0;0;1;1;0;1;1;0;0;0
6;TRUE;4;10211XXXX20022550;0.52285714;1;1;0;0;1;0;0;1;0;0;0;0;5;07711XXXX17522550;0.40380952;2;2;0;0;2;1;0;2;1;0;0;0
6;TRUE;4;10211XXXX17522550;0.53238095;1;1;0;0;1;0;0;1;0;0;0;0;5;10211XXXX22522550;0.77904762;1;1;0;0;1;1;0;1;1;0;0;0
6;TRUE;4;07711XXXX20020050;0.51904762;1;1;0;0;1;0;0;1;0;0;0;0;5;05211XXXX22520050;0.48666667;1;1;0;0;1;1;0;1;1;0;0;0
6;TRUE;4;07711XXXX20020050;0.51904762;1;1;0;0;1;0;0;1;0;0;0;0;5;02711XXXX20017550;0.40285714;1;1;0;0;1;1;0;1;1;0;0;0
6;TRUE;5;10211XXXX17522550;0.53238095;1;1;0;0;1;0;0;1;0;0;0;0;6;10211XXXX22522550;0.77904762;1;1;0;0;1;1;0;1;1;0;0;0
6;TRUE;5;10211XXXX20022550;0.52285714;1;1;0;0;1;0;0;1;0;0;0;0;6;10211XXXX22520050;0.50666667;1;1;0;0;1;1;0;1;1;0;0;0
6;TRUE;5;07711XXXX20020050;0.51904762;1;1;0;0;1;0;0;1;0;0;0;0;6;05211XXXX22520050;0.48666667;1;1;0;0;1;1;0;1;1;0;0;0
6;TRUE;5;07711XXXX20020050;0.51904762;1;1;0;0;1;0;0;1;0;0;0;0;6;02711XXXX20017550;0.40285714;1;1;0;0;1;1;0;1;1;0;0;0
6;TRUE;5;10211XXXX20022550;0.52285714;1;1;0;0;1;0;0;1;0;0;0;0;6;07711XXXX17522550;0.40380952;2;2;0;0;2;1;0;2;1;0;0;0
6;TRUE;5;05211XXXX22520050;0.48666667;1;1;0;0;1;1;0;1;1;0;0;0;6;02711XXXX22520050;0.59238095;1;1;0;0;0;1;0;0;1;0;0;0
7;FALSE;1;05250XX0217512550;0.54;1;1;0;1;1;0;1;1;0;0;0;0;1;05250XX0217512550;0.54;1;1;0;1;1;0;1;1;0;0;0;0
7;FALSE;1;05200XXXX20002575;0.362;1;1;0;1;1;0;1;1;0;0;0;0;1;05200XXXX20002575;0.362;1;1;0;1;1;0;1;1;0;0;0;0
7;FALSE;1;07740XXXX12517525;0.405;1;1;0;1;1;0;1;1;0;0;0;0;1;07740XXXX12517525;0.405;1;1;0;1;1;0;1;1;0;0;0;0
7;FALSE;1;17750XX0202522525;0.342;1;1;0;1;1;0;1;1;0;0;0;0;1;17750XX0202522525;0.342;1;1;0;1;1;0;1;1;0;0;0;0
7;FALSE;1;15242XXXX25022575;0.507;1;1;0;1;1;0;1;1;0;0;0;0;1;15242XXXX25022575;0.507;1;1;0;1;1;0;1;1;0;0;0;0
7;FALSE;1;15242XXXX25022575;0.507;1;1;0;1;1;0;1;1;0;0;0;0;2;15242XXXX25022575;0.507;1;1;0;1;1;0;1;1;0;0;0;0
7;FALSE;1;07740XXXX12517525;0.405;1;1;0;1;1;0;1;1;0;0;0;0;2;07740XXXX12517525;0.405;1;1;0;1;1;0;1;1;0;0;0;0
7;FALSE;1;05250XX0217512550;0.54;1;1;0;1;1;0;1;1;0;0;0;0;2;05250XX0217512550;0.54;1;1;0;1;1;0;1;1;0;0;0;0
7;FALSE;1;17750XX0202522525;0.342;1;1;0;1;1;0;1;1;0;0;0;0;2;17750XX0202522525;0.342;1;1;0;1;1;0;1;1;0;0;0;0
7;FALSE;1;05200XXXX20002575;0.362;1;1;0;1;1;0;1;1;0;0;0;0;2;05200XXXX20002575;0.362;1;1;0;1;1;0;1;1;0;0;0;0
7;TRUE;1;17750XX0202522525;0.342;1;1;0;1;1;0;1;1;0;0;0;0;2;15240XXXX05022525;0.438;2;2;0;0;2;0;0;2;0;0;0;0
7;TRUE;1;15242XXXX25022575;0.507;1;1;0;1;1;0;1;1;0;0;0;0;2;15210XXXX12522550;0.33;1;1;0;0;1;0;0;1;0;0;0;0
7;TRUE;1;15242XXXX25022575;0.507;1;1;0;1;1;0;1;1;0;0;0;0;2;17742XXXX12520075;0.537;1;1;0;0;1;0;0;1;0;0;0;0
7;TRUE;2;15242XXXX25022575;0.507;1;1;0;1;1;0;1;1;0;0;0;0;3;15210XXXX12522550;0.33;1;1;0;0;1;0;0;1;0;0;0;0
7;FALSE;2;15242XXXX25022575;0.507;1;1;0;1;1;0;1;1;0;0;0;0;3;15242XXXX25022575;0.507;1;1;0;1;1;0;1;1;0;0;0;0
7;TRUE;2;17750XX0202522525;0.342;1;1;0;1;1;0;1;1;0;0;0;0;3;15240XXXX05022525;0.438;2;2;0;0;2;0;0;2;0;0;0;0
7;TRUE;2;15242XXXX25022575;0.507;1;1;0;1;1;0;1;1;0;0;0;0;3;17742XXXX12520075;0.537;1;1;0;0;1;0;0;1;0;0;0;0
7;FALSE;2;07740XXXX12517525;0.405;1;1;0;1;1;0;1;1;0;0;0;0;3;07740XXXX12517525;0.405;1;1;0;1;1;0;1;1;0;0;0;0
7;TRUE;2;15210XXXX12522550;0.33;1;1;0;0;1;0;0;1;0;0;0;0;3;12740XXXX17515050;0.567;1;1;0;0;1;0;0;1;0;0;0;0
7;TRUE;2;15240XXXX05022525;0.438;2;2;0;0;2;0;0;2;0;0;0;0;3;15240XXXX05022525;0.438;2;2;0;0;2;0;0;2;0;0;0;0
7;TRUE;2;15242XXXX25022575;0.507;1;1;0;1;1;0;1;1;0;0;0;0;3;17740XXXX20022575;0.54;1;1;0;0;1;0;0;1;0;0;0;0
7;TRUE;2;17742XXXX12520075;0.537;1;1;0;0;1;0;0;1;0;0;0;0;3;15242XXXX10020075;0.561;1;1;0;0;1;0;0;1;0;0;0;0
7;TRUE;3;15210XXXX12522550;0.33;1;1;0;0;1;0;0;1;0;0;0;0;4;12740XXXX17515050;0.567;1;1;0;0;1;0;0;1;0;0;0;0
7;TRUE;3;17742XXXX12520075;0.537;1;1;0;0;1;0;0;1;0;0;0;0;4;15242XXXX10020075;0.561;1;1;0;0;1;0;0;1;0;0;0;0
7;FALSE;3;15242XXXX25022575;0.507;1;1;0;1;1;0;1;1;0;0;0;0;4;15242XXXX25022575;0.507;1;1;0;1;1;0;1;1;0;0;0;0
7;TRUE;3;15242XXXX25022575;0.507;1;1;0;1;1;0;1;1;0;0;0;0;4;17740XXXX20022575;0.54;1;1;0;0;1;0;0;1;0;0;0;0
7;TRUE;3;15240XXXX05022525;0.438;2;2;0;0;2;0;0;2;0;0;0;0;4;15240XXXX05022525;0.438;2;2;0;0;2;0;0;2;0;0;0;0
7;TRUE;3;12740XXXX17515050;0.567;1;1;0;0;1;0;0;1;0;0;0;0;4;10240XXXX17517575;0.525;1;1;0;0;1;0;0;1;0;0;0;0
7;TRUE;3;12740XXXX17515050;0.567;1;1;0;0;1;0;0;1;0;0;0;0;4;12740XXXX12515050;0.426;1;1;0;0;1;0;0;1;0;0;0;0
7;TRUE;3;15242XXXX25022575;0.507;1;1;0;1;1;0;1;1;0;0;0;0;4;15240XXXX22522550;0.653;1;1;0;0;1;0;0;1;0;0;0;0
7;TRUE;3;15242XXXX25022575;0.507;1;1;0;1;1;0;1;1;0;0;0;0;4;10240XXXX22517575;0.578;1;1;0;0;1;0;0;1;0;0;0;0
7;TRUE;4;15242XXXX25022575;0.507;1;1;0;1;1;0;1;1;0;0;0;0;5;10240XXXX22517575;0.578;1;1;0;0;1;0;0;1;0;0;0;0
7;TRUE;4;15242XXXX25022575;0.507;1;1;0;1;1;0;1;1;0;0;0;0;5;15240XXXX22522550;0.653;1;1;0;0;1;0;0;1;0;0;0;0
7;TRUE;4;12740XXXX17515050;0.567;1;1;0;0;1;0;0;1;0;0;0;0;5;12740XXXX12515050;0.426;1;1;0;0;1;0;0;1;0;0;0;0
7;TRUE;4;15242XXXX25022575;0.507;1;1;0;1;1;0;1;1;0;0;0;0;5;17740XXXX20022575;0.54;1;1;0;0;1;0;0;1;0;0;0;0
7;TRUE;4;12740XXXX17515050;0.567;1;1;0;0;1;0;0;1;0;0;0;0;5;10240XXXX17517575;0.525;1;1;0;0;1;0;0;1;0;0;0;0
7;TRUE;4;10240XXXX22517575;0.578;1;1;0;0;1;0;0;1;0;0;0;0;5;10240XXXX22520050;0.409;1;1;0;0;1;1;0;1;1;0;0;0
7;TRUE;4;10240XXXX22517575;0.578;1;1;0;0;1;0;0;1;0;0;0;0;5;10240XXXX22522575;0.76;1;1;0;0;1;1;0;1;1;0;0;0
7;TRUE;4;10240XXXX22517575;0.578;1;1;0;0;1;0;0;1;0;0;0;0;5;10240XXXX22520075;0.456;1;1;0;0;1;1;0;1;1;0;0;0
7;TRUE;4;12740XXXX12515050;0.426;1;1;0;0;1;0;0;1;0;0;0;0;5;10240XXXX12520050;0.509;1;1;0;0;1;1;0;1;1;0;0;0
7;TRUE;4;15240XXXX22522550;0.653;1;1;0;0;1;0;0;1;0;0;0;0;5;12740XXXX20022550;0.475;1;1;0;0;1;1;0;1;1;0;0;0
7;TRUE;5;10240XXXX22517575;0.578;1;1;0;0;1;0;0;1;0;0;0;0;6;10240XXXX22520075;0.456;1;1;0;0;1;1;0;1;1;0;0;0
7;TRUE;5;10240XXXX22517575;0.578;1;1;0;0;1;0;0;1;0;0;0;0;6;10240XXXX22520050;0.409;1;1;0;0;1;1;0;1;1;0;0;0
7;TRUE;5;10240XXXX22517575;0.578;1;1;0;0;1;0;0;1;0;0;0;0;6;10240XXXX22522575;0.76;1;1;0;0;1;1;0;1;1;0;0;0
7;TRUE;5;12740XXXX12515050;0.426;1;1;0;0;1;0;0;1;0;0;0;0;6;10240XXXX12520050;0.509;1;1;0;0;1;1;0;1;1;0;0;0
7;TRUE;5;15240XXXX22522550;0.653;1;1;0;0;1;0;0;1;0;0;0;0;6;12740XXXX20022550;0.475;1;1;0;0;1;1;0;1;1;0;0;0
8;FALSE;1;05240XXXX02520050;0.5625;1;1;0;1;1;0;1;1;0;0;0;0;1;05240XXXX02520050;0.5625;1;1;0;1;1;0;1;1;0;0;0;0
8;FALSE;1;05200XXXX17520025;0.36875;1;1;0;1;1;1;1;1;1;0;0;0;1;05200XXXX17520025;0.36875;1;1;0;1;1;1;1;1;1;0;0;0
8;FALSE;1;07712XXXX12517550;0.405;1;1;0;1;1;0;1;1;0;0;0;0;1;07712XXXX12517550;0.405;1;1;0;1;1;0;1;1;0;0;0;0
8;FALSE;1;05242XXXX00012550;0.5525;1;1;0;1;1;0;1;1;0;0;0;0;1;05242XXXX00012550;0.5525;1;1;0;1;1;0;1;1;0;0;0;0
8;FALSE;1;17750XX0222517575;0.50375;1;1;0;1;1;0;1;1;0;0;0;0;1;17750XX0222517575;0.50375;1;1;0;1;1;0;1;1;0;0;0;0
8;FALSE;1;05200XXXX17520025;0.36875;1;1;0;1;1;1;1;1;1;0;0;0;2;05200XXXX17520025;0.36875;1;1;0;1;1;1;1;1;1;0;0;0
8;FALSE;1;05242XXXX00012550;0.5525;1;1;0;1;1;0;1;1;0;0;0;0;2;05242XXXX00012550;0.5525;1;1;0;1;1;0;1;1;0;0;0;0
8;FALSE;1;17750XX0222517575;0.50375;1;1;0;1;1;0;1;1;0;0;0;0;2;17750XX0222517575;0.50375;1;1;0;1;1;0;1;1;0;0;0;0
8;FALSE;1;05240XXXX02520050;0.5625;1;1;0;1;1;0;1;1;0;0;0;0;2;05240XXXX02520050;0.5625;1;1;0;1;1;0;1;1;0;0;0;0
8;FALSE;1;07712XXXX12517550;0.405;1;1;0;1;1;0;1;1;0;0;0;0;2;07712XXXX12517550;0.405;1;1;0;1;1;0;1;1;0;0;0;0
8;TRUE;1;05200XXXX17520025;0.36875;1;1;0;1;1;1;1;1;1;0;0;0;2;00200XXXX15010000;0.50625;1;1;0;0;1;0;0;1;0;0;0;0
8;TRUE;1;05200XXXX17520025;0.36875;1;1;0;1;1;1;1;1;1;0;0;0;2;00241XXXX10012550;0.40375;1;1;0;0;1;0;0;1;0;0;0;0
8;TRUE;1;05242XXXX00012550;0.5525;1;1;0;1;1;0;1;1;0;0;0;0;2;00240XXXX10015025;0.6925;1;1;0;0;1;0;0;1;0;0;0;0
8;TRUE;1;05240XXXX02520050;0.5625;1;1;0;1;1;0;1;1;0;0;0;0;2;02742XXXX00020050;0.585;1;1;0;0;1;0;0;1;0;0;0;0
8;FALSE;2;05200XXXX17520025;0.36875;1;1;0;1;1;1;1;1;1;0;0;0;3;05200XXXX17520025;0.36875;1;1;0;1;1;1;1;1;1;0;0;0
8;TRUE;2;05200XXXX17520025;0.36875;1;1;0;1;1;1;1;1;1;0;0;0;3;00200XXXX15010000;0.50625;1;1;0;0;1;0;0;1;0;0;0;0
8;TRUE;2;05242XXXX00012550;0.5525;1;1;0;1;1;0;1;1;0;0;0;0;3;00240XXXX10015025;0.6925;1;1;0;0;1;0;0;1;0;0;0;0
8;TRUE;2;05200XXXX17520025;0.36875;1;1;0;1;1;1;1;1;1;0;0;0;3;00241XXXX10012550;0.40375;1;1;0;0;1;0;0;1;0;0;0;0
8;TRUE;2;05240XXXX02520050;0.5625;1;1;0;1;1;0;1;1;0;0;0;0;3;02742XXXX00020050;0.585;1;1;0;0;1;0;0;1;0;0;0;0
8;TRUE;2;00200XXXX15010000;0.50625;1;1;0;0;1;0;0;1;0;0;0;0;3;00200XXXX15012500;0.5575;1;1;0;0;1;1;0;1;1;0;0;0
8;TRUE;2;05200XXXX17520025;0.36875;1;1;0;1;1;1;1;1;1;0;0;0;3;05240XXXX22522500;0.4275;3;3;0;0;2;3;0;2;3;0;0;0
8;TRUE;2;05200XXXX17520025;0.36875;1;1;0;1;1;1;1;1;1;0;0;0;3;05200XXXX22520025;0.4275;1;1;0;0;1;1;0;1;1;0;0;0
8;TRUE;2;00200XXXX15010000;0.50625;1;1;0;0;1;0;0;1;0;0;0;0;3;00200XXXX20010000;0.46;1;1;0;0;1;0;0;1;0;0;0;0
8;TRUE;3;00200XXXX15010000;0.50625;1;1;0;0;1;0;0;1;0;0;0;0;4;00200XXXX15012500;0.5575;1;1;0;0;1;1;0;1;1;0;0;0
8;FALSE;3;05200XXXX17520025;0.36875;1;1;0;1;1;1;1;1;1;0;0;0;4;05200XXXX17520025;0.36875;1;1;0;1;1;1;1;1;1;0;0;0
8;TRUE;3;05200XXXX17520025;0.36875;1;1;0;1;1;1;1;1;1;0;0;0;4;05200XXXX22520025;0.4275;1;1;0;0;1;1;0;1;1;0;0;0
8;TRUE;3;05200XXXX17520025;0.36875;1;1;0;1;1;1;1;1;1;0;0;0;4;05240XXXX22522500;0.4275;3;3;0;0;2;3;0;2;3;0;0;0
8;TRUE;3;00200XXXX15010000;0.50625;1;1;0;0;1;0;0;1;0;0;0;0;4;00200XXXX20010000;0.46;1;1;0;0;1;0;0;1;0;0;0;0
8;TRUE;3;05240XXXX22522500;0.4275;3;3;0;0;2;3;0;2;3;0;0;0;4;05240XXXX22522500;0.4275;3;3;0;0;2;3;0;2;3;0;0;0
8;TRUE;4;05200XXXX17520025;0.36875;1;1;0;1;1;1;1;1;1;0;0;0;5;05200XXXX22520025;0.4275;1;1;0;0;1;1;0;1;1;0;0;0
8;TRUE;4;05200XXXX17520025;0.36875;1;1;0;1;1;1;1;1;1;0;0;0;5;05240XXXX22522500;0.4275;3;3;0;0;2;3;0;2;3;0;0;0
8;FALSE;4;05200XXXX17520025;0.36875;1;1;0;1;1;1;1;1;1;0;0;0;5;05200XXXX17520025;0.36875;1;1;0;1;1;1;1;1;1;0;0;0
8;FALSE;4;00200XXXX15012500;0.5575;1;1;0;0;1;1;0;1;1;0;0;0;5;00200XXXX15012500;0.5575;1;1;0;0;1;1;0;1;1;0;0;0
8;TRUE;4;05240XXXX22522500;0.4275;3;3;0;0;2;3;0;2;3;0;0;0;5;05240XXXX22522500;0.4275;3;3;0;0;2;3;0;2;3;0;0;0
8;TRUE;4;05240XXXX22522500;0.4275;3;3;0;0;2;3;0;2;3;0;0;0;5;05240XXXX22522500;0.4275;3;3;0;0;2;3;0;2;3;0;0;0
8;TRUE;4;05240XXXX22522500;0.4275;3;3;0;0;2;3;0;2;3;0;0;0;5;07740XXXX22522500;0.4375;2;2;0;0;0;2;0;0;2;0;0;0
8;TRUE;4;05240XXXX22522500;0.4275;3;3;0;0;2;3;0;2;3;0;0;0;5;07740XXXX22522500;0.4375;2;2;0;0;0;2;0;0;2;0;0;0
9;FALSE;1;00242XXXX12512550;0.51866667;1;1;0;1;1;0;1;1;0;0;0;0;1;00242XXXX12512550;0.51866667;1;1;0;1;1;0;1;1;0;0;0;0
9;FALSE;1;00202XXXX07512525;0.28266667;1;1;0;1;1;0;1;1;0;0;0;0;1;00202XXXX07512525;0.28266667;1;1;0;1;1;0;1;1;0;0;0;0
9;FALSE;1;05240XXXX22520050;0.43466667;2;2;0;1;2;2;1;2;2;0;0;0;1;05240XXXX22520050;0.43466667;2;2;0;1;2;2;1;2;2;0;0;0
9;FALSE;1;02711XXXX22510025;0.316;1;1;0;1;1;0;1;1;0;0;0;0;1;02711XXXX22510025;0.316;1;1;0;1;1;0;1;1;0;0;0;0
9;FALSE;1;05210XXXX15015050;0.53333333;1;1;0;1;1;0;1;1;0;0;0;0;1;05210XXXX15015050;0.53333333;1;1;0;1;1;0;1;1;0;0;0;0
9;FALSE;1;00202XXXX07512525;0.28266667;1;1;0;1;1;0;1;1;0;0;0;0;2;00202XXXX07512525;0.28266667;1;1;0;1;1;0;1;1;0;0;0;0
9;FALSE;1;02711XXXX22510025;0.316;1;1;0;1;1;0;1;1;0;0;0;0;2;02711XXXX22510025;0.316;1;1;0;1;1;0;1;1;0;0;0;0
9;FALSE;1;05240XXXX22520050;0.43466667;2;2;0;1;2;2;1;2;2;0;0;0;2;05240XXXX22520050;0.43466667;2;2;0;1;2;2;1;2;2;0;0;0
9;FALSE;1;05210XXXX15015050;0.53333333;1;1;0;1;1;0;1;1;0;0;0;0;2;05210XXXX15015050;0.53333333;1;1;0;1;1;0;1;1;0;0;0;0
9;FALSE;1;00242XXXX12512550;0.51866667;1;1;0;1;1;0;1;1;0;0;0;0;2;00242XXXX12512550;0.51866667;1;1;0;1;1;0;1;1;0;0;0;0
9;TRUE;1;05240XXXX22520050;0.43466667;2;2;0;1;2;2;1;2;2;0;0;0;2;07742XXXX22517575;0.672;1;1;0;0;1;0;0;1;0;0;0;0
9;TRUE;1;02711XXXX22510025;0.316;1;1;0;1;1;0;1;1;0;0;0;0;2;00241XXXX22510050;0.428;1;1;0;0;1;0;0;1;0;0;0;0
9;TRUE;1;05210XXXX15015050;0.53333333;1;1;0;1;1;0;1;1;0;0;0;0;2;02711XXXX15017550;0.34933333;1;1;0;0;1;0;0;1;0;0;0;0
9;FALSE;2;05240XXXX22520050;0.43466667;2;2;0;1;2;2;1;2;2;0;0;0;3;05240XXXX22520050;0.43466667;2;2;0;1;2;2;1;2;2;0;0;0
9;TRUE;2;05240XXXX22520050;0.43466667;2;2;0;1;2;2;1;2;2;0;0;0;3;07742XXXX22517575;0.672;1;1;0;0;1;0;0;1;0;0;0;0
9;TRUE;2;05210XXXX15015050;0.53333333;1;1;0;1;1;0;1;1;0;0;0;0;3;02711XXXX15017550;0.34933333;1;1;0;0;1;0;0;1;0;0;0;0
9;TRUE;2;02711XXXX22510025;0.316;1;1;0;1;1;0;1;1;0;0;0;0;3;00241XXXX22510050;0.428;1;1;0;0;1;0;0;1;0;0;0;0
9;FALSE;2;02711XXXX22510025;0.316;1;1;0;1;1;0;1;1;0;0;0;0;3;02711XXXX22510025;0.316;1;1;0;1;1;0;1;1;0;0;0;0
9;TRUE;2;05240XXXX22520050;0.43466667;2;2;0;1;2;2;1;2;2;0;0;0;3;07740XXXX17520050;0.54111111;2;2;0;0;2;0;0;2;0;0;0;0
9;TRUE;2;05240XXXX22520050;0.43466667;2;2;0;1;2;2;1;2;2;0;0;0;3;05240XXXX22520050;0.43466667;2;2;0;1;2;2;1;2;2;0;0;0
9;TRUE;2;05240XXXX22520050;0.43466667;2;2;0;1;2;2;1;2;2;0;0;0;3;00240XXXX17520050;0.42533333;1;1;0;0;1;0;0;1;0;0;0;0
9;FALSE;3;05240XXXX22520050;0.43466667;2;2;0;1;2;2;1;2;2;0;0;0;4;05240XXXX22520050;0.43466667;2;2;0;1;2;2;1;2;2;0;0;0
9;TRUE;3;05240XXXX22520050;0.43466667;2;2;0;1;2;2;1;2;2;0;0;0;4;07740XXXX17520050;0.54111111;2;2;0;0;2;0;0;2;0;0;0;0
9;TRUE;3;05240XXXX22520050;0.43466667;2;2;0;1;2;2;1;2;2;0;0;0;4;05240XXXX22520050;0.43466667;2;2;0;1;2;2;1;2;2;0;0;0
9;TRUE;3;05240XXXX22520050;0.43466667;2;2;0;1;2;2;1;2;2;0;0;0;4;00240XXXX17520050;0.42533333;1;1;0;0;1;0;0;1;0;0;0;0
9;TRUE;3;05240XXXX22520050;0.43466667;2;2;0;1;2;2;1;2;2;0;0;0;4;07742XXXX22517575;0.672;1;1;0;0;1;0;0;1;0;0;0;0
9;TRUE;3;05240XXXX22520050;0.43466667;2;2;0;1;2;2;1;2;2;0;0;0;4;02740XXXX20022550;0.51466667;2;2;0;0;1;2;0;1;2;0;0;0
9;TRUE;3;07740XXXX17520050;0.54111111;2;2;0;0;2;0;0;2;0;0;0;0;4;02740XXXX22517550;0.52933333;1;1;0;0;1;1;0;1;1;0;0;0
9;TRUE;3;07740XXXX17520050;0.54111111;2;2;0;0;2;0;0;2;0;0;0;0;4;07740XXXX17522550;0.568;1;1;0;0;1;1;0;1;1;0;0;0
9;TRUE;4;07740XXXX17520050;0.54111111;2;2;0;0;2;0;0;2;0;0;0;0;5;02740XXXX22517550;0.52933333;1;1;0;0;1;1;0;1;1;0;0;0
9;TRUE;4;05240XXXX22520050;0.43466667;2;2;0;1;2;2;1;2;2;0;0;0;5;02740XXXX20022550;0.51466667;2;2;0;0;1;2;0;1;2;0;0;0
9;TRUE;4;07740XXXX17520050;0.54111111;2;2;0;0;2;0;0;2;0;0;0;0;5;07740XXXX17522550;0.568;1;1;0;0;1;1;0;1;1;0;0;0
9;FALSE;4;05240XXXX22520050;0.43466667;2;2;0;1;2;2;1;2;2;0;0;0;5;05240XXXX22520050;0.43466667;2;2;0;1;2;2;1;2;2;0;0;0
9;TRUE;4;05240XXXX22520050;0.43466667;2;2;0;1;2;2;1;2;2;0;0;0;5;05240XXXX22520050;0.43466667;2;2;0;1;2;2;1;2;2;0;0;0
9;TRUE;4;02740XXXX20022550;0.51466667;2;2;0;0;1;2;0;1;2;0;0;0;5;02740XXXX20022550;0.51466667;2;2;0;0;1;2;0;1;2;0;0;0
9;TRUE;4;02740XXXX22517550;0.52933333;1;1;0;0;1;1;0;1;1;0;0;0;5;02740XXXX20020050;0.456;2;2;0;0;0;2;0;0;2;0;0;0
10;FALSE;1;15240XXXX22520050;0.47444444;1;1;0;1;1;0;1;1;0;0;0;0;1;15240XXXX22520050;0.47444444;1;1;0;1;1;0;1;1;0;0;0;0
10;FALSE;1;12700XXXX22510000;0.56222222;1;1;0;1;1;0;1;1;0;0;0;0;1;12700XXXX22510000;0.56222222;1;1;0;1;1;0;1;1;0;0;0;0
10;FALSE;1;10242XXXX15012575;0.72;1;1;0;1;1;0;1;1;0;0;0;0;1;10242XXXX15012575;0.72;1;1;0;1;1;0;1;1;0;0;0;0
10;FALSE;1;02740XXXX10015075;0.30777778;1;1;0;1;1;0;1;1;0;0;0;0;1;02740XXXX10015075;0.30777778;1;1;0;1;1;0;1;1;0;0;0;0
10;FALSE;1;15242XXXX22515075;0.35444444;1;1;0;1;1;0;1;1;0;0;0;0;1;15242XXXX22515075;0.35444444;1;1;0;1;1;0;1;1;0;0;0;0
10;FALSE;1;02740XXXX10015075;0.30777778;1;1;0;1;1;0;1;1;0;0;0;0;2;02740XXXX10015075;0.30777778;1;1;0;1;1;0;1;1;0;0;0;0
10;FALSE;1;15240XXXX22520050;0.47444444;1;1;0;1;1;0;1;1;0;0;0;0;2;15240XXXX22520050;0.47444444;1;1;0;1;1;0;1;1;0;0;0;0
10;FALSE;1;10242XXXX15012575;0.72;1;1;0;1;1;0;1;1;0;0;0;0;2;10242XXXX15012575;0.72;1;1;0;1;1;0;1;1;0;0;0;0
10;FALSE;1;12700XXXX22510000;0.56222222;1;1;0;1;1;0;1;1;0;0;0;0;2;12700XXXX22510000;0.56222222;1;1;0;1;1;0;1;1;0;0;0;0
10;FALSE;1;15242XXXX22515075;0.35444444;1;1;0;1;1;0;1;1;0;0;0;0;2;15242XXXX22515075;0.35444444;1;1;0;1;1;0;1;1;0;0;0;0
10;TRUE;1;12700XXXX22510000;0.56222222;1;1;0;1;1;0;1;1;0;0;0;0;2;12700XXXX15015075;0.57111111;1;1;0;0;1;0;0;1;0;0;0;0
10;TRUE;1;02740XXXX10015075;0.30777778;1;1;0;1;1;0;1;1;0;0;0;0;2;00240XXXX12515075;0.47666667;1;1;0;0;1;0;0;1;0;0;0;0
10;FALSE;2;02740XXXX10015075;0.30777778;1;1;0;1;1;0;1;1;0;0;0;0;3;02740XXXX10015075;0.30777778;1;1;0;1;1;0;1;1;0;0;0;0
10;TRUE;2;12700XXXX22510000;0.56222222;1;1;0;1;1;0;1;1;0;0;0;0;3;12700XXXX15015075;0.57111111;1;1;0;0;1;0;0;1;0;0;0;0
10;FALSE;2;15240XXXX22520050;0.47444444;1;1;0;1;1;0;1;1;0;0;0;0;3;15240XXXX22520050;0.47444444;1;1;0;1;1;0;1;1;0;0;0;0
10;TRUE;2;02740XXXX10015075;0.30777778;1;1;0;1;1;0;1;1;0;0;0;0;3;00240XXXX12515075;0.47666667;1;1;0;0;1;0;0;1;0;0;0;0
10;FALSE;2;10242XXXX15012575;0.72;1;1;0;1;1;0;1;1;0;0;0;0;3;10242XXXX15012575;0.72;1;1;0;1;1;0;1;1;0;0;0;0
10;TRUE;2;02740XXXX10015075;0.30777778;1;1;0;1;1;0;1;1;0;0;0;0;3;00240XXXX12522575;0.58888889;1;1;0;0;1;0;0;1;0;0;0;0
10;TRUE;2;12700XXXX15015075;0.57111111;1;1;0;0;1;0;0;1;0;0;0;0;3;07740XXXX15020050;0.49444444;2;2;0;0;2;1;0;2;1;0;0;0
10;TRUE;2;00240XXXX12515075;0.47666667;1;1;0;0;1;0;0;1;0;0;0;0;3;00240XXXX07517575;0.54111111;1;1;0;0;1;0;0;1;0;0;0;0
10;TRUE;2;00240XXXX12515075;0.47666667;1;1;0;0;1;0;0;1;0;0;0;0;3;02740XXXX10020075;0.66222222;1;1;0;0;1;0;0;1;0;0;0;0
10;TRUE;3;12700XXXX15015075;0.57111111;1;1;0;0;1;0;0;1;0;0;0;0;4;07740XXXX15020050;0.49444444;2;2;0;0;2;1;0;2;1;0;0;0
10;FALSE;3;02740XXXX10015075;0.30777778;1;1;0;1;1;0;1;1;0;0;0;0;4;02740XXXX10015075;0.30777778;1;1;0;1;1;0;1;1;0;0;0;0
10;TRUE;3;00240XXXX12515075;0.47666667;1;1;0;0;1;0;0;1;0;0;0;0;4;02740XXXX10020075;0.66222222;1;1;0;0;1;0;0;1;0;0;0;0
10;TRUE;3;02740XXXX10015075;0.30777778;1;1;0;1;1;0;1;1;0;0;0;0;4;00240XXXX12522575;0.58888889;1;1;0;0;1;0;0;1;0;0;0;0
10;TRUE;3;00240XXXX12515075;0.47666667;1;1;0;0;1;0;0;1;0;0;0;0;4;00240XXXX07517575;0.54111111;1;1;0;0;1;0;0;1;0;0;0;0
10;TRUE;3;07740XXXX15020050;0.49444444;2;2;0;0;2;1;0;2;1;0;0;0;4;07740XXXX17520050;0.54111111;2;2;0;0;2;0;0;2;0;0;0;0
10;TRUE;3;07740XXXX15020050;0.49444444;2;2;0;0;2;1;0;2;1;0;0;0;4;07740XXXX15022550;0.39555556;2;2;0;0;2;1;0;2;1;0;0;0
10;TRUE;3;02740XXXX10015075;0.30777778;1;1;0;1;1;0;1;1;0;0;0;0;4;05240XXXX15017575;0.54111111;1;1;0;0;1;0;0;1;0;0;0;0
10;TRUE;3;02740XXXX10015075;0.30777778;1;1;0;1;1;0;1;1;0;0;0;0;4;05240XXXX10020050;0.39;2;2;0;0;2;0;0;2;0;0;0;0
10;FALSE;4;07740XXXX15020050;0.49444444;2;2;0;0;2;1;0;2;1;0;0;0;5;07740XXXX15020050;0.49444444;2;2;0;0;2;1;0;2;1;0;0;0
10;TRUE;4;07740XXXX15020050;0.49444444;2;2;0;0;2;1;0;2;1;0;0;0;5;07740XXXX15022550;0.39555556;2;2;0;0;2;1;0;2;1;0;0;0
10;TRUE;4;02740XXXX10015075;0.30777778;1;1;0;1;1;0;1;1;0;0;0;0;5;05240XXXX15017575;0.54111111;1;1;0;0;1;0;0;1;0;0;0;0
10;TRUE;4;02740XXXX10015075;0.30777778;1;1;0;1;1;0;1;1;0;0;0;0;5;05240XXXX10020050;0.39;2;2;0;0;2;0;0;2;0;0;0;0
10;TRUE;4;07740XXXX15020050;0.49444444;2;2;0;0;2;1;0;2;1;0;0;0;5;07740XXXX17520050;0.54111111;2;2;0;0;2;0;0;2;0;0;0;0
10;TRUE;4;07740XXXX15022550;0.39555556;2;2;0;0;2;1;0;2;1;0;0;0;5;07740XXXX15022550;0.39555556;2;2;0;0;2;1;0;2;1;0;0;0
10;TRUE;4;07740XXXX17520050;0.54111111;2;2;0;0;2;0;0;2;0;0;0;0;5;07740XXXX20020050;0.34111111;1;1;0;0;1;1;0;1;1;0;0;0
10;TRUE;4;07740XXXX15022550;0.39555556;2;2;0;0;2;1;0;2;1;0;0;0;5;07740XXXX12522550;0.38555556;4;4;0;0;3;4;0;3;4;0;0;0
10;TRUE;4;07740XXXX15020050;0.49444444;2;2;0;0;2;1;0;2;1;0;0;0;5;07740XXXX12522550;0.38555556;4;4;0;0;3;4;0;3;4;0;0;0
10;TRUE;5;07740XXXX15020050;0.49444444;2;2;0;0;2;1;0;2;1;0;0;0;6;07740XXXX12522550;0.38555556;4;4;0;0;3;4;0;3;4;0;0;0
10;TRUE;5;07740XXXX15022550;0.39555556;2;2;0;0;2;1;0;2;1;0;0;0;6;07740XXXX15022550;0.39555556;2;2;0;0;2;1;0;2;1;0;0;0
10;TRUE;5;07740XXXX17520050;0.54111111;2;2;0;0;2;0;0;2;0;0;0;0;6;07740XXXX20020050;0.34111111;1;1;0;0;1;1;0;1;1;0;0;0
10;TRUE;5;07740XXXX15022550;0.39555556;2;2;0;0;2;1;0;2;1;0;0;0;6;07740XXXX12522550;0.38555556;4;4;0;0;3;4;0;3;4;0;0;0
10;FALSE;5;07740XXXX15020050;0.49444444;2;2;0;0;2;1;0;2;1;0;0;0;6;07740XXXX15020050;0.49444444;2;2;0;0;2;1;0;2;1;0;0;0
10;TRUE;6;07740XXXX15020050;0.49444444;2;2;0;0;2;1;0;2;1;0;0;0;7;07740XXXX12522550;0.38555556;4;4;0;0;3;4;0;3;4;0;0;0
10;FALSE;6;07740XXXX15022550;0.39555556;2;2;0;0;2;1;0;2;1;0;0;0;7;07740XXXX15022550;0.39555556;2;2;0;0;2;1;0;2;1;0;0;0
10;FALSE;6;07740XXXX12522550;0.38555556;4;4;0;0;3;4;0;3;4;0;0;0;7;07740XXXX12522550;0.38555556;4;4;0;0;3;4;0;3;4;0;0;0
10;FALSE;6;07740XXXX20020050;0.34111111;1;1;0;0;1;1;0;1;1;0;0;0;7;07740XXXX20020050;0.34111111;1;1;0;0;1;1;0;1;1;0;0;0
10;FALSE;6;07740XXXX15020050;0.49444444;2;2;0;0;2;1;0;2;1;0;0;0;7;07740XXXX15020050;0.49444444;2;2;0;0;2;1;0;2;1;0;0;0
11;FALSE;1;07710XXXX00022525;0.59285714;1;1;0;1;1;0;1;1;0;0;0;0;1;07710XXXX00022525;0.59285714;1;1;0;1;1;0;1;1;0;0;0;0
11;FALSE;1;02700XXXX15007550;0.53857143;1;1;0;1;1;0;1;1;0;0;0;0;1;02700XXXX15007550;0.53857143;1;1;0;1;1;0;1;1;0;0;0;0
11;FALSE;1;10250XX0205012575;0.61428571;1;1;0;1;1;0;1;1;0;0;0;0;1;10250XX0205012575;0.61428571;1;1;0;1;1;0;1;1;0;0;0;0
11;FALSE;1;02740XXXX05010025;0.37142857;1;1;0;1;1;0;1;1;0;0;0;0;1;02740XXXX05010025;0.37142857;1;1;0;1;1;0;1;1;0;0;0;0
11;FALSE;1;05210XXXX07517575;0.44;1;1;0;1;1;0;1;1;0;0;0;0;1;05210XXXX07517575;0.44;1;1;0;1;1;0;1;1;0;0;0;0
11;FALSE;1;07710XXXX00022525;0.59285714;1;1;0;1;1;0;1;1;0;0;0;0;2;07710XXXX00022525;0.59285714;1;1;0;1;1;0;1;1;0;0;0;0
11;FALSE;1;02740XXXX05010025;0.37142857;1;1;0;1;1;0;1;1;0;0;0;0;2;02740XXXX05010025;0.37142857;1;1;0;1;1;0;1;1;0;0;0;0
11;FALSE;1;05210XXXX07517575;0.44;1;1;0;1;1;0;1;1;0;0;0;0;2;05210XXXX07517575;0.44;1;1;0;1;1;0;1;1;0;0;0;0
11;FALSE;1;02700XXXX15007550;0.53857143;1;1;0;1;1;0;1;1;0;0;0;0;2;02700XXXX15007550;0.53857143;1;1;0;1;1;0;1;1;0;0;0;0
11;FALSE;1;10250XX0205012575;0.61428571;1;1;0;1;1;0;1;1;0;0;0;0;2;10250XX0205012575;0.61428571;1;1;0;1;1;0;1;1;0;0;0;0
11;TRUE;1;02740XXXX05010025;0.37142857;1;1;0;1;1;0;1;1;0;0;0;0;2;00240XXXX10022500;0.53;1;1;0;0;1;0;0;1;0;0;0;0
11;TRUE;1;05210XXXX07517575;0.44;1;1;0;1;1;0;1;1;0;0;0;0;2;02741XXXX07522575;0.39;1;1;0;0;1;0;0;1;0;0;0;0
11;TRUE;1;07710XXXX00022525;0.59285714;1;1;0;1;1;0;1;1;0;0;0;0;2;00250XX0200017525;0.56;1;1;0;0;1;0;0;1;0;0;0;0
11;FALSE;2;07710XXXX00022525;0.59285714;1;1;0;1;1;0;1;1;0;0;0;0;3;07710XXXX00022525;0.59285714;1;1;0;1;1;0;1;1;0;0;0;0
11;TRUE;2;05210XXXX07517575;0.44;1;1;0;1;1;0;1;1;0;0;0;0;3;02741XXXX07522575;0.39;1;1;0;0;1;0;0;1;0;0;0;0
11;TRUE;2;02740XXXX05010025;0.37142857;1;1;0;1;1;0;1;1;0;0;0;0;3;00240XXXX10022500;0.53;1;1;0;0;1;0;0;1;0;0;0;0
11;FALSE;2;02700XXXX15007550;0.53857143;1;1;0;1;1;0;1;1;0;0;0;0;3;02700XXXX15007550;0.53857143;1;1;0;1;1;0;1;1;0;0;0;0
11;TRUE;2;07710XXXX00022525;0.59285714;1;1;0;1;1;0;1;1;0;0;0;0;3;00250XX0200017525;0.56;1;1;0;0;1;0;0;1;0;0;0;0
11;TRUE;2;02700XXXX15007550;0.53857143;1;1;0;1;1;0;1;1;0;0;0;0;3;05200XXXX17515050;0.54857143;1;1;0;0;1;1;0;1;1;0;0;0
11;TRUE;2;02741XXXX07522575;0.39;1;1;0;0;1;0;0;1;0;0;0;0;3;05240XXXX07520050;0.45142857;1;1;0;0;1;0;0;1;0;0;0;0
11;FALSE;3;07710XXXX00022525;0.59285714;1;1;0;1;1;0;1;1;0;0;0;0;4;07710XXXX00022525;0.59285714;1;1;0;1;1;0;1;1;0;0;0;0
11;TRUE;3;02741XXXX07522575;0.39;1;1;0;0;1;0;0;1;0;0;0;0;4;05240XXXX07520050;0.45142857;1;1;0;0;1;0;0;1;0;0;0;0
11;TRUE;3;02700XXXX15007550;0.53857143;1;1;0;1;1;0;1;1;0;0;0;0;4;05200XXXX17515050;0.54857143;1;1;0;0;1;1;0;1;1;0;0;0
11;FALSE;3;00240XXXX10022500;0.53;1;1;0;0;1;0;0;1;0;0;0;0;4;00240XXXX10022500;0.53;1;1;0;0;1;0;0;1;0;0;0;0
11;FALSE;3;02741XXXX07522575;0.39;1;1;0;0;1;0;0;1;0;0;0;0;4;02741XXXX07522575;0.39;1;1;0;0;1;0;0;1;0;0;0;0
11;TRUE;3;00240XXXX10022500;0.53;1;1;0;0;1;0;0;1;0;0;0;0;4;02710XXXX12522500;0.48428571;1;1;0;0;1;1;0;1;1;0;0;0
11;TRUE;3;05200XXXX17515050;0.54857143;1;1;0;0;1;1;0;1;1;0;0;0;4;00200XXXX20015025;0.56;1;1;0;0;1;0;0;1;0;0;0;0
11;TRUE;3;05240XXXX07520050;0.45142857;1;1;0;0;1;0;0;1;0;0;0;0;4;07740XXXX10022525;0.41142857;2;2;0;0;2;2;0;2;2;0;0;0
11;FALSE;4;05200XXXX17515050;0.54857143;1;1;0;0;1;1;0;1;1;0;0;0;5;05200XXXX17515050;0.54857143;1;1;0;0;1;1;0;1;1;0;0;0
11;TRUE;4;05240XXXX07520050;0.45142857;1;1;0;0;1;0;0;1;0;0;0;0;5;07740XXXX10022525;0.41142857;2;2;0;0;2;2;0;2;2;0;0;0
11;TRUE;4;05200XXXX17515050;0.54857143;1;1;0;0;1;1;0;1;1;0;0;0;5;00200XXXX20015025;0.56;1;1;0;0;1;0;0;1;0;0;0;0
11;TRUE;4;00240XXXX10022500;0.53;1;1;0;0;1;0;0;1;0;0;0;0;5;02710XXXX12522500;0.48428571;1;1;0;0;1;1;0;1;1;0;0;0
11;FALSE;4;00240XXXX10022500;0.53;1;1;0;0;1;0;0;1;0;0;0;0;5;00240XXXX10022500;0.53;1;1;0;0;1;0;0;1;0;0;0;0
11;TRUE;4;07740XXXX10022525;0.41142857;2;2;0;0;2;2;0;2;2;0;0;0;5;05240XXXX10022525;0.46857143;1;1;0;0;1;1;0;1;1;0;0;0
11;TRUE;4;07740XXXX10022525;0.41142857;2;2;0;0;2;2;0;2;2;0;0;0;5;07740XXXX10022525;0.41142857;2;2;0;0;2;2;0;2;2;0;0;0
11;FALSE;5;05200XXXX17515050;0.54857143;1;1;0;0;1;1;0;1;1;0;0;0;6;05200XXXX17515050;0.54857143;1;1;0;0;1;1;0;1;1;0;0;0
11;TRUE;5;07740XXXX10022525;0.41142857;2;2;0;0;2;2;0;2;2;0;0;0;6;05240XXXX10022525;0.46857143;1;1;0;0;1;1;0;1;1;0;0;0
11;TRUE;5;00240XXXX10022500;0.53;1;1;0;0;1;0;0;1;0;0;0;0;6;02710XXXX12522500;0.48428571;1;1;0;0;1;1;0;1;1;0;0;0
11;TRUE;5;07740XXXX10022525;0.41142857;2;2;0;0;2;2;0;2;2;0;0;0;6;07740XXXX10022525;0.41142857;2;2;0;0;2;2;0;2;2;0;0;0
11;FALSE;5;07740XXXX10022525;0.41142857;2;2;0;0;2;2;0;2;2;0;0;0;6;07740XXXX10022525;0.41142857;2;2;0;0;2;2;0;2;2;0;0;0
12;FALSE;1;02712XXXX17522550;0.54947368;1;1;0;1;1;0;1;1;0;0;0;0;1;02712XXXX17522550;0.54947368;1;1;0;1;1;0;1;1;0;0;0;0
12;FALSE;1;02700XXXX20017575;0.41684211;1;1;0;1;1;0;1;1;0;0;0;0;1;02700XXXX20017575;0.41684211;1;1;0;1;1;0;1;1;0;0;0;0
12;FALSE;1;17700XXXX22512550;0.70421053;1;1;0;1;1;0;1;1;0;0;0;0;1;17700XXXX22512550;0.70421053;1;1;0;1;1;0;1;1;0;0;0;0
12;FALSE;1;10240XXXX22520025;0.4;2;2;0;1;2;0;1;2;0;0;0;0;1;10240XXXX22520025;0.4;2;2;0;1;2;0;1;2;0;0;0;0
12;FALSE;1;07700XXXX05017525;0.51684211;1;1;0;1;1;0;1;1;0;0;0;0;1;07700XXXX05017525;0.51684211;1;1;0;1;1;0;1;1;0;0;0;0
12;FALSE;1;10240XXXX22520025;0.4;2;2;0;1;2;0;1;2;0;0;0;0;2;10240XXXX22520025;0.4;2;2;0;1;2;0;1;2;0;0;0;0
12;FALSE;1;02712XXXX17522550;0.54947368;1;1;0;1;1;0;1;1;0;0;0;0;2;02712XXXX17522550;0.54947368;1;1;0;1;1;0;1;1;0;0;0;0
12;FALSE;1;17700XXXX22512550;0.70421053;1;1;0;1;1;0;1;1;0;0;0;0;2;17700XXXX22512550;0.70421053;1;1;0;1;1;0;1;1;0;0;0;0
12;FALSE;1;02700XXXX20017575;0.41684211;1;1;0;1;1;0;1;1;0;0;0;0;2;02700XXXX20017575;0.41684211;1;1;0;1;1;0;1;1;0;0;0;0
12;FALSE;1;07700XXXX05017525;0.51684211;1;1;0;1;1;0;1;1;0;0;0;0;2;07700XXXX05017525;0.51684211;1;1;0;1;1;0;1;1;0;0;0;0
12;TRUE;1;10240XXXX22520025;0.4;2;2;0;1;2;0;1;2;0;0;0;0;2;07740XXXX17515025;0.56421053;1;1;0;0;1;0;0;1;0;0;0;0
12;TRUE;1;10240XXXX22520025;0.4;2;2;0;1;2;0;1;2;0;0;0;0;2;10240XXXX20022500;0.49578947;1;1;0;0;1;0;0;1;0;0;0;0
12;TRUE;1;02712XXXX17522550;0.54947368;1;1;0;1;1;0;1;1;0;0;0;0;2;00210XXXX20020025;0.57157895;1;1;0;0;1;0;0;1;0;0;0;0
12;TRUE;1;10240XXXX22520025;0.4;2;2;0;1;2;0;1;2;0;0;0;0;2;05240XXXX22517525;0.31052632;1;1;0;0;1;0;0;1;0;0;0;0
12;TRUE;2;10240XXXX22520025;0.4;2;2;0;1;2;0;1;2;0;0;0;0;3;07740XXXX17515025;0.56421053;1;1;0;0;1;0;0;1;0;0;0;0
12;FALSE;2;10240XXXX22520025;0.4;2;2;0;1;2;0;1;2;0;0;0;0;3;10240XXXX22520025;0.4;2;2;0;1;2;0;1;2;0;0;0;0
12;TRUE;2;02712XXXX17522550;0.54947368;1;1;0;1;1;0;1;1;0;0;0;0;3;00210XXXX20020025;0.57157895;1;1;0;0;1;0;0;1;0;0;0;0
12;TRUE;2;10240XXXX22520025;0.4;2;2;0;1;2;0;1;2;0;0;0;0;3;10240XXXX20022500;0.49578947;1;1;0;0;1;0;0;1;0;0;0;0
12;TRUE;2;10240XXXX22520025;0.4;2;2;0;1;2;0;1;2;0;0;0;0;3;05240XXXX22517525;0.31052632;1;1;0;0;1;0;0;1;0;0;0;0
12;TRUE;2;00210XXXX20020025;0.57157895;1;1;0;0;1;0;0;1;0;0;0;0;3;02710XXXX17517550;0.73578947;1;1;0;0;1;0;0;1;0;0;0;0
12;TRUE;2;10240XXXX22520025;0.4;2;2;0;1;2;0;1;2;0;0;0;0;3;07740XXXX22520050;0.57157895;1;1;0;0;1;0;0;1;0;0;0;0
12;FALSE;3;10240XXXX22520025;0.4;2;2;0;1;2;0;1;2;0;0;0;0;4;10240XXXX22520025;0.4;2;2;0;1;2;0;1;2;0;0;0;0
12;TRUE;3;10240XXXX22520025;0.4;2;2;0;1;2;0;1;2;0;0;0;0;4;07740XXXX22520050;0.57157895;1;1;0;0;1;0;0;1;0;0;0;0
12;TRUE;3;10240XXXX22520025;0.4;2;2;0;1;2;0;1;2;0;0;0;0;4;07740XXXX17515025;0.56421053;1;1;0;0;1;0;0;1;0;0;0;0
12;TRUE;3;00210XXXX20020025;0.57157895;1;1;0;0;1;0;0;1;0;0;0;0;4;02710XXXX17517550;0.73578947;1;1;0;0;1;0;0;1;0;0;0;0
12;FALSE;3;00210XXXX20020025;0.57157895;1;1;0;0;1;0;0;1;0;0;0;0;4;00210XXXX20020025;0.57157895;1;1;0;0;1;0;0;1;0;0;0;0
12;TRUE;3;07740XXXX22520050;0.57157895;1;1;0;0;1;0;0;1;0;0;0;0;4;10240XXXX22522550;0.38631579;3;3;0;0;3;1;0;3;1;0;0;0
12;TRUE;3;10240XXXX22520025;0.4;2;2;0;1;2;0;1;2;0;0;0;0;4;10240XXXX22522550;0.38631579;3;3;0;0;3;1;0;3;1;0;0;0
12;TRUE;3;10240XXXX22520025;0.4;2;2;0;1;2;0;1;2;0;0;0;0;4;07740XXXX20022525;0.40952381;6;6;0;0;5;5;0;5;5;0;0;0
12;TRUE;3;10240XXXX22520025;0.4;2;2;0;1;2;0;1;2;0;0;0;0;4;10240XXXX22522550;0.38631579;3;3;0;0;3;1;0;3;1;0;0;0
12;TRUE;3;10240XXXX22520025;0.4;2;2;0;1;2;0;1;2;0;0;0;0;4;12740XXXX17522550;0.35368421;5;5;0;0;4;3;0;4;3;0;0;0
12;TRUE;4;10240XXXX22520025;0.4;2;2;0;1;2;0;1;2;0;0;0;0;5;10240XXXX22522550;0.38631579;3;3;0;0;3;1;0;3;1;0;0;0
12;TRUE;4;10240XXXX22520025;0.4;2;2;0;1;2;0;1;2;0;0;0;0;5;12740XXXX17522550;0.35368421;5;5;0;0;4;3;0;4;3;0;0;0
12;TRUE;4;10240XXXX22520025;0.4;2;2;0;1;2;0;1;2;0;0;0;0;5;07740XXXX20022525;0.40952381;6;6;0;0;5;5;0;5;5;0;0;0
12;TRUE;4;07740XXXX22520050;0.57157895;1;1;0;0;1;0;0;1;0;0;0;0;5;10240XXXX22522550;0.38631579;3;3;0;0;3;1;0;3;1;0;0;0
12;TRUE;4;10240XXXX22520025;0.4;2;2;0;1;2;0;1;2;0;0;0;0;5;10240XXXX22522550;0.38631579;3;3;0;0;3;1;0;3;1;0;0;0
12;TRUE;4;12740XXXX17522550;0.35368421;5;5;0;0;4;3;0;4;3;0;0;0;5;12740XXXX17522550;0.35368421;5;5;0;0;4;3;0;4;3;0;0;0
12;TRUE;4;07740XXXX20022525;0.40952381;6;6;0;0;5;5;0;5;5;0;0;0;5;07740XXXX22522525;0.28;3;3;0;0;3;3;0;3;3;0;0;0
12;TRUE;4;07740XXXX20022525;0.40952381;6;6;0;0;5;5;0;5;5;0;0;0;5;07740XXXX20022525;0.40952381;6;6;0;0;5;5;0;5;5;0;0;0
12;TRUE;4;10240XXXX22522550;0.38631579;3;3;0;0;3;1;0;3;1;0;0;0;5;07740XXXX22522525;0.28;3;3;0;0;3;3;0;3;3;0;0;0
12;FALSE;5;10240XXXX22522550;0.38631579;3;3;0;0;3;1;0;3;1;0;0;0;6;10240XXXX22522550;0.38631579;3;3;0;0;3;1;0;3;1;0;0;0
12;TRUE;5;12740XXXX17522550;0.35368421;5;5;0;0;4;3;0;4;3;0;0;0;6;12740XXXX17522550;0.35368421;5;5;0;0;4;3;0;4;3;0;0;0
12;TRUE;5;10240XXXX22522550;0.38631579;3;3;0;0;3;1;0;3;1;0;0;0;6;07740XXXX22522525;0.28;3;3;0;0;3;3;0;3;3;0;0;0
12;TRUE;5;07740XXXX20022525;0.40952381;6;6;0;0;5;5;0;5;5;0;0;0;6;07740XXXX22522525;0.28;3;3;0;0;3;3;0;3;3;0;0;0
12;TRUE;5;07740XXXX20022525;0.40952381;6;6;0;0;5;5;0;5;5;0;0;0;6;07740XXXX20022525;0.40952381;6;6;0;0;5;5;0;5;5;0;0;0
13;FALSE;1;12740XXXX12515000;0.46111111;1;1;0;1;1;0;1;1;0;0;0;0;1;12740XXXX12515000;0.46111111;1;1;0;1;1;0;1;1;0;0;0;0
13;FALSE;1;10252XX0217522550;0.52111111;1;1;0;1;1;0;1;1;0;0;0;0;1;10252XX0217522550;0.52111111;1;1;0;1;1;0;1;1;0;0;0;0
13;FALSE;1;12750XX0215017575;0.44777778;1;1;0;1;1;0;1;1;0;0;0;0;1;12750XX0215017575;0.44777778;1;1;0;1;1;0;1;1;0;0;0;0
13;FALSE;1;05212XXXX20015025;0.74222222;1;1;0;1;1;0;1;1;0;0;0;0;1;05212XXXX20015025;0.74222222;1;1;0;1;1;0;1;1;0;0;0;0
13;FALSE;1;02720XXXX22520025;0.30555556;1;1;0;1;1;0;1;1;0;0;0;0;1;02720XXXX22520025;0.30555556;1;1;0;1;1;0;1;1;0;0;0;0
13;FALSE;1;02720XXXX22520025;0.30555556;1;1;0;1;1;0;1;1;0;0;0;0;2;02720XXXX22520025;0.30555556;1;1;0;1;1;0;1;1;0;0;0;0
13;FALSE;1;05212XXXX20015025;0.74222222;1;1;0;1;1;0;1;1;0;0;0;0;2;05212XXXX20015025;0.74222222;1;1;0;1;1;0;1;1;0;0;0;0
13;FALSE;1;10252XX0217522550;0.52111111;1;1;0;1;1;0;1;1;0;0;0;0;2;10252XX0217522550;0.52111111;1;1;0;1;1;0;1;1;0;0;0;0
13;FALSE;1;12740XXXX12515000;0.46111111;1;1;0;1;1;0;1;1;0;0;0;0;2;12740XXXX12515000;0.46111111;1;1;0;1;1;0;1;1;0;0;0;0
13;FALSE;1;12750XX0215017575;0.44777778;1;1;0;1;1;0;1;1;0;0;0;0;2;12750XX0215017575;0.44777778;1;1;0;1;1;0;1;1;0;0;0;0
13;TRUE;1;10252XX0217522550;0.52111111;1;1;0;1;1;0;1;1;0;0;0;0;2;00241XXXX12517550;0.47666667;1;1;0;0;1;0;0;1;0;0;0;0
13;TRUE;1;05212XXXX20015025;0.74222222;1;1;0;1;1;0;1;1;0;0;0;0;2;00202XXXX17520050;0.49555556;1;1;0;0;1;0;0;1;0;0;0;0
13;TRUE;1;05212XXXX20015025;0.74222222;1;1;0;1;1;0;1;1;0;0;0;0;2;07710XXXX20022525;0.46333333;1;1;0;0;1;0;0;1;0;0;0;0
13;TRUE;1;02720XXXX22520025;0.30555556;1;1;0;1;1;0;1;1;0;0;0;0;2;00201XXXX20007525;0.34;1;1;0;0;1;0;0;1;0;0;0;0
13;TRUE;1;10252XX0217522550;0.52111111;1;1;0;1;1;0;1;1;0;0;0;0;2;05240XXXX22515050;0.62777778;1;1;0;0;1;0;0;1;0;0;0;0
13;TRUE;2;10252XX0217522550;0.52111111;1;1;0;1;1;0;1;1;0;0;0;0;3;05240XXXX22515050;0.62777778;1;1;0;0;1;0;0;1;0;0;0;0
13;TRUE;2;05212XXXX20015025;0.74222222;1;1;0;1;1;0;1;1;0;0;0;0;3;07710XXXX20022525;0.46333333;1;1;0;0;1;0;0;1;0;0;0;0
13;TRUE;2;05212XXXX20015025;0.74222222;1;1;0;1;1;0;1;1;0;0;0;0;3;00202XXXX17520050;0.49555556;1;1;0;0;1;0;0;1;0;0;0;0
13;TRUE;2;02720XXXX22520025;0.30555556;1;1;0;1;1;0;1;1;0;0;0;0;3;00201XXXX20007525;0.34;1;1;0;0;1;0;0;1;0;0;0;0
13;TRUE;2;10252XX0217522550;0.52111111;1;1;0;1;1;0;1;1;0;0;0;0;3;00241XXXX12517550;0.47666667;1;1;0;0;1;0;0;1;0;0;0;0
13;TRUE;2;05240XXXX22515050;0.62777778;1;1;0;0;1;0;0;1;0;0;0;0;3;05240XXXX20015025;0.75444444;1;1;0;0;1;1;0;1;1;0;0;0
13;FALSE;3;05240XXXX22515050;0.62777778;1;1;0;0;1;0;0;1;0;0;0;0;4;05240XXXX22515050;0.62777778;1;1;0;0;1;0;0;1;0;0;0;0
13;FALSE;3;00202XXXX17520050;0.49555556;1;1;0;0;1;0;0;1;0;0;0;0;4;00202XXXX17520050;0.49555556;1;1;0;0;1;0;0;1;0;0;0;0
13;FALSE;3;00241XXXX12517550;0.47666667;1;1;0;0;1;0;0;1;0;0;0;0;4;00241XXXX12517550;0.47666667;1;1;0;0;1;0;0;1;0;0;0;0
13;TRUE;3;05240XXXX22515050;0.62777778;1;1;0;0;1;0;0;1;0;0;0;0;4;05240XXXX20015025;0.75444444;1;1;0;0;1;1;0;1;1;0;0;0
13;FALSE;3;07710XXXX20022525;0.46333333;1;1;0;0;1;0;0;1;0;0;0;0;4;07710XXXX20022525;0.46333333;1;1;0;0;1;0;0;1;0;0;0;0
13;TRUE;3;00202XXXX17520050;0.49555556;1;1;0;0;1;0;0;1;0;0;0;0;4;00210XXXX12520025;0.46666667;1;1;0;0;1;1;0;1;1;0;0;0
13;TRUE;3;07710XXXX20022525;0.46333333;1;1;0;0;1;0;0;1;0;0;0;0;4;10210XXXX20020025;0.40444444;1;1;0;0;1;0;0;1;0;0;0;0
13;TRUE;3;05240XXXX22515050;0.62777778;1;1;0;0;1;0;0;1;0;0;0;0;4;10240XXXX20017550;0.42555556;1;1;0;0;1;0;0;1;0;0;0;0
13;TRUE;3;05240XXXX22515050;0.62777778;1;1;0;0;1;0;0;1;0;0;0;0;4;10240XXXX22517550;0.55333333;1;1;0;0;1;0;0;1;0;0;0;0
13;TRUE;4;00202XXXX17520050;0.49555556;1;1;0;0;1;0;0;1;0;0;0;0;5;00210XXXX12520025;0.46666667;1;1;0;0;1;1;0;1;1;0;0;0
13;TRUE;4;07710XXXX20022525;0.46333333;1;1;0;0;1;0;0;1;0;0;0;0;5;10210XXXX20020025;0.40444444;1;1;0;0;1;0;0;1;0;0;0;0
13;TRUE;4;05240XXXX22515050;0.62777778;1;1;0;0;1;0;0;1;0;0;0;0;5;10240XXXX20017550;0.42555556;1;1;0;0;1;0;0;1;0;0;0;0
13;TRUE;4;05240XXXX22515050;0.62777778;1;1;0;0;1;0;0;1;0;0;0;0;5;05240XXXX20015025;0.75444444;1;1;0;0;1;1;0;1;1;0;0;0
13;TRUE;4;05240XXXX22515050;0.62777778;1;1;0;0;1;0;0;1;0;0;0;0;5;10240XXXX22517550;0.55333333;1;1;0;0;1;0;0;1;0;0;0;0
13;TRUE;4;00210XXXX12520025;0.46666667;1;1;0;0;1;1;0;1;1;0;0;0;5;00210XXXX15022525;0.34888889;1;1;0;0;1;1;0;1;1;0;0;0
13;TRUE;4;10210XXXX20020025;0.40444444;1;1;0;0;1;0;0;1;0;0;0;0;5;07710XXXX22522500;0.33666667;1;1;0;0;1;1;0;1;1;0;0;0
13;TRUE;4;00210XXXX12520025;0.46666667;1;1;0;0;1;1;0;1;1;0;0;0;5;02710XXXX15022525;0.58222222;1;1;0;0;1;1;0;1;1;0;0;0
13;TRUE;5;00210XXXX12520025;0.46666667;1;1;0;0;1;1;0;1;1;0;0;0;6;00210XXXX15022525;0.34888889;1;1;0;0;1;1;0;1;1;0;0;0
13;TRUE;5;10210XXXX20020025;0.40444444;1;1;0;0;1;0;0;1;0;0;0;0;6;07710XXXX22522500;0.33666667;1;1;0;0;1;1;0;1;1;0;0;0
13;TRUE;5;00210XXXX12520025;0.46666667;1;1;0;0;1;1;0;1;1;0;0;0;6;02710XXXX15022525;0.58222222;1;1;0;0;1;1;0;1;1;0;0;0
13;FALSE;5;00210XXXX12520025;0.46666667;1;1;0;0;1;1;0;1;1;0;0;0;6;00210XXXX12520025;0.46666667;1;1;0;0;1;1;0;1;1;0;0;0
13;FALSE;5;05240XXXX20015025;0.75444444;1;1;0;0;1;1;0;1;1;0;0;0;6;05240XXXX20015025;0.75444444;1;1;0;0;1;1;0;1;1;0;0;0
13;TRUE;5;00210XXXX15022525;0.34888889;1;1;0;0;1;1;0;1;1;0;0;0;6;00200XXXX15022525;0.74666667;1;1;0;0;0;1;0;0;1;0;0;0
14;FALSE;1;12710XXXX17512500;0.55904762;1;1;0;1;1;0;1;1;0;0;0;0;1;12710XXXX17512500;0.55904762;1;1;0;1;1;0;1;1;0;0;0;0
14;FALSE;1;05220XXXX17510050;0.4952381;1;1;0;1;1;0;1;1;0;0;0;0;1;05220XXXX17510050;0.4952381;1;1;0;1;1;0;1;1;0;0;0;0
14;FALSE;1;05242XXXX12515075;0.35904762;1;1;0;1;1;0;1;1;0;0;0;0;1;05242XXXX12515075;0.35904762;1;1;0;1;1;0;1;1;0;0;0;0
14;FALSE;1;00221XXXX17510050;0.42952381;1;1;0;1;1;0;1;1;0;0;0;0;1;00221XXXX17510050;0.42952381;1;1;0;1;1;0;1;1;0;0;0;0
14;FALSE;1;17740XXXX10012550;0.33238095;1;1;0;1;1;0;1;1;0;0;0;0;1;17740XXXX10012550;0.33238095;1;1;0;1;1;0;1;1;0;0;0;0
14;FALSE;1;12710XXXX17512500;0.55904762;1;1;0;1;1;0;1;1;0;0;0;0;2;12710XXXX17512500;0.55904762;1;1;0;1;1;0;1;1;0;0;0;0
14;FALSE;1;05242XXXX12515075;0.35904762;1;1;0;1;1;0;1;1;0;0;0;0;2;05242XXXX12515075;0.35904762;1;1;0;1;1;0;1;1;0;0;0;0
14;FALSE;1;00221XXXX17510050;0.42952381;1;1;0;1;1;0;1;1;0;0;0;0;2;00221XXXX17510050;0.42952381;1;1;0;1;1;0;1;1;0;0;0;0
14;FALSE;1;17740XXXX10012550;0.33238095;1;1;0;1;1;0;1;1;0;0;0;0;2;17740XXXX10012550;0.33238095;1;1;0;1;1;0;1;1;0;0;0;0
14;FALSE;1;05220XXXX17510050;0.4952381;1;1;0;1;1;0;1;1;0;0;0;0;2;05220XXXX17510050;0.4952381;1;1;0;1;1;0;1;1;0;0;0;0
14;TRUE;1;05242XXXX12515075;0.35904762;1;1;0;1;1;0;1;1;0;0;0;0;2;12700XXXX17512550;0.4847619;1;1;0;0;1;0;0;1;0;0;0;0
14;TRUE;1;05242XXXX12515075;0.35904762;1;1;0;1;1;0;1;1;0;0;0;0;2;00221XXXX10010075;0.41428571;1;1;0;0;1;0;0;1;0;0;0;0
14;TRUE;1;12710XXXX17512500;0.55904762;1;1;0;1;1;0;1;1;0;0;0;0;2;12750XX0217510025;0.40952381;1;1;0;0;1;0;0;1;0;0;0;0
14;TRUE;1;05242XXXX12515075;0.35904762;1;1;0;1;1;0;1;1;0;0;0;0;2;07742XXXX17520075;0.50285714;1;1;0;0;1;0;0;1;0;0;0;0
14;TRUE;2;05242XXXX12515075;0.35904762;1;1;0;1;1;0;1;1;0;0;0;0;3;07742XXXX17520075;0.50285714;1;1;0;0;1;0;0;1;0;0;0;0
14;FALSE;2;05242XXXX12515075;0.35904762;1;1;0;1;1;0;1;1;0;0;0;0;3;05242XXXX12515075;0.35904762;1;1;0;1;1;0;1;1;0;0;0;0
14;TRUE;2;12710XXXX17512500;0.55904762;1;1;0;1;1;0;1;1;0;0;0;0;3;12750XX0217510025;0.40952381;1;1;0;0;1;0;0;1;0;0;0;0
14;TRUE;2;05242XXXX12515075;0.35904762;1;1;0;1;1;0;1;1;0;0;0;0;3;00221XXXX10010075;0.41428571;1;1;0;0;1;0;0;1;0;0;0;0
14;TRUE;2;05242XXXX12515075;0.35904762;1;1;0;1;1;0;1;1;0;0;0;0;3;12700XXXX17512550;0.4847619;1;1;0;0;1;0;0;1;0;0;0;0
14;TRUE;2;05242XXXX12515075;0.35904762;1;1;0;1;1;0;1;1;0;0;0;0;3;02740XXXX17517550;0.64285714;1;1;0;0;1;0;0;1;0;0;0;0
14;TRUE;2;07742XXXX17520075;0.50285714;1;1;0;0;1;0;0;1;0;0;0;0;3;10242XXXX25022575;0.65428571;1;1;0;0;1;0;0;1;0;0;0;0
14;TRUE;2;07742XXXX17520075;0.50285714;1;1;0;0;1;0;0;1;0;0;0;0;3;07742XXXX20022575;0.50571429;1;1;0;0;1;0;0;1;0;0;0;0
14;TRUE;2;00221XXXX10010075;0.41428571;1;1;0;0;1;0;0;1;0;0;0;0;3;00211XXXX07510050;0.44761905;1;1;0;0;1;0;0;1;0;0;0;0
14;TRUE;3;07742XXXX17520075;0.50285714;1;1;0;0;1;0;0;1;0;0;0;0;4;10242XXXX25022575;0.65428571;1;1;0;0;1;0;0;1;0;0;0;0
14;TRUE;3;05242XXXX12515075;0.35904762;1;1;0;1;1;0;1;1;0;0;0;0;4;07742XXXX17520075;0.50285714;1;1;0;0;1;0;0;1;0;0;0;0
14;TRUE;3;05242XXXX12515075;0.35904762;1;1;0;1;1;0;1;1;0;0;0;0;4;02740XXXX17517550;0.64285714;1;1;0;0;1;0;0;1;0;0;0;0
14;TRUE;3;07742XXXX17520075;0.50285714;1;1;0;0;1;0;0;1;0;0;0;0;4;07742XXXX20022575;0.50571429;1;1;0;0;1;0;0;1;0;0;0;0
14;TRUE;3;00221XXXX10010075;0.41428571;1;1;0;0;1;0;0;1;0;0;0;0;4;00211XXXX07510050;0.44761905;1;1;0;0;1;0;0;1;0;0;0;0
14;TRUE;3;10242XXXX25022575;0.65428571;1;1;0;0;1;0;0;1;0;0;0;0;4;07742XXXX22522575;0.57904762;1;1;0;0;1;1;0;1;1;0;0;0
14;TRUE;3;02740XXXX17517550;0.64285714;1;1;0;0;1;0;0;1;0;0;0;0;4;02740XXXX15020050;0.55714286;1;1;0;0;1;1;0;1;1;0;0;0
14;TRUE;3;10242XXXX25022575;0.65428571;1;1;0;0;1;0;0;1;0;0;0;0;4;12742XXXX22520075;0.54761905;1;1;0;0;1;0;0;1;0;0;0;0
14;TRUE;3;07742XXXX17520075;0.50285714;1;1;0;0;1;0;0;1;0;0;0;0;4;10242XXXX17522575;0.62571429;1;1;0;0;1;0;0;1;0;0;0;0
14;TRUE;4;07742XXXX17520075;0.50285714;1;1;0;0;1;0;0;1;0;0;0;0;5;10242XXXX17522575;0.62571429;1;1;0;0;1;0;0;1;0;0;0;0
14;TRUE;4;02740XXXX17517550;0.64285714;1;1;0;0;1;0;0;1;0;0;0;0;5;02740XXXX15020050;0.55714286;1;1;0;0;1;1;0;1;1;0;0;0
14;TRUE;4;07742XXXX17520075;0.50285714;1;1;0;0;1;0;0;1;0;0;0;0;5;10242XXXX25022575;0.65428571;1;1;0;0;1;0;0;1;0;0;0;0
14;TRUE;4;10242XXXX25022575;0.65428571;1;1;0;0;1;0;0;1;0;0;0;0;5;07742XXXX22522575;0.57904762;1;1;0;0;1;1;0;1;1;0;0;0
14;TRUE;4;10242XXXX25022575;0.65428571;1;1;0;0;1;0;0;1;0;0;0;0;5;12742XXXX22520075;0.54761905;1;1;0;0;1;0;0;1;0;0;0;0
14;TRUE;4;07742XXXX22522575;0.57904762;1;1;0;0;1;1;0;1;1;0;0;0;5;07742XXXX22520075;0.49238095;1;1;0;0;1;1;0;1;1;0;0;0
14;TRUE;4;02740XXXX15020050;0.55714286;1;1;0;0;1;1;0;1;1;0;0;0;5;05240XXXX15020050;0.44380952;3;3;0;0;2;2;0;2;2;0;0;0
14;TRUE;4;02740XXXX15020050;0.55714286;1;1;0;0;1;1;0;1;1;0;0;0;5;02740XXXX17520050;0.52952381;1;1;0;0;1;1;0;1;1;0;0;0
14;TRUE;5;10242XXXX25022575;0.65428571;1;1;0;0;1;0;0;1;0;0;0;0;6;07742XXXX22522575;0.57904762;1;1;0;0;1;1;0;1;1;0;0;0
14;FALSE;5;02740XXXX15020050;0.55714286;1;1;0;0;1;1;0;1;1;0;0;0;6;02740XXXX15020050;0.55714286;1;1;0;0;1;1;0;1;1;0;0;0
14;TRUE;5;02740XXXX15020050;0.55714286;1;1;0;0;1;1;0;1;1;0;0;0;6;02740XXXX17520050;0.52952381;1;1;0;0;1;1;0;1;1;0;0;0
14;TRUE;5;07742XXXX22522575;0.57904762;1;1;0;0;1;1;0;1;1;0;0;0;6;07742XXXX22520075;0.49238095;1;1;0;0;1;1;0;1;1;0;0;0
14;TRUE;5;02740XXXX15020050;0.55714286;1;1;0;0;1;1;0;1;1;0;0;0;6;05240XXXX15020050;0.44380952;3;3;0;0;2;2;0;2;2;0;0;0
14;TRUE;5;07742XXXX22522575;0.57904762;1;1;0;0;1;1;0;1;1;0;0;0;6;07742XXXX22522550;0.50952381;1;1;0;0;0;1;0;0;1;0;0;0
14;TRUE;5;02740XXXX15020050;0.55714286;1;1;0;0;1;1;0;1;1;0;0;0;6;05240XXXX15020050;0.44380952;3;3;0;0;2;2;0;2;2;0;0;0
15;FALSE;1;17740XXXX15022525;0.375;3;3;0;1;2;2;1;2;2;0;0;0;1;17740XXXX15022525;0.375;3;3;0;1;2;2;1;2;2;0;0;0
15;FALSE;1;02751XX0210017550;0.59;1;1;0;1;1;0;1;1;0;0;0;0;1;02751XX0210017550;0.59;1;1;0;1;1;0;1;1;0;0;0;0
15;FALSE;1;05242XXXX05020025;0.73625;1;1;0;1;1;0;1;1;0;0;0;0;1;05242XXXX05020025;0.73625;1;1;0;1;1;0;1;1;0;0;0;0
15;FALSE;1;05251XX1017507550;0.65375;1;1;0;1;1;0;1;1;0;0;0;0;1;05251XX1017507550;0.65375;1;1;0;1;1;0;1;1;0;0;0;0
15;FALSE;1;02700XXXX07502525;0.34875;1;1;0;1;1;0;1;1;0;0;0;0;1;02700XXXX07502525;0.34875;1;1;0;1;1;0;1;1;0;0;0;0
15;FALSE;1;17740XXXX15022525;0.375;3;3;0;1;2;2;1;2;2;0;0;0;2;17740XXXX15022525;0.375;3;3;0;1;2;2;1;2;2;0;0;0
15;FALSE;1;05242XXXX05020025;0.73625;1;1;0;1;1;0;1;1;0;0;0;0;2;05242XXXX05020025;0.73625;1;1;0;1;1;0;1;1;0;0;0;0
15;FALSE;1;05251XX1017507550;0.65375;1;1;0;1;1;0;1;1;0;0;0;0;2;05251XX1017507550;0.65375;1;1;0;1;1;0;1;1;0;0;0;0
15;FALSE;1;02751XX0210017550;0.59;1;1;0;1;1;0;1;1;0;0;0;0;2;02751XX0210017550;0.59;1;1;0;1;1;0;1;1;0;0;0;0
15;FALSE;1;02700XXXX07502525;0.34875;1;1;0;1;1;0;1;1;0;0;0;0;2;02700XXXX07502525;0.34875;1;1;0;1;1;0;1;1;0;0;0;0
15;TRUE;1;05242XXXX05020025;0.73625;1;1;0;1;1;0;1;1;0;0;0;0;2;02740XXXX20015025;0.46125;1;1;0;0;1;0;0;1;0;0;0;0
15;TRUE;1;02700XXXX07502525;0.34875;1;1;0;1;1;0;1;1;0;0;0;0;2;02700XXXX05020000;0.4225;1;1;0;0;1;0;0;1;0;0;0;0
15;TRUE;1;05242XXXX05020025;0.73625;1;1;0;1;1;0;1;1;0;0;0;0;2;05212XXXX20020025;0.3625;1;1;0;0;1;0;0;1;0;0;0;0
15;FALSE;2;17740XXXX15022525;0.375;3;3;0;1;2;2;1;2;2;0;0;0;3;17740XXXX15022525;0.375;3;3;0;1;2;2;1;2;2;0;0;0
15;FALSE;2;05242XXXX05020025;0.73625;1;1;0;1;1;0;1;1;0;0;0;0;3;05242XXXX05020025;0.73625;1;1;0;1;1;0;1;1;0;0;0;0
15;TRUE;2;05242XXXX05020025;0.73625;1;1;0;1;1;0;1;1;0;0;0;0;3;02740XXXX20015025;0.46125;1;1;0;0;1;0;0;1;0;0;0;0
15;TRUE;2;05242XXXX05020025;0.73625;1;1;0;1;1;0;1;1;0;0;0;0;3;05212XXXX20020025;0.3625;1;1;0;0;1;0;0;1;0;0;0;0
15;TRUE;2;02700XXXX07502525;0.34875;1;1;0;1;1;0;1;1;0;0;0;0;3;02700XXXX05020000;0.4225;1;1;0;0;1;0;0;1;0;0;0;0
15;TRUE;2;05242XXXX05020025;0.73625;1;1;0;1;1;0;1;1;0;0;0;0;3;00242XXXX07517525;0.62;1;1;0;0;1;0;0;1;0;0;0;0
15;TRUE;2;05212XXXX20020025;0.3625;1;1;0;0;1;0;0;1;0;0;0;0;3;00212XXXX20022525;0.6575;1;1;0;0;1;1;0;1;1;0;0;0
15;FALSE;3;02700XXXX05020000;0.4225;1;1;0;0;1;0;0;1;0;0;0;0;4;02700XXXX05020000;0.4225;1;1;0;0;1;0;0;1;0;0;0;0
15;FALSE;3;05242XXXX05020025;0.73625;1;1;0;1;1;0;1;1;0;0;0;0;4;05242XXXX05020025;0.73625;1;1;0;1;1;0;1;1;0;0;0;0
15;TRUE;3;05212XXXX20020025;0.3625;1;1;0;0;1;0;0;1;0;0;0;0;4;00212XXXX20022525;0.6575;1;1;0;0;1;1;0;1;1;0;0;0
15;FALSE;3;17740XXXX15022525;0.375;3;3;0;1;2;2;1;2;2;0;0;0;4;17740XXXX15022525;0.375;3;3;0;1;2;2;1;2;2;0;0;0
15;TRUE;3;05242XXXX05020025;0.73625;1;1;0;1;1;0;1;1;0;0;0;0;4;00242XXXX07517525;0.62;1;1;0;0;1;0;0;1;0;0;0;0
15;TRUE;3;00212XXXX20022525;0.6575;1;1;0;0;1;1;0;1;1;0;0;0;4;00212XXXX20022500;0.56125;1;1;0;0;1;1;0;1;1;0;0;0
15;TRUE;3;17740XXXX15022525;0.375;3;3;0;1;2;2;1;2;2;0;0;0;4;17740XXXX17522525;0.38666667;3;3;0;0;2;2;0;2;2;0;0;0
15;TRUE;3;00212XXXX20022525;0.6575;1;1;0;0;1;1;0;1;1;0;0;0;4;00212XXXX17520000;0.55875;1;1;0;0;1;1;0;1;1;0;0;0
15;FALSE;4;00212XXXX20022525;0.6575;1;1;0;0;1;1;0;1;1;0;0;0;5;00212XXXX20022525;0.6575;1;1;0;0;1;1;0;1;1;0;0;0
15;FALSE;4;17740XXXX15022525;0.375;3;3;0;1;2;2;1;2;2;0;0;0;5;17740XXXX15022525;0.375;3;3;0;1;2;2;1;2;2;0;0;0
15;TRUE;4;00212XXXX20022525;0.6575;1;1;0;0;1;1;0;1;1;0;0;0;5;00212XXXX17520000;0.55875;1;1;0;0;1;1;0;1;1;0;0;0
15;TRUE;4;00212XXXX20022525;0.6575;1;1;0;0;1;1;0;1;1;0;0;0;5;00212XXXX20022500;0.56125;1;1;0;0;1;1;0;1;1;0;0;0
15;TRUE;4;17740XXXX15022525;0.375;3;3;0;1;2;2;1;2;2;0;0;0;5;17740XXXX17522525;0.38666667;3;3;0;0;2;2;0;2;2;0;0;0
15;TRUE;4;17740XXXX15022525;0.375;3;3;0;1;2;2;1;2;2;0;0;0;5;17740XXXX15022525;0.375;3;3;0;1;2;2;1;2;2;0;0;0
15;TRUE;4;00212XXXX17520000;0.55875;1;1;0;0;1;1;0;1;1;0;0;0;5;00212XXXX20017500;0.36125;1;1;0;0;0;1;0;0;1;0;0;0
15;TRUE;4;17740XXXX15022525;0.375;3;3;0;1;2;2;1;2;2;0;0;0;5;17740XXXX17522525;0.38666667;3;3;0;0;2;2;0;2;2;0;0;0
15;TRUE;4;00212XXXX17520000;0.55875;1;1;0;0;1;1;0;1;1;0;0;0;5;00212XXXX17517500;0.36125;1;1;0;0;0;1;0;0;1;0;0;0
16;FALSE;1;15242XXXX00005075;0.53888889;1;1;0;1;1;0;1;1;0;0;0;0;1;15242XXXX00005075;0.53888889;1;1;0;1;1;0;1;1;0;0;0;0
16;FALSE;1;12740XXXX20015050;0.47333333;1;1;0;1;1;0;1;1;0;0;0;0;1;12740XXXX20015050;0.47333333;1;1;0;1;1;0;1;1;0;0;0;0
16;FALSE;1;00240XXXX02520050;0.35333333;1;1;0;1;1;0;1;1;0;0;0;0;1;00240XXXX02520050;0.35333333;1;1;0;1;1;0;1;1;0;0;0;0
16;FALSE;1;05240XXXX07520025;0.44888889;1;1;0;1;1;0;1;1;0;0;0;0;1;05240XXXX07520025;0.44888889;1;1;0;1;1;0;1;1;0;0;0;0
16;FALSE;1;17740XXXX05020025;0.39894737;2;2;0;1;2;0;1;2;0;0;0;0;1;17740XXXX05020025;0.39894737;2;2;0;1;2;0;1;2;0;0;0;0
16;FALSE;1;05240XXXX07520025;0.44888889;1;1;0;1;1;0;1;1;0;0;0;0;2;05240XXXX07520025;0.44888889;1;1;0;1;1;0;1;1;0;0;0;0
16;FALSE;1;12740XXXX20015050;0.47333333;1;1;0;1;1;0;1;1;0;0;0;0;2;12740XXXX20015050;0.47333333;1;1;0;1;1;0;1;1;0;0;0;0
16;FALSE;1;15242XXXX00005075;0.53888889;1;1;0;1;1;0;1;1;0;0;0;0;2;15242XXXX00005075;0.53888889;1;1;0;1;1;0;1;1;0;0;0;0
16;FALSE;1;00240XXXX02520050;0.35333333;1;1;0;1;1;0;1;1;0;0;0;0;2;00240XXXX02520050;0.35333333;1;1;0;1;1;0;1;1;0;0;0;0
16;FALSE;1;17740XXXX05020025;0.39894737;2;2;0;1;2;0;1;2;0;0;0;0;2;17740XXXX05020025;0.39894737;2;2;0;1;2;0;1;2;0;0;0;0
16;TRUE;1;05240XXXX07520025;0.44888889;1;1;0;1;1;0;1;1;0;0;0;0;2;07740XXXX05020050;0.48333333;1;1;0;0;1;0;0;1;0;0;0;0
16;TRUE;1;12740XXXX20015050;0.47333333;1;1;0;1;1;0;1;1;0;0;0;0;2;07740XXXX20017575;0.47666667;1;1;0;0;1;0;0;1;0;0;0;0
16;TRUE;1;15242XXXX00005075;0.53888889;1;1;0;1;1;0;1;1;0;0;0;0;2;15242XXXX00010075;0.39111111;1;1;0;0;1;0;0;1;0;0;0;0
16;TRUE;2;15242XXXX00005075;0.53888889;1;1;0;1;1;0;1;1;0;0;0;0;3;15242XXXX00010075;0.39111111;1;1;0;0;1;0;0;1;0;0;0;0
16;TRUE;2;12740XXXX20015050;0.47333333;1;1;0;1;1;0;1;1;0;0;0;0;3;07740XXXX20017575;0.47666667;1;1;0;0;1;0;0;1;0;0;0;0
16;TRUE;2;05240XXXX07520025;0.44888889;1;1;0;1;1;0;1;1;0;0;0;0;3;07740XXXX05020050;0.48333333;1;1;0;0;1;0;0;1;0;0;0;0
16;FALSE;2;12740XXXX20015050;0.47333333;1;1;0;1;1;0;1;1;0;0;0;0;3;12740XXXX20015050;0.47333333;1;1;0;1;1;0;1;1;0;0;0;0
16;FALSE;2;05240XXXX07520025;0.44888889;1;1;0;1;1;0;1;1;0;0;0;0;3;05240XXXX07520025;0.44888889;1;1;0;1;1;0;1;1;0;0;0;0
16;TRUE;2;07740XXXX20017575;0.47666667;1;1;0;0;1;0;0;1;0;0;0;0;3;07740XXXX15020050;0.49444444;2;2;0;0;2;1;0;2;1;0;0;0
16;TRUE;2;12740XXXX20015050;0.47333333;1;1;0;1;1;0;1;1;0;0;0;0;3;07740XXXX12522550;0.38555556;4;4;0;0;3;4;0;3;4;0;0;0
16;TRUE;2;07740XXXX05020050;0.48333333;1;1;0;0;1;0;0;1;0;0;0;0;3;07742XXXX02520050;0.43111111;1;1;0;0;1;0;0;1;0;0;0;0
16;TRUE;2;07740XXXX20017575;0.47666667;1;1;0;0;1;0;0;1;0;0;0;0;3;07740XXXX15017575;0.57888889;1;1;0;0;1;1;0;1;1;0;0;0
16;TRUE;3;07740XXXX20017575;0.47666667;1;1;0;0;1;0;0;1;0;0;0;0;4;07740XXXX15017575;0.57888889;1;1;0;0;1;1;0;1;1;0;0;0
16;TRUE;3;12740XXXX20015050;0.47333333;1;1;0;1;1;0;1;1;0;0;0;0;4;07740XXXX12522550;0.38555556;4;4;0;0;3;4;0;3;4;0;0;0
16;TRUE;3;07740XXXX20017575;0.47666667;1;1;0;0;1;0;0;1;0;0;0;0;4;07740XXXX15020050;0.49444444;2;2;0;0;2;1;0;2;1;0;0;0
16;TRUE;3;07740XXXX05020050;0.48333333;1;1;0;0;1;0;0;1;0;0;0;0;4;07742XXXX02520050;0.43111111;1;1;0;0;1;0;0;1;0;0;0;0
16;TRUE;3;05240XXXX07520025;0.44888889;1;1;0;1;1;0;1;1;0;0;0;0;4;07740XXXX05020050;0.48333333;1;1;0;0;1;0;0;1;0;0;0;0
16;TRUE;3;07740XXXX15017575;0.57888889;1;1;0;0;1;1;0;1;1;0;0;0;4;05240XXXX15022550;0.33222222;2;2;0;0;1;2;0;1;2;0;0;0
16;TRUE;3;07740XXXX12522550;0.38555556;4;4;0;0;3;4;0;3;4;0;0;0;4;07740XXXX07522525;0.56;1;1;0;0;1;1;0;1;1;0;0;0
16;TRUE;3;07740XXXX12522550;0.38555556;4;4;0;0;3;4;0;3;4;0;0;0;4;12740XXXX12520025;0.56666667;1;1;0;0;1;1;0;1;1;0;0;0
16;FALSE;4;07740XXXX12522550;0.38555556;4;4;0;0;3;4;0;3;4;0;0;0;5;07740XXXX12522550;0.38555556;4;4;0;0;3;4;0;3;4;0;0;0
16;TRUE;4;07740XXXX15017575;0.57888889;1;1;0;0;1;1;0;1;1;0;0;0;5;05240XXXX15022550;0.33222222;2;2;0;0;1;2;0;1;2;0;0;0
16;TRUE;4;07740XXXX12522550;0.38555556;4;4;0;0;3;4;0;3;4;0;0;0;5;07740XXXX07522525;0.56;1;1;0;0;1;1;0;1;1;0;0;0
16;TRUE;4;07740XXXX12522550;0.38555556;4;4;0;0;3;4;0;3;4;0;0;0;5;12740XXXX12520025;0.56666667;1;1;0;0;1;1;0;1;1;0;0;0
16;FALSE;4;07740XXXX15017575;0.57888889;1;1;0;0;1;1;0;1;1;0;0;0;5;07740XXXX15017575;0.57888889;1;1;0;0;1;1;0;1;1;0;0;0
16;TRUE;4;07740XXXX12522550;0.38555556;4;4;0;0;3;4;0;3;4;0;0;0;5;05240XXXX15022550;0.33222222;2;2;0;0;1;2;0;1;2;0;0;0
16;TRUE;4;07740XXXX07522525;0.56;1;1;0;0;1;1;0;1;1;0;0;0;5;05240XXXX07522550;0.59888889;1;1;0;0;0;1;0;0;1;0;0;0
16;TRUE;4;07740XXXX12522550;0.38555556;4;4;0;0;3;4;0;3;4;0;0;0;5;07740XXXX12522550;0.38555556;4;4;0;0;3;4;0;3;4;0;0;0
16;TRUE;4;07740XXXX07522525;0.56;1;1;0;0;1;1;0;1;1;0;0;0;5;10240XXXX07520025;0.55333333;1;1;0;0;0;1;0;0;1;0;0;0
17;FALSE;1;10250XX0200012500;0.47714286;1;1;0;1;1;0;1;1;0;0;0;0;1;10250XX0200012500;0.47714286;1;1;0;1;1;0;1;1;0;0;0;0
17;FALSE;1;00250XX0215017550;0.55047619;1;1;0;1;1;0;1;1;0;0;0;0;1;00250XX0215017550;0.55047619;1;1;0;1;1;0;1;1;0;0;0;0
17;FALSE;1;02740XXXX20022525;0.33904762;1;1;0;1;1;0;1;1;0;0;0;0;1;02740XXXX20022525;0.33904762;1;1;0;1;1;0;1;1;0;0;0;0
17;FALSE;1;12750XX0207515050;0.41428571;1;1;0;1;1;0;1;1;0;0;0;0;1;12750XX0207515050;0.41428571;1;1;0;1;1;0;1;1;0;0;0;0
17;FALSE;1;07740XXXX12520025;0.3247619;1;1;0;1;1;0;1;1;0;0;0;0;1;07740XXXX12520025;0.3247619;1;1;0;1;1;0;1;1;0;0;0;0
17;FALSE;1;00250XX0215017550;0.55047619;1;1;0;1;1;0;1;1;0;0;0;0;2;00250XX0215017550;0.55047619;1;1;0;1;1;0;1;1;0;0;0;0
17;FALSE;1;10250XX0200012500;0.47714286;1;1;0;1;1;0;1;1;0;0;0;0;2;10250XX0200012500;0.47714286;1;1;0;1;1;0;1;1;0;0;0;0
17;FALSE;1;07740XXXX12520025;0.3247619;1;1;0;1;1;0;1;1;0;0;0;0;2;07740XXXX12520025;0.3247619;1;1;0;1;1;0;1;1;0;0;0;0
17;FALSE;1;12750XX0207515050;0.41428571;1;1;0;1;1;0;1;1;0;0;0;0;2;12750XX0207515050;0.41428571;1;1;0;1;1;0;1;1;0;0;0;0
17;FALSE;1;02740XXXX20022525;0.33904762;1;1;0;1;1;0;1;1;0;0;0;0;2;02740XXXX20022525;0.33904762;1;1;0;1;1;0;1;1;0;0;0;0
17;TRUE;1;00250XX0215017550;0.55047619;1;1;0;1;1;0;1;1;0;0;0;0;2;05240XXXX10020050;0.39;2;2;0;0;2;0;0;2;0;0;0;0
17;TRUE;1;10250XX0200012500;0.47714286;1;1;0;1;1;0;1;1;0;0;0;0;2;10210XXXX00022525;0.54;1;1;0;0;1;0;0;1;0;0;0;0
17;TRUE;1;00250XX0215017550;0.55047619;1;1;0;1;1;0;1;1;0;0;0;0;2;02710XXXX17522550;0.31809524;1;1;0;0;1;0;0;1;0;0;0;0
17;TRUE;2;10250XX0200012500;0.47714286;1;1;0;1;1;0;1;1;0;0;0;0;3;10210XXXX00022525;0.54;1;1;0;0;1;0;0;1;0;0;0;0
17;FALSE;2;07740XXXX12520025;0.3247619;1;1;0;1;1;0;1;1;0;0;0;0;3;07740XXXX12520025;0.3247619;1;1;0;1;1;0;1;1;0;0;0;0
17;FALSE;2;10250XX0200012500;0.47714286;1;1;0;1;1;0;1;1;0;0;0;0;3;10250XX0200012500;0.47714286;1;1;0;1;1;0;1;1;0;0;0;0
17;TRUE;2;00250XX0215017550;0.55047619;1;1;0;1;1;0;1;1;0;0;0;0;3;05240XXXX10020050;0.39;2;2;0;0;2;0;0;2;0;0;0;0
17;TRUE;2;00250XX0215017550;0.55047619;1;1;0;1;1;0;1;1;0;0;0;0;3;02710XXXX17522550;0.31809524;1;1;0;0;1;0;0;1;0;0;0;0
17;TRUE;2;07740XXXX12520025;0.3247619;1;1;0;1;1;0;1;1;0;0;0;0;3;15240XXXX12517525;0.74380952;1;1;0;0;1;0;0;1;0;0;0;0
17;TRUE;2;07740XXXX12520025;0.3247619;1;1;0;1;1;0;1;1;0;0;0;0;3;10240XXXX17520050;0.59619048;1;1;0;0;1;0;0;1;0;0;0;0
17;TRUE;2;07740XXXX12520025;0.3247619;1;1;0;1;1;0;1;1;0;0;0;0;3;10240XXXX22520025;0.4;2;2;0;1;2;0;1;2;0;0;0;0
17;TRUE;2;07740XXXX12520025;0.3247619;1;1;0;1;1;0;1;1;0;0;0;0;3;10240XXXX10020000;0.42952381;1;1;0;0;1;0;0;1;0;0;0;0
17;TRUE;3;07740XXXX12520025;0.3247619;1;1;0;1;1;0;1;1;0;0;0;0;4;10240XXXX22520025;0.4;2;2;0;1;2;0;1;2;0;0;0;0
17;TRUE;3;07740XXXX12520025;0.3247619;1;1;0;1;1;0;1;1;0;0;0;0;4;10240XXXX17520050;0.59619048;1;1;0;0;1;0;0;1;0;0;0;0
17;FALSE;3;07740XXXX12520025;0.3247619;1;1;0;1;1;0;1;1;0;0;0;0;4;07740XXXX12520025;0.3247619;1;1;0;1;1;0;1;1;0;0;0;0
17;TRUE;3;07740XXXX12520025;0.3247619;1;1;0;1;1;0;1;1;0;0;0;0;4;15240XXXX12517525;0.74380952;1;1;0;0;1;0;0;1;0;0;0;0
17;TRUE;3;07740XXXX12520025;0.3247619;1;1;0;1;1;0;1;1;0;0;0;0;4;10240XXXX10020000;0.42952381;1;1;0;0;1;0;0;1;0;0;0;0
17;TRUE;3;10240XXXX22520025;0.4;2;2;0;1;2;0;1;2;0;0;0;0;4;07740XXXX20022525;0.40952381;6;6;0;0;5;5;0;5;5;0;0;0
17;TRUE;3;10240XXXX17520050;0.59619048;1;1;0;0;1;0;0;1;0;0;0;0;4;10240XXXX12522525;0.44761905;1;1;0;0;1;0;0;1;0;0;0;0
17;TRUE;3;10240XXXX17520050;0.59619048;1;1;0;0;1;0;0;1;0;0;0;0;4;10240XXXX17522550;0.5047619;1;1;0;0;1;0;0;1;0;0;0;0
17;TRUE;3;10240XXXX17520050;0.59619048;1;1;0;0;1;0;0;1;0;0;0;0;4;12740XXXX22522525;0.60190476;1;1;0;0;1;0;0;1;0;0;0;0
17;TRUE;3;10240XXXX22520025;0.4;2;2;0;1;2;0;1;2;0;0;0;0;4;07740XXXX20017525;0.76095238;1;1;0;0;1;0;0;1;0;0;0;0
17;TRUE;4;10240XXXX17520050;0.59619048;1;1;0;0;1;0;0;1;0;0;0;0;5;10240XXXX12522525;0.44761905;1;1;0;0;1;0;0;1;0;0;0;0
17;TRUE;4;10240XXXX22520025;0.4;2;2;0;1;2;0;1;2;0;0;0;0;5;07740XXXX20022525;0.40952381;6;6;0;0;5;5;0;5;5;0;0;0
17;TRUE;4;10240XXXX17520050;0.59619048;1;1;0;0;1;0;0;1;0;0;0;0;5;10240XXXX17522550;0.5047619;1;1;0;0;1;0;0;1;0;0;0;0
17;TRUE;4;10240XXXX22520025;0.4;2;2;0;1;2;0;1;2;0;0;0;0;5;07740XXXX20017525;0.76095238;1;1;0;0;1;0;0;1;0;0;0;0
17;TRUE;4;10240XXXX17520050;0.59619048;1;1;0;0;1;0;0;1;0;0;0;0;5;12740XXXX22522525;0.60190476;1;1;0;0;1;0;0;1;0;0;0;0
17;TRUE;4;07740XXXX20022525;0.40952381;6;6;0;0;5;5;0;5;5;0;0;0;5;07740XXXX22522525;0.28;3;3;0;0;3;3;0;3;3;0;0;0
17;TRUE;4;07740XXXX20022525;0.40952381;6;6;0;0;5;5;0;5;5;0;0;0;5;07740XXXX20022525;0.40952381;6;6;0;0;5;5;0;5;5;0;0;0
17;TRUE;4;07740XXXX20022525;0.40952381;6;6;0;0;5;5;0;5;5;0;0;0;5;07740XXXX20022525;0.40952381;6;6;0;0;5;5;0;5;5;0;0;0
17;TRUE;4;07740XXXX20022525;0.40952381;6;6;0;0;5;5;0;5;5;0;0;0;5;07740XXXX17522525;0.35428571;1;1;0;0;1;1;0;1;1;0;0;0
17;TRUE;5;07740XXXX20022525;0.40952381;6;6;0;0;5;5;0;5;5;0;0;0;6;07740XXXX22522525;0.28;3;3;0;0;3;3;0;3;3;0;0;0
17;TRUE;5;07740XXXX20022525;0.40952381;6;6;0;0;5;5;0;5;5;0;0;0;6;07740XXXX17522525;0.35428571;1;1;0;0;1;1;0;1;1;0;0;0
17;TRUE;5;07740XXXX20022525;0.40952381;6;6;0;0;5;5;0;5;5;0;0;0;6;07740XXXX20022525;0.40952381;6;6;0;0;5;5;0;5;5;0;0;0
17;TRUE;5;07740XXXX20022525;0.40952381;6;6;0;0;5;5;0;5;5;0;0;0;6;07740XXXX20022525;0.40952381;6;6;0;0;5;5;0;5;5;0;0;0
17;FALSE;5;07740XXXX20022525;0.40952381;6;6;0;0;5;5;0;5;5;0;0;0;6;07740XXXX20022525;0.40952381;6;6;0;0;5;5;0;5;5;0;0;0
17;TRUE;5;07740XXXX20022525;0.40952381;6;6;0;0;5;5;0;5;5;0;0;0;6;07740XXXX20022525;0.40952381;6;6;0;0;5;5;0;5;5;0;0;0
18;FALSE;1;15210XXXX12522525;0.73684211;1;1;0;1;1;0;1;1;0;0;0;0;1;15210XXXX12522525;0.73684211;1;1;0;1;1;0;1;1;0;0;0;0
18;FALSE;1;15242XXXX07515075;0.44842105;1;1;0;1;1;0;1;1;0;0;0;0;1;15242XXXX07515075;0.44842105;1;1;0;1;1;0;1;1;0;0;0;0
18;FALSE;1;15240XXXX05022550;0.45578947;1;1;0;1;1;0;1;1;0;0;0;0;1;15240XXXX05022550;0.45578947;1;1;0;1;1;0;1;1;0;0;0;0
18;FALSE;1;10240XXXX05022525;0.32421053;4;4;0;1;4;3;1;4;3;0;0;0;1;10240XXXX05022525;0.32421053;4;4;0;1;4;3;1;4;3;0;0;0
18;FALSE;1;02700XXXX12520050;0.69473684;1;1;0;1;1;0;1;1;0;0;0;0;1;02700XXXX12520050;0.69473684;1;1;0;1;1;0;1;1;0;0;0;0
18;FALSE;1;10240XXXX05022525;0.32421053;4;4;0;1;4;3;1;4;3;0;0;0;2;10240XXXX05022525;0.32421053;4;4;0;1;4;3;1;4;3;0;0;0
18;FALSE;1;15240XXXX05022550;0.45578947;1;1;0;1;1;0;1;1;0;0;0;0;2;15240XXXX05022550;0.45578947;1;1;0;1;1;0;1;1;0;0;0;0
18;FALSE;1;02700XXXX12520050;0.69473684;1;1;0;1;1;0;1;1;0;0;0;0;2;02700XXXX12520050;0.69473684;1;1;0;1;1;0;1;1;0;0;0;0
18;FALSE;1;15210XXXX12522525;0.73684211;1;1;0;1;1;0;1;1;0;0;0;0;2;15210XXXX12522525;0.73684211;1;1;0;1;1;0;1;1;0;0;0;0
18;FALSE;1;15242XXXX07515075;0.44842105;1;1;0;1;1;0;1;1;0;0;0;0;2;15242XXXX07515075;0.44842105;1;1;0;1;1;0;1;1;0;0;0;0
18;TRUE;1;15240XXXX05022550;0.45578947;1;1;0;1;1;0;1;1;0;0;0;0;2;15240XXXX12522525;0.51368421;1;1;0;0;1;0;0;1;0;0;0;0
18;TRUE;1;15240XXXX05022550;0.45578947;1;1;0;1;1;0;1;1;0;0;0;0;2;17740XXXX05020025;0.39894737;2;2;0;1;2;0;1;2;0;0;0;0
18;TRUE;1;15240XXXX05022550;0.45578947;1;1;0;1;1;0;1;1;0;0;0;0;2;15240XXXX17520025;0.62421053;1;1;0;0;1;0;0;1;0;0;0;0
18;TRUE;2;15240XXXX05022550;0.45578947;1;1;0;1;1;0;1;1;0;0;0;0;3;15240XXXX12522525;0.51368421;1;1;0;0;1;0;0;1;0;0;0;0
18;FALSE;2;10240XXXX05022525;0.32421053;4;4;0;1;4;3;1;4;3;0;0;0;3;10240XXXX05022525;0.32421053;4;4;0;1;4;3;1;4;3;0;0;0
18;TRUE;2;15240XXXX05022550;0.45578947;1;1;0;1;1;0;1;1;0;0;0;0;3;15240XXXX17520025;0.62421053;1;1;0;0;1;0;0;1;0;0;0;0
18;FALSE;2;02700XXXX12520050;0.69473684;1;1;0;1;1;0;1;1;0;0;0;0;3;02700XXXX12520050;0.69473684;1;1;0;1;1;0;1;1;0;0;0;0
18;TRUE;2;15240XXXX05022550;0.45578947;1;1;0;1;1;0;1;1;0;0;0;0;3;17740XXXX05020025;0.39894737;2;2;0;1;2;0;1;2;0;0;0;0
18;TRUE;2;15240XXXX12522525;0.51368421;1;1;0;0;1;0;0;1;0;0;0;0;3;17740XXXX12522525;0.74736842;1;1;0;0;1;0;0;1;0;0;0;0
18;TRUE;2;10240XXXX05022525;0.32421053;4;4;0;1;4;3;1;4;3;0;0;0;3;10240XXXX00022500;0.67578947;1;1;0;0;1;0;0;1;0;0;0;0
18;FALSE;3;15240XXXX12522525;0.51368421;1;1;0;0;1;0;0;1;0;0;0;0;4;15240XXXX12522525;0.51368421;1;1;0;0;1;0;0;1;0;0;0;0
18;TRUE;3;10240XXXX05022525;0.32421053;4;4;0;1;4;3;1;4;3;0;0;0;4;10240XXXX00022500;0.67578947;1;1;0;0;1;0;0;1;0;0;0;0
18;TRUE;3;15240XXXX12522525;0.51368421;1;1;0;0;1;0;0;1;0;0;0;0;4;17740XXXX12522525;0.74736842;1;1;0;0;1;0;0;1;0;0;0;0
18;FALSE;3;10240XXXX05022525;0.32421053;4;4;0;1;4;3;1;4;3;0;0;0;4;10240XXXX05022525;0.32421053;4;4;0;1;4;3;1;4;3;0;0;0
18;FALSE;3;15240XXXX17520025;0.62421053;1;1;0;0;1;0;0;1;0;0;0;0;4;15240XXXX17520025;0.62421053;1;1;0;0;1;0;0;1;0;0;0;0
18;TRUE;3;15240XXXX12522525;0.51368421;1;1;0;0;1;0;0;1;0;0;0;0;4;17740XXXX17520050;0.47157895;1;1;0;0;1;0;0;1;0;0;0;0
18;TRUE;3;15240XXXX12522525;0.51368421;1;1;0;0;1;0;0;1;0;0;0;0;4;15240XXXX07522550;0.44736842;1;1;0;0;1;0;0;1;0;0;0;0
18;TRUE;3;17740XXXX12522525;0.74736842;1;1;0;0;1;0;0;1;0;0;0;0;4;17740XXXX15022525;0.375;3;3;0;1;2;2;1;2;2;0;0;0
18;FALSE;4;15240XXXX12522525;0.51368421;1;1;0;0;1;0;0;1;0;0;0;0;5;15240XXXX12522525;0.51368421;1;1;0;0;1;0;0;1;0;0;0;0
18;TRUE;4;15240XXXX12522525;0.51368421;1;1;0;0;1;0;0;1;0;0;0;0;5;15240XXXX07522550;0.44736842;1;1;0;0;1;0;0;1;0;0;0;0
18;FALSE;4;10240XXXX05022525;0.32421053;4;4;0;1;4;3;1;4;3;0;0;0;5;10240XXXX05022525;0.32421053;4;4;0;1;4;3;1;4;3;0;0;0
18;TRUE;4;15240XXXX12522525;0.51368421;1;1;0;0;1;0;0;1;0;0;0;0;5;17740XXXX17520050;0.47157895;1;1;0;0;1;0;0;1;0;0;0;0
18;TRUE;4;17740XXXX12522525;0.74736842;1;1;0;0;1;0;0;1;0;0;0;0;5;17740XXXX15022525;0.375;3;3;0;1;2;2;1;2;2;0;0;0
18;TRUE;4;10240XXXX05022525;0.32421053;4;4;0;1;4;3;1;4;3;0;0;0;5;10240XXXX05022525;0.32421053;4;4;0;1;4;3;1;4;3;0;0;0
18;TRUE;4;15240XXXX12522525;0.51368421;1;1;0;0;1;0;0;1;0;0;0;0;5;17740XXXX15022550;0.47166667;2;2;0;0;2;2;0;2;2;0;0;0
18;TRUE;4;17740XXXX17520050;0.47157895;1;1;0;0;1;0;0;1;0;0;0;0;5;15240XXXX17522550;0.39789474;1;1;0;0;1;1;0;1;1;0;0;0
18;TRUE;4;10240XXXX05022525;0.32421053;4;4;0;1;4;3;1;4;3;0;0;0;5;10240XXXX05022525;0.32421053;4;4;0;1;4;3;1;4;3;0;0;0
18;TRUE;4;10240XXXX05022525;0.32421053;4;4;0;1;4;3;1;4;3;0;0;0;5;10240XXXX05022525;0.32421053;4;4;0;1;4;3;1;4;3;0;0;0
18;TRUE;5;10240XXXX05022525;0.32421053;4;4;0;1;4;3;1;4;3;0;0;0;6;10240XXXX05022525;0.32421053;4;4;0;1;4;3;1;4;3;0;0;0
18;TRUE;5;10240XXXX05022525;0.32421053;4;4;0;1;4;3;1;4;3;0;0;0;6;10240XXXX05022525;0.32421053;4;4;0;1;4;3;1;4;3;0;0;0
18;TRUE;5;10240XXXX05022525;0.32421053;4;4;0;1;4;3;1;4;3;0;0;0;6;10240XXXX05022525;0.32421053;4;4;0;1;4;3;1;4;3;0;0;0
18;TRUE;5;15240XXXX12522525;0.51368421;1;1;0;0;1;0;0;1;0;0;0;0;6;17740XXXX15022550;0.47166667;2;2;0;0;2;2;0;2;2;0;0;0
18;TRUE;5;17740XXXX17520050;0.47157895;1;1;0;0;1;0;0;1;0;0;0;0;6;15240XXXX17522550;0.39789474;1;1;0;0;1;1;0;1;1;0;0;0
18;TRUE;5;10240XXXX05022525;0.32421053;4;4;0;1;4;3;1;4;3;0;0;0;6;07740XXXX00022525;0.42526316;1;1;0;0;0;1;0;0;1;0;0;0
18;TRUE;5;10240XXXX05022525;0.32421053;4;4;0;1;4;3;1;4;3;0;0;0;6;07740XXXX05022550;0.50736842;1;1;0;0;0;1;0;0;1;0;0;0
19;FALSE;1;12700XXXX20007525;0.57;1;1;0;1;1;0;1;1;0;0;0;0;1;12700XXXX20007525;0.57;1;1;0;1;1;0;1;1;0;0;0;0
19;FALSE;1;00221XXXX17522550;0.49;1;1;0;1;1;0;1;1;0;0;0;0;1;00221XXXX17522550;0.49;1;1;0;1;1;0;1;1;0;0;0;0
19;FALSE;1;02701XXXX15012525;0.57555556;1;1;0;1;1;0;1;1;0;0;0;0;1;02701XXXX15012525;0.57555556;1;1;0;1;1;0;1;1;0;0;0;0
19;FALSE;1;10200XXXX10020000;0.44111111;1;1;0;1;1;0;1;1;0;0;0;0;1;10200XXXX10020000;0.44111111;1;1;0;1;1;0;1;1;0;0;0;0
19;FALSE;1;02750XX0205015050;0.43;1;1;0;1;1;0;1;1;0;0;0;0;1;02750XX0205015050;0.43;1;1;0;1;1;0;1;1;0;0;0;0
19;FALSE;1;10200XXXX10020000;0.44111111;1;1;0;1;1;0;1;1;0;0;0;0;2;10200XXXX10020000;0.44111111;1;1;0;1;1;0;1;1;0;0;0;0
19;FALSE;1;02750XX0205015050;0.43;1;1;0;1;1;0;1;1;0;0;0;0;2;02750XX0205015050;0.43;1;1;0;1;1;0;1;1;0;0;0;0
19;FALSE;1;12700XXXX20007525;0.57;1;1;0;1;1;0;1;1;0;0;0;0;2;12700XXXX20007525;0.57;1;1;0;1;1;0;1;1;0;0;0;0
19;FALSE;1;00221XXXX17522550;0.49;1;1;0;1;1;0;1;1;0;0;0;0;2;00221XXXX17522550;0.49;1;1;0;1;1;0;1;1;0;0;0;0
19;FALSE;1;02701XXXX15012525;0.57555556;1;1;0;1;1;0;1;1;0;0;0;0;2;02701XXXX15012525;0.57555556;1;1;0;1;1;0;1;1;0;0;0;0
19;TRUE;1;10200XXXX10020000;0.44111111;1;1;0;1;1;0;1;1;0;0;0;0;2;12700XXXX00020025;0.47777778;1;1;0;0;1;0;0;1;0;0;0;0
19;TRUE;1;00221XXXX17522550;0.49;1;1;0;1;1;0;1;1;0;0;0;0;2;00210XXXX22515000;0.40555556;1;1;0;0;1;0;0;1;0;0;0;0
19;TRUE;1;12700XXXX20007525;0.57;1;1;0;1;1;0;1;1;0;0;0;0;2;05200XXXX15015000;0.50666667;1;1;0;0;1;0;0;1;0;0;0;0
19;TRUE;1;10200XXXX10020000;0.44111111;1;1;0;1;1;0;1;1;0;0;0;0;2;15200XXXX17522525;0.44777778;1;1;0;0;1;1;0;1;1;0;0;0
19;TRUE;2;10200XXXX10020000;0.44111111;1;1;0;1;1;0;1;1;0;0;0;0;3;15200XXXX17522525;0.44777778;1;1;0;0;1;1;0;1;1;0;0;0
19;TRUE;2;12700XXXX20007525;0.57;1;1;0;1;1;0;1;1;0;0;0;0;3;05200XXXX15015000;0.50666667;1;1;0;0;1;0;0;1;0;0;0;0
19;TRUE;2;10200XXXX10020000;0.44111111;1;1;0;1;1;0;1;1;0;0;0;0;3;12700XXXX00020025;0.47777778;1;1;0;0;1;0;0;1;0;0;0;0
19;TRUE;2;00221XXXX17522550;0.49;1;1;0;1;1;0;1;1;0;0;0;0;3;00210XXXX22515000;0.40555556;1;1;0;0;1;0;0;1;0;0;0;0
19;FALSE;2;02701XXXX15012525;0.57555556;1;1;0;1;1;0;1;1;0;0;0;0;3;02701XXXX15012525;0.57555556;1;1;0;1;1;0;1;1;0;0;0;0
19;TRUE;2;15200XXXX17522525;0.44777778;1;1;0;0;1;1;0;1;1;0;0;0;3;15200XXXX20017500;0.54888889;1;1;0;0;1;0;0;1;0;0;0;0
19;TRUE;2;05200XXXX15015000;0.50666667;1;1;0;0;1;0;0;1;0;0;0;0;3;02700XXXX20012500;0.59888889;1;1;0;0;1;0;0;1;0;0;0;0
19;TRUE;2;15200XXXX17522525;0.44777778;1;1;0;0;1;1;0;1;1;0;0;0;3;17700XXXX15022525;0.42555556;2;2;0;0;2;1;0;2;1;0;0;0
19;FALSE;3;15200XXXX17522525;0.44777778;1;1;0;0;1;1;0;1;1;0;0;0;4;15200XXXX17522525;0.44777778;1;1;0;0;1;1;0;1;1;0;0;0
19;FALSE;3;00210XXXX22515000;0.40555556;1;1;0;0;1;0;0;1;0;0;0;0;4;00210XXXX22515000;0.40555556;1;1;0;0;1;0;0;1;0;0;0;0
19;TRUE;3;05200XXXX15015000;0.50666667;1;1;0;0;1;0;0;1;0;0;0;0;4;02700XXXX20012500;0.59888889;1;1;0;0;1;0;0;1;0;0;0;0
19;TRUE;3;15200XXXX17522525;0.44777778;1;1;0;0;1;1;0;1;1;0;0;0;4;15200XXXX20017500;0.54888889;1;1;0;0;1;0;0;1;0;0;0;0
19;TRUE;3;15200XXXX17522525;0.44777778;1;1;0;0;1;1;0;1;1;0;0;0;4;17700XXXX15022525;0.42555556;2;2;0;0;2;1;0;2;1;0;0;0
19;TRUE;3;15200XXXX17522525;0.44777778;1;1;0;0;1;1;0;1;1;0;0;0;4;15200XXXX17520050;0.56888889;1;1;0;0;1;0;0;1;0;0;0;0
19;TRUE;3;17700XXXX15022525;0.42555556;2;2;0;0;2;1;0;2;1;0;0;0;4;15200XXXX10022550;0.58222222;1;1;0;0;1;0;0;1;0;0;0;0
19;FALSE;4;15200XXXX17522525;0.44777778;1;1;0;0;1;1;0;1;1;0;0;0;5;15200XXXX17522525;0.44777778;1;1;0;0;1;1;0;1;1;0;0;0
19;FALSE;4;00210XXXX22515000;0.40555556;1;1;0;0;1;0;0;1;0;0;0;0;5;00210XXXX22515000;0.40555556;1;1;0;0;1;0;0;1;0;0;0;0
19;TRUE;4;15200XXXX17522525;0.44777778;1;1;0;0;1;1;0;1;1;0;0;0;5;15200XXXX17520050;0.56888889;1;1;0;0;1;0;0;1;0;0;0;0
19;FALSE;4;02700XXXX20012500;0.59888889;1;1;0;0;1;0;0;1;0;0;0;0;5;02700XXXX20012500;0.59888889;1;1;0;0;1;0;0;1;0;0;0;0
19;TRUE;4;17700XXXX15022525;0.42555556;2;2;0;0;2;1;0;2;1;0;0;0;5;15200XXXX10022550;0.58222222;1;1;0;0;1;0;0;1;0;0;0;0
19;TRUE;4;00210XXXX22515000;0.40555556;1;1;0;0;1;0;0;1;0;0;0;0;5;02710XXXX20017500;0.55;1;1;0;0;1;1;0;1;1;0;0;0
19;TRUE;4;15200XXXX17522525;0.44777778;1;1;0;0;1;1;0;1;1;0;0;0;5;17700XXXX15022525;0.42555556;2;2;0;0;2;1;0;2;1;0;0;0
19;TRUE;4;00210XXXX22515000;0.40555556;1;1;0;0;1;0;0;1;0;0;0;0;5;00210XXXX20017525;0.47333333;1;1;0;0;1;1;0;1;1;0;0;0
19;TRUE;4;02700XXXX20012500;0.59888889;1;1;0;0;1;0;0;1;0;0;0;0;5;02700XXXX17517500;0.42111111;1;1;0;0;1;1;0;1;1;0;0;0
19;FALSE;5;15200XXXX17522525;0.44777778;1;1;0;0;1;1;0;1;1;0;0;0;6;15200XXXX17522525;0.44777778;1;1;0;0;1;1;0;1;1;0;0;0
19;TRUE;5;00210XXXX22515000;0.40555556;1;1;0;0;1;0;0;1;0;0;0;0;6;00210XXXX20017525;0.47333333;1;1;0;0;1;1;0;1;1;0;0;0
19;TRUE;5;00210XXXX22515000;0.40555556;1;1;0;0;1;0;0;1;0;0;0;0;6;02710XXXX20017500;0.55;1;1;0;0;1;1;0;1;1;0;0;0
19;TRUE;5;02700XXXX20012500;0.59888889;1;1;0;0;1;0;0;1;0;0;0;0;6;02700XXXX17517500;0.42111111;1;1;0;0;1;1;0;1;1;0;0;0
19;TRUE;5;15200XXXX17522525;0.44777778;1;1;0;0;1;1;0;1;1;0;0;0;6;17700XXXX15022525;0.42555556;2;2;0;0;2;1;0;2;1;0;0;0
19;TRUE;5;00210XXXX20017525;0.47333333;1;1;0;0;1;1;0;1;1;0;0;0;6;00210XXXX20015025;0.36888889;1;1;0;0;0;1;0;0;1;0;0;0
20;FALSE;1;02721XXXX22522525;0.54380952;1;1;0;1;1;0;1;1;0;0;0;0;1;02721XXXX22522525;0.54380952;1;1;0;1;1;0;1;1;0;0;0;0
20;FALSE;1;05212XXXX17512550;0.44571429;1;1;0;1;1;0;1;1;0;0;0;0;1;05212XXXX17512550;0.44571429;1;1;0;1;1;0;1;1;0;0;0;0
20;FALSE;1;02751XX0202517550;0.54666667;1;1;0;1;1;0;1;1;0;0;0;0;1;02751XX0202517550;0.54666667;1;1;0;1;1;0;1;1;0;0;0;0
20;FALSE;1;15201XXXX12500050;0.34857143;1;1;0;1;1;0;1;1;0;0;0;0;1;15201XXXX12500050;0.34857143;1;1;0;1;1;0;1;1;0;0;0;0
20;FALSE;1;17712XXXX05022575;0.30380952;1;1;0;1;1;0;1;1;0;0;0;0;1;17712XXXX05022575;0.30380952;1;1;0;1;1;0;1;1;0;0;0;0
20;FALSE;1;05212XXXX17512550;0.44571429;1;1;0;1;1;0;1;1;0;0;0;0;2;05212XXXX17512550;0.44571429;1;1;0;1;1;0;1;1;0;0;0;0
20;FALSE;1;02721XXXX22522525;0.54380952;1;1;0;1;1;0;1;1;0;0;0;0;2;02721XXXX22522525;0.54380952;1;1;0;1;1;0;1;1;0;0;0;0
20;FALSE;1;17712XXXX05022575;0.30380952;1;1;0;1;1;0;1;1;0;0;0;0;2;17712XXXX05022575;0.30380952;1;1;0;1;1;0;1;1;0;0;0;0
20;FALSE;1;02751XX0202517550;0.54666667;1;1;0;1;1;0;1;1;0;0;0;0;2;02751XX0202517550;0.54666667;1;1;0;1;1;0;1;1;0;0;0;0
20;FALSE;1;15201XXXX12500050;0.34857143;1;1;0;1;1;0;1;1;0;0;0;0;2;15201XXXX12500050;0.34857143;1;1;0;1;1;0;1;1;0;0;0;0
20;TRUE;1;17712XXXX05022575;0.30380952;1;1;0;1;1;0;1;1;0;0;0;0;2;07710XXXX12520050;0.43333333;1;1;0;0;1;0;0;1;0;0;0;0
20;TRUE;1;17712XXXX05022575;0.30380952;1;1;0;1;1;0;1;1;0;0;0;0;2;17712XXXX02522550;0.50857143;1;1;0;0;1;0;0;1;0;0;0;0
20;TRUE;1;05212XXXX17512550;0.44571429;1;1;0;1;1;0;1;1;0;0;0;0;2;00211XXXX20020025;0.39238095;1;1;0;0;1;1;0;1;1;0;0;0
20;TRUE;1;17712XXXX05022575;0.30380952;1;1;0;1;1;0;1;1;0;0;0;0;2;17701XXXX15022550;0.45047619;1;1;0;0;1;0;0;1;0;0;0;0
20;TRUE;2;05212XXXX17512550;0.44571429;1;1;0;1;1;0;1;1;0;0;0;0;3;00211XXXX20020025;0.39238095;1;1;0;0;1;1;0;1;1;0;0;0
20;FALSE;2;05212XXXX17512550;0.44571429;1;1;0;1;1;0;1;1;0;0;0;0;3;05212XXXX17512550;0.44571429;1;1;0;1;1;0;1;1;0;0;0;0
20;TRUE;2;17712XXXX05022575;0.30380952;1;1;0;1;1;0;1;1;0;0;0;0;3;17712XXXX02522550;0.50857143;1;1;0;0;1;0;0;1;0;0;0;0
20;TRUE;2;17712XXXX05022575;0.30380952;1;1;0;1;1;0;1;1;0;0;0;0;3;07710XXXX12520050;0.43333333;1;1;0;0;1;0;0;1;0;0;0;0
20;TRUE;2;17712XXXX05022575;0.30380952;1;1;0;1;1;0;1;1;0;0;0;0;3;17701XXXX15022550;0.45047619;1;1;0;0;1;0;0;1;0;0;0;0
20;TRUE;2;07710XXXX12520050;0.43333333;1;1;0;0;1;0;0;1;0;0;0;0;3;07741XXXX15020050;0.60761905;1;1;0;0;1;0;0;1;0;0;0;0
20;TRUE;2;05212XXXX17512550;0.44571429;1;1;0;1;1;0;1;1;0;0;0;0;3;02711XXXX17512525;0.54380952;1;1;0;0;1;0;0;1;0;0;0;0
20;TRUE;2;00211XXXX20020025;0.39238095;1;1;0;0;1;1;0;1;1;0;0;0;3;02711XXXX22520025;0.67047619;1;1;0;0;1;0;0;1;0;0;0;0
20;TRUE;2;00211XXXX20020025;0.39238095;1;1;0;0;1;1;0;1;1;0;0;0;3;02711XXXX20012525;0.47714286;1;1;0;0;1;0;0;1;0;0;0;0
20;TRUE;3;05212XXXX17512550;0.44571429;1;1;0;1;1;0;1;1;0;0;0;0;4;00211XXXX20020025;0.39238095;1;1;0;0;1;1;0;1;1;0;0;0
20;TRUE;3;00211XXXX20020025;0.39238095;1;1;0;0;1;1;0;1;1;0;0;0;4;02711XXXX20012525;0.47714286;1;1;0;0;1;0;0;1;0;0;0;0
20;TRUE;3;07710XXXX12520050;0.43333333;1;1;0;0;1;0;0;1;0;0;0;0;4;07741XXXX15020050;0.60761905;1;1;0;0;1;0;0;1;0;0;0;0
20;TRUE;3;00211XXXX20020025;0.39238095;1;1;0;0;1;1;0;1;1;0;0;0;4;02711XXXX22520025;0.67047619;1;1;0;0;1;0;0;1;0;0;0;0
20;TRUE;3;05212XXXX17512550;0.44571429;1;1;0;1;1;0;1;1;0;0;0;0;4;02711XXXX17512525;0.54380952;1;1;0;0;1;0;0;1;0;0;0;0
20;TRUE;3;02711XXXX22520025;0.67047619;1;1;0;0;1;0;0;1;0;0;0;0;4;05211XXXX20022525;0.61619048;1;1;0;0;1;1;0;1;1;0;0;0
20;TRUE;3;00211XXXX20020025;0.39238095;1;1;0;0;1;1;0;1;1;0;0;0;4;02711XXXX17520025;0.40666667;2;2;0;0;1;2;0;1;2;0;0;0
20;TRUE;3;02711XXXX17512525;0.54380952;1;1;0;0;1;0;0;1;0;0;0;0;4;02711XXXX20022525;0.5552381;1;1;0;0;1;1;0;1;1;0;0;0
20;TRUE;3;00211XXXX20020025;0.39238095;1;1;0;0;1;1;0;1;1;0;0;0;4;02711XXXX22517525;0.60190476;1;1;0;0;1;1;0;1;1;0;0;0
20;TRUE;4;00211XXXX20020025;0.39238095;1;1;0;0;1;1;0;1;1;0;0;0;5;02711XXXX17520025;0.40666667;2;2;0;0;1;2;0;1;2;0;0;0
20;TRUE;4;02711XXXX17512525;0.54380952;1;1;0;0;1;0;0;1;0;0;0;0;5;02711XXXX20022525;0.5552381;1;1;0;0;1;1;0;1;1;0;0;0
20;FALSE;4;00211XXXX20020025;0.39238095;1;1;0;0;1;1;0;1;1;0;0;0;5;00211XXXX20020025;0.39238095;1;1;0;0;1;1;0;1;1;0;0;0
20;TRUE;4;00211XXXX20020025;0.39238095;1;1;0;0;1;1;0;1;1;0;0;0;5;02711XXXX22517525;0.60190476;1;1;0;0;1;1;0;1;1;0;0;0
20;TRUE;4;02711XXXX22520025;0.67047619;1;1;0;0;1;0;0;1;0;0;0;0;5;05211XXXX20022525;0.61619048;1;1;0;0;1;1;0;1;1;0;0;0
20;TRUE;4;00211XXXX20020025;0.39238095;1;1;0;0;1;1;0;1;1;0;0;0;5;00211XXXX17520025;0.38190476;1;1;0;0;0;1;0;0;1;0;0;0
20;TRUE;4;02711XXXX22517525;0.60190476;1;1;0;0;1;1;0;1;1;0;0;0;5;02711XXXX17520025;0.40666667;2;2;0;0;1;2;0;1;2;0;0;0
20;TRUE;4;02711XXXX20022525;0.5552381;1;1;0;0;1;1;0;1;1;0;0;0;5;00211XXXX22522525;0.79238095;1;1;0;0;0;1;0;0;1;0;0;0
20;TRUE;4;00211XXXX20020025;0.39238095;1;1;0;0;1;1;0;1;1;0;0;0;5;02711XXXX20020050;0.50666667;1;1;0;0;0;1;0;0;1;0;0;0
20;TRUE;4;00211XXXX20020025;0.39238095;1;1;0;0;1;1;0;1;1;0;0;0;5;02711XXXX22522525;0.42666667;1;1;0;0;0;1;0;0;1;0;0;0
